Cluster,Symbol,Name,Return,Std Dev
0,257720,실리콘투,210.58,85.12
0,445090,에이직랜드,211.48,105.52
0,304360,에스바이오메딕스,199.31,101.97
1,372320,큐로셀,144.79,86.92
1,425420,티에프이,156.83,80.95
1,396470,워트,168.09,100.54
2,478110,이베스트스팩6호,135.68,8.04
3,403870,HPSP,128.46,66.7
3,310210,보로노이,130.38,78.31
3,114840,아이패밀리에스씨,126.08,60.41
4,107640,한중엔시에스,128.8,109.91
4,388870,파로스아이바이오,131.18,97.98
4,222160,NPX,122.02,104.66
5,101360,에코앤드림,109.54,100.63
5,211050,인카금융서비스,111.03,105.75
5,373200,엑스플러스,115.54,96.95
6,196170,알테오젠,102.54,68.75
6,277810,레인보우로보틱스,111.6,69.0
6,328130,루닛,112.23,79.24
6,399720,가온칩스,96.53,81.58
6,394280,오픈엣지테크놀로지,98.48,82.97
7,443670,에스피소프트,91.12,133.91
7,451250,삐아,89.67,130.92
8,159910,스킨앤스킨,87.3,261.51
9,478440,미래에셋비전스팩6호,83.69,8.26
9,479880,한국제15호스팩,88.44,6.81
9,478390,KB제29호스팩,89.22,7.7
10,247540,에코프로비엠,92.09,60.39
10,028300,HLB,70.61,74.15
10,348370,엔켐,84.76,77.64
10,352480,씨앤씨인터내셔널,84.29,56.07
10,058970,엠로,79.77,74.11
10,199800,툴젠,83.66,73.16
10,397030,에이프릴바이오,74.05,70.48
10,353810,이지바이오,74.35,65.5
10,277880,티에스아이,68.48,72.83
11,007390,네이처셀,73.16,84.93
11,323990,박셀바이오,75.88,92.28
11,389020,자람테크놀로지,83.41,93.24
11,425040,티이엠씨,75.87,109.83
11,270660,에브리봇,85.39,97.85
11,448710,코츠테크놀로지,82.32,86.54
11,393210,토마토시스템,70.59,86.17
11,366030,공구우먼,85.06,93.65
11,383930,디티앤씨알오,70.3,97.17
11,189330,씨이랩,78.26,92.1
11,032685,소프트센우,70.22,87.95
12,058450,한주에이알티,74.61,178.18
13,086520,에코프로,61.82,58.35
13,000250,삼천당제약,58.68,56.53
13,281740,레이크머티리얼즈,64.03,55.83
13,041190,우리기술투자,56.57,69.2
13,253590,네오셈,62.72,59.1
13,179900,유티아이,53.39,61.47
13,372170,윤성에프앤씨,63.3,71.05
13,122640,예스티,53.66,65.34
13,094360,칩스앤미디어,65.17,63.57
13,126340,비나텍,66.94,70.9
13,173130,오파스넷,54.11,60.06
13,436610,한국제11호스팩,57.2,66.0
14,290690,소룩스,65.18,92.63
14,416180,신성에스티,50.32,101.2
14,365330,에스와이스틸텍,54.46,95.78
14,356680,엑스게이트,60.44,95.33
14,234100,폴라리스세원,54.13,96.18
14,376180,피코그램,65.09,94.45
14,198940,한주라이트메탈,52.19,102.51
14,210120,빅텐츠,61.2,98.99
14,148780,비큐AI,61.29,108.5
15,477340,에이치엠씨제7호스팩,55.89,5.17
15,476470,KB제28호스팩,56.51,9.01
15,477470,미래에셋비전스팩5호,43.07,10.39
15,477530,한국제14호스팩,67.43,6.24
16,067630,HLB생명과학,54.48,76.08
16,383310,에코프로에이치엔,51.67,79.95
16,360070,탑머티리얼,53.14,76.43
16,294090,이오플로우,51.54,83.95
16,348340,뉴로메카,62.99,75.57
16,405100,큐알티,54.88,72.31
16,402030,코난테크놀로지,55.74,87.59
16,388050,지투파워,54.24,88.28
16,389470,인벤티지랩,53.86,86.6
16,417500,제이아이테크,56.28,73.33
16,260970,에스앤디,60.78,82.31
16,232680,라온테크,52.55,80.45
17,420570,제이투케이바이오,53.69,134.01
17,140430,카티스,46.63,149.45
17,109960,AP헬스케어,55.81,148.04
18,214150,클래시스,46.45,49.01
18,141080,리가켐바이오,45.06,59.33
18,078600,대주전자재료,40.97,54.87
18,204270,제이앤티씨,43.25,57.57
18,033100,제룡전기,50.56,58.93
18,232140,와이씨,46.97,54.45
18,140860,파크시스템스,56.91,45.38
18,166090,하나머티리얼즈,50.09,52.81
18,319660,피에스케이,45.02,51.62
18,036810,에프에스티,42.64,56.18
18,335890,비올,55.69,45.79
18,340570,티앤엘,42.71,50.07
18,039440,에스티아이,48.42,55.82
18,089890,코세스,43.14,56.33
19,087010,펩트론,46.78,68.0
19,039200,오스코텍,48.87,64.77
19,317330,덕산테코피아,50.9,63.92
19,064550,바이오니아,43.47,69.02
19,047920,HLB제약,47.5,71.41
19,358570,지아이이노베이션,46.62,69.35
19,171090,선익시스템,43.88,69.96
19,256840,한국비엔씨,47.3,70.28
19,270520,지오릿에너지,43.51,65.82
19,307750,국전약품,46.62,68.41
19,109610,에스와이,47.32,71.72
19,322510,제이엘케이,47.09,74.74
19,368770,파이버프로,45.56,64.83
19,320000,한울반도체,43.98,66.1
19,168360,펨트론,48.96,75.82
19,219420,링크제니시스,47.66,75.13
20,347850,디앤디파마텍,44.75,92.26
20,432720,퀄리타스반도체,39.36,96.15
20,016790,현대사료,44.46,90.71
20,424960,스마트레이더시스템,42.64,95.22
20,200350,래몽래인,44.75,90.66
20,323350,다원넥스뷰,39.55,89.12
20,197140,디지캡,48.46,91.03
20,221800,유투바이오,44.8,95.46
20,123010,아이윈플러스,39.65,102.46
21,051980,중앙첨단소재,39.66,81.36
21,048410,현대바이오,35.87,75.8
21,024850,HLB이노베이션,38.8,73.45
21,052020,에스티큐브,38.4,76.66
21,205470,휴마시스,43.59,76.26
21,032300,한국파마,34.71,78.66
21,220260,켐트로스,45.67,77.67
21,388790,라이콤,43.38,82.69
21,317770,엑스페릭스,36.22,76.77
21,294630,서남,35.55,82.92
22,065350,신성델타테크,40.24,59.33
22,067160,SOOP,39.2,55.48
22,018290,브이티,36.84,62.05
22,298380,에이비엘바이오,40.58,65.87
22,121600,나노신소재,40.88,57.82
22,009520,포스코엠텍,37.97,57.07
22,080220,제주반도체,40.94,60.48
22,025980,아난티,39.89,62.55
22,059090,미코,36.04,58.11
22,314930,바이오다인,38.39,62.32
22,206650,유바이오로직스,36.75,64.22
22,094170,동운아나텍,41.26,62.37
22,033790,스카이문스테크놀로지,36.13,64.85
22,200710,에이디테크놀로지,37.3,61.69
22,299900,위지윅스튜디오,40.78,63.2
22,263720,디앤씨미디어,35.91,59.3
22,216080,제테마,38.9,63.66
22,357550,석경에이티,44.83,61.96
22,290550,디케이티,41.3,60.81
22,323280,태성,42.62,65.51
22,079810,디이엔티,35.51,60.77
22,024060,흥구석유,34.49,62.01
22,285490,노바텍,36.62,64.28
22,147830,제룡산업,40.52,61.56
22,093520,매커스,39.65,59.72
22,091440,한울소재과학,38.16,65.16
22,014470,부방,36.01,62.89
22,021080,에이티넘인베스트,35.43,63.97
22,000440,중앙에너비스,36.49,59.64
22,256940,케이피에스,38.06,64.37
22,186230,그린플러스,40.85,65.78
22,009780,엠에스씨,36.7,57.08
23,068760,셀트리온제약,36.27,55.1
23,145020,휴젤,32.67,49.21
23,039030,이오테크닉스,34.43,50.35
23,035900,JYP Ent.,39.77,51.76
23,089030,테크윙,36.16,46.94
23,041510,에스엠,38.85,51.0
23,178320,서진시스템,32.78,47.36
23,064760,티씨케이,33.82,47.87
23,031980,피에스케이홀딩스,32.73,48.94
23,137400,피엔티,40.33,52.53
23,086900,메디톡스,35.42,54.12
23,095340,ISC,40.77,52.73
23,287410,제이시스메디칼,38.98,41.58
23,074600,원익QnC,37.98,45.83
23,183300,코미코,34.45,47.67
23,222080,씨아이에스,34.91,53.62
23,131970,두산테스나,34.78,50.79
23,336570,원텍,37.98,43.68
23,348210,넥스틴,42.13,46.73
23,189300,인텔리안테크,34.58,50.94
23,290650,엘앤씨바이오,33.39,52.42
23,079370,제우스,34.75,48.38
23,093320,케이아이엔엑스,35.39,49.47
23,060250,NHN KCP,32.92,49.37
23,027360,아주IB투자,35.6,52.86
23,036200,유니셈,35.27,52.16
23,083450,GST,39.22,48.9
24,220100,퓨쳐켐,34.74,67.28
24,174900,앱클론,34.07,74.21
24,150840,인트로메딕,35.29,68.79
24,214260,라파스,38.14,70.17
24,112290,와이씨켐,35.95,69.4
24,025950,동신건설,32.88,67.79
24,362320,청담글로벌,35.5,72.18
24,297090,씨에스베어링,37.74,68.95
24,051160,지어소프트,33.37,66.59
24,093640,케이알엠,39.58,70.25
24,311320,지오엘리먼트,36.89,69.34
24,041920,메디아나,34.11,64.75
24,250060,모비스,33.53,68.77
24,218150,미래생명자원,31.77,72.65
24,067370,선바이오,32.65,68.65
24,036120,SCI평가정보,36.88,66.98
24,094940,푸른기술,38.81,69.54
24,045340,토탈소프트,33.16,64.64
25,112040,위메이드,31.3,63.77
25,225570,넥슨게임즈,29.53,62.19
25,140410,메지온,32.7,59.31
25,096530,씨젠,30.89,56.32
25,078130,국일제지,30.81,61.02
25,053030,바이넥스,28.01,62.85
25,950140,잉글우드랩,35.1,55.67
25,082270,젬백스,28.04,60.27
25,110990,디아이티,32.3,57.57
25,092870,엑시콘,31.9,55.29
25,179290,엠아이텍,28.27,60.26
25,200470,에이팩트,32.7,56.31
25,217330,싸이토젠,30.75,58.62
25,042600,새로닉스,29.97,59.27
25,117730,티로보틱스,33.77,63.15
25,048550,SM C&C,27.66,58.41
25,067080,대화제약,29.07,57.89
25,049950,미래컴퍼니,32.71,57.89
25,225530,보광산업,31.93,60.69
25,182360,큐브엔터,31.08,60.47
25,005860,한일사료,31.96,62.96
25,088390,이녹스,31.37,55.46
25,078140,대봉엘에스,33.22,56.36
25,207760,미스터블루,31.62,63.28
25,030960,양지사,34.33,61.79
25,219130,타이거일렉,33.33,57.99
25,045660,에이텍,28.88,57.63
25,066590,우수AMS,31.32,59.42
25,103840,우양,28.71,60.48
25,042500,링네트,30.85,58.67
25,027830,대성창투,31.23,63.38
25,095270,웨이브일렉트로,28.92,62.53
25,038680,에스넷,28.55,56.53
25,064850,에프앤가이드,32.77,60.3
25,224110,에이텍모빌리티,29.86,61.84
25,038010,제일테크노스,31.56,56.75
25,098120,마이크로컨텍솔,32.29,57.67
25,032680,소프트센,30.16,63.21
25,014970,삼륭물산,27.97,60.18
25,053160,프리엠스,34.1,62.49
25,068330,일신바이오,28.92,59.96
25,003310,대주산업,28.29,61.29
25,048770,TPC,31.14,56.18
25,051380,피씨디렉트,27.21,58.64
25,024940,PN풍년,33.0,59.55
25,063760,이엘피,27.11,59.72
26,417200,LS머트리얼즈,24.65,87.57
26,064090,웨스트라이즈,36.79,90.82
26,059270,해성에어로보틱스,27.64,83.13
26,253840,수젠텍,32.24,88.54
26,288980,모아데이타,25.96,90.87
26,344860,이노진,30.87,84.05
26,019570,플루토스,29.42,90.01
26,232830,시큐센,33.71,94.07
26,084440,유비온,33.13,93.84
27,101000,KS인더스트리,27.62,113.21
27,076610,해성옵틱스,30.29,131.86
27,050090,비케이홀딩스,32.76,121.43
28,058470,리노공업,33.76,35.36
28,098460,고영,31.05,43.24
28,023910,대한약품,26.97,40.99
28,049720,고려신용정보,29.0,34.33
28,413630,씨피시스템,27.49,41.75
29,263750,펄어비스,28.35,50.01
29,005290,동진쎄미켐,28.66,47.45
29,036830,솔브레인홀딩스,27.81,50.24
29,084370,유진테크,30.86,47.66
29,222800,심텍,27.51,49.49
29,241710,코스메카코리아,29.73,52.22
29,101490,에스앤에스텍,28.49,50.79
29,060370,LS마린솔루션,28.88,49.48
29,091120,이엠텍,30.41,49.63
29,095610,테스,28.53,51.83
29,089010,켐트로닉스,26.07,52.08
29,101160,월덱스,27.58,50.73
29,148150,세경하이테크,30.15,54.77
29,041830,인바디,31.03,50.78
29,138580,비즈니스온,28.47,54.06
29,025770,한국정보통신,30.57,55.02
29,090360,로보스타,26.51,54.73
29,086390,유니테스트,32.38,54.2
29,086980,쇼박스,26.29,51.87
29,071280,로체시스템즈,30.1,53.28
29,079940,가비아,28.02,49.34
29,092070,디엔에프,31.74,51.36
29,264850,이랜시스,30.5,51.45
29,239890,피엔에이치테크,28.33,53.71
29,039610,화성밸브,26.74,52.03
29,010470,오리콤,29.98,55.1
29,094970,제이엠티,27.41,55.05
29,008830,대동기어,27.96,54.32
30,458320,KB제26호스팩,25.8,15.23
30,477760,DB금융스팩12호,33.54,8.62
30,455250,KB제25호스팩,24.0,14.92
31,115450,HLB테라퓨틱스,24.6,67.68
31,228760,지노믹트리,24.82,64.95
31,338220,뷰노,26.42,69.95
31,297890,HB솔루션,25.06,66.08
31,036620,감성코퍼레이션,30.87,64.75
31,094480,갤럭시아머니트리,30.79,66.33
31,388720,유일로보틱스,28.73,70.15
31,304100,솔트룩스,26.4,68.02
31,138610,나이벡,31.2,67.36
31,203400,에이비온,27.99,67.75
31,101670,하이드로리튬,28.07,67.13
31,255220,SG,25.5,63.84
31,156100,엘앤케이바이오,28.92,63.45
31,149980,하이로닉,30.38,67.02
31,006910,보성파워텍,24.87,64.07
31,090710,휴림로봇,28.84,67.12
31,305090,마이크로디지탈,27.96,68.69
31,066790,씨씨에스,27.63,71.43
31,085670,뉴프렉스,30.9,64.91
31,246710,티앤알바이오팹,28.03,70.6
31,065450,빅텍,28.82,65.53
31,419080,엔젯,29.7,66.18
31,040350,크레오에스지,27.92,68.84
31,226400,오스테오닉,30.27,69.41
31,064240,홈캐스트,23.99,67.21
31,391710,코닉오토메이션,26.2,71.55
31,033310,엠투엔,30.46,65.66
31,069920,아이에스이커머스,28.24,65.23
31,014200,광림,27.73,68.19
31,180400,DXVX,26.41,64.97
31,263800,데이타솔루션,23.91,69.85
31,115500,케이씨에스,30.43,68.63
31,049480,오픈베이스,30.85,66.27
31,189860,서전기전,29.97,69.65
31,263770,유에스티,27.8,69.58
31,023770,플레이위드,23.21,70.2
31,139670,키네마스터,25.06,65.86
31,013720,CBI,27.05,64.5
31,088290,이원컴포텍,26.75,68.0
31,109820,진매트릭스,29.15,72.24
31,013810,스페코,25.51,68.29
31,025880,케이씨피드,30.88,67.37
31,078590,휴림에이텍,28.66,72.48
31,006050,국영지앤엠,25.41,62.46
31,025870,신라에스지,28.96,63.78
31,246250,에스엘에스바이오,26.29,62.88
31,008290,원풍물산,23.74,67.38
31,021045,대호특수강우,29.35,68.33
32,418550,제이오,23.76,72.64
32,293780,압타바이오,20.15,74.08
32,121800,비덴트,21.31,74.7
32,268600,셀리버리,30.53,76.33
32,389260,대명에너지,27.45,74.74
32,278650,HLB바이오스텝,26.61,81.92
32,048870,시너지이노베이션,19.96,73.08
32,396270,넥스트칩,21.41,75.64
32,078940,퀀타피아,26.4,79.96
32,418420,라온텍,21.79,75.69
32,300080,플리토,29.63,77.29
32,124500,아이티센,24.61,74.02
32,407400,꿈비,19.11,83.24
32,200230,텔콘RF제약,25.63,76.77
32,142760,모아라이프플러스,24.57,75.49
32,241820,피씨엘,20.62,83.31
32,058110,멕아이씨에스,26.4,75.79
32,009620,삼보산업,23.97,71.35
32,121850,코이즈,19.59,78.54
32,136510,스마트솔루션즈,24.39,73.44
33,067310,하나마이크론,25.07,51.92
33,213420,덕산네오룩스,26.58,49.83
33,278280,천보,22.55,51.19
33,025900,동화기업,23.87,47.81
33,251970,펌텍코리아,25.98,46.22
33,078340,컴투스,22.85,51.98
33,030520,한글과컴퓨터,21.49,47.17
33,032500,케이엠더블유,25.54,50.85
33,089980,상아프론테크,25.04,49.64
33,114190,강원에너지,21.91,52.5
33,029960,코엔텍,26.19,46.57
33,114810,한솔아이원스,27.32,46.49
33,031330,에스에이엠티,25.43,50.0
33,126700,하이비젼시스템,25.34,49.81
33,089970,브이엠,23.17,50.02
33,084110,휴온스글로벌,24.5,47.09
33,243840,신흥에스이씨,23.78,48.3
33,078350,한양디지텍,25.08,50.55
33,100790,미래에셋벤처투자,25.13,51.44
33,053610,프로텍,23.59,48.54
33,018310,삼목에스폼,22.02,50.93
33,102120,어보브반도체,24.97,50.76
33,083310,엘오티베큠,26.16,50.2
33,083930,아바코,21.14,48.97
33,092730,네오팜,22.64,48.2
33,009300,삼아제약,25.61,44.94
33,038290,마크로젠,20.71,52.6
33,091580,상신이디피,24.87,51.37
33,037070,파세코,23.91,49.05
33,063170,서울옥션,21.22,49.68
33,066620,국보디자인,25.64,46.51
33,267320,나인테크,22.52,53.32
33,090470,제이스텍,26.06,49.87
33,333430,일승,23.91,53.66
33,012790,신일제약,22.84,50.64
33,064480,브리지텍,20.49,50.52
33,011320,유니크,21.6,51.73
33,066310,큐에스아이,23.04,51.9
33,053270,구영테크,23.12,53.06
33,019540,일지테크,24.17,48.55
33,007530,와이엠,23.8,50.08
33,014570,고려제약,22.29,52.2
33,005670,푸드웰,25.3,47.52
33,039010,현대에이치티,22.68,52.71
33,065370,위세아이텍,24.68,53.2
33,032750,삼진,23.66,50.76
33,002290,삼일기업공사,21.01,51.07
33,036480,대성미생물,21.58,52.35
33,045520,크린앤사이언스,20.74,51.8
34,237690,에스티팜,25.36,55.02
34,025320,시노펙스,24.66,60.94
34,053800,안랩,24.57,57.76
34,131290,티에스이,21.7,53.98
34,064800,포니링크,25.69,57.28
34,108860,셀바스AI,23.87,57.62
34,051370,인터플렉스,22.25,56.89
34,078150,HB테크놀러지,23.61,54.57
34,050890,쏠리드,22.06,56.52
34,056080,유진로봇,24.37,55.01
34,053080,케이엔솔,25.08,60.11
34,045390,대아티아이,21.85,56.97
34,190510,나무가,22.31,54.54
34,048530,인트론바이오,24.41,61.03
34,054210,이랜텍,22.42,55.63
34,047560,이스트소프트,22.03,57.5
34,109740,디에스케이,21.3,56.85
34,067000,조이시티,25.59,57.4
34,203650,드림시큐리티,20.85,54.7
34,013990,아가방컴퍼니,22.13,58.89
34,272110,케이엔제이,24.32,58.99
34,317870,엔바이오니아,25.46,56.5
34,310200,애니플러스,26.29,57.93
34,054620,APS,23.59,57.22
34,060310,3S,23.66,58.69
34,059210,메타바이오메드,21.55,54.79
34,027050,코리아나,25.52,57.11
34,054780,키이스트,22.46,56.28
34,017510,세명전기,20.45,56.94
34,293580,나우IB,23.4,54.64
34,041910,폴라리스AI파마,25.17,57.03
34,059120,아진엑스텍,23.24,58.17
34,241520,DSC인베스트먼트,23.72,58.49
34,217190,제너셈,24.96,55.63
34,048430,유라테크,24.66,60.92
34,054920,한컴위드,21.09,56.5
34,046390,삼화네트웍스,22.21,57.0
34,041460,한국전자인증,24.19,58.99
34,039290,인포뱅크,22.27,59.27
34,072470,우리산업홀딩스,22.31,55.59
34,044960,이글벳,25.92,56.86
34,066130,하츠,24.78,57.57
34,052670,제일바이오,23.59,56.66
34,097870,효성오앤비,24.76,57.79
34,037230,한국팩키지,23.48,54.99
34,279600,미디어젠,23.94,60.59
34,046310,백금T&A,21.45,58.2
34,048470,대동스틸,21.55,58.65
34,052460,아이크래프트,26.04,58.27
34,020180,대신정보통신,25.0,58.89
34,104040,대성파인텍,24.68,60.49
34,035200,프럼파스트,19.94,56.93
34,054410,케이피티유,22.67,57.12
35,194480,데브시스터즈,19.49,63.23
35,058820,CMG제약,19.29,62.35
35,118990,모트렉스,21.56,60.36
35,108490,로보티즈,21.55,59.64
35,097800,윈팩,17.83,62.17
35,084990,헬릭스미스,17.31,61.31
35,191420,테고사이언스,23.25,62.48
35,274090,켄코아에어로스페이스,20.52,58.21
35,314130,지놈앤컴퍼니,20.22,61.16
35,119830,아이텍,17.53,59.66
35,131400,이브이첨단소재,21.49,63.95
35,080580,오킨스전자,22.69,61.49
35,124560,태웅로직스,22.0,60.84
35,140670,알에스오토메이션,17.72,60.06
35,033230,인성정보,23.99,62.14
35,322180,티라유텍,20.25,63.36
35,038460,바이오스마트,20.38,60.63
35,215100,로보로보,19.12,62.6
35,087260,모바일어플라이언스,17.8,60.94
35,023440,제이스코홀딩스,19.51,59.1
35,196300,애니젠,19.59,59.66
35,086040,바이오톡스텍,19.47,57.98
35,033320,제이씨현시스템,23.62,61.29
35,044060,조광ILI,19.77,59.39
35,019990,에너토크,19.09,60.02
35,014190,원익큐브,23.04,62.74
35,084180,수성웹툰,20.02,58.23
35,016100,리더스코스메틱,20.92,62.77
35,053290,NE능률,20.18,60.77
35,134580,탑코미디어,15.59,61.91
35,239340,이스트에이드,20.32,60.73
35,246690,TS인베스트먼트,19.6,63.11
35,309930,오하임앤컴퍼니,21.75,61.19
35,018680,서울제약,19.5,58.17
35,252500,세화피앤씨,19.63,62.17
35,099410,동방선기,21.94,63.61
35,203450,유니온커뮤니티,16.91,60.17
35,089140,넥스턴바이오,17.52,62.14
35,045510,정원엔시스,18.61,59.61
35,006920,모헨즈,19.63,57.75
35,148250,알엔투테크놀로지,18.68,63.01
35,017000,신원종합개발,17.59,60.84
35,035460,기산텔레콤,18.57,59.93
35,001000,신라섬유,18.53,62.75
35,048830,엔피케이,20.01,59.94
35,053060,세동,22.28,61.92
35,039740,한국정보공학,19.24,58.35
36,042000,카페24,16.19,67.19
36,032820,우리기술,21.59,65.04
36,041020,폴라리스오피스,17.37,66.94
36,101730,위메이드맥스,19.56,67.76
36,950130,엑세스바이오,18.49,66.54
36,057880,푸른소나무,18.54,68.4
36,254490,미래반도체,15.08,68.65
36,183490,엔지켐생명과학,15.82,66.28
36,072770,율호,18.46,65.0
36,269620,시스웍,17.78,65.48
36,291230,엔피,22.98,65.75
36,340360,다보링크,21.56,66.1
36,041590,플래스크,19.54,68.3
36,096630,에스코넥,18.95,66.64
36,900340,윙입푸드,19.81,65.71
36,052790,액토즈소프트,16.33,63.85
36,234920,자이글,15.98,69.5
36,302550,리메드,22.53,65.32
36,036090,위지트,20.59,69.18
36,241840,에이스토리,15.75,64.77
36,317850,대모,20.26,68.61
36,063440,SM Life Design,17.31,68.41
36,225220,제놀루션,20.39,66.3
36,219750,한국비티비,21.2,68.83
36,303030,지니틱스,15.63,66.17
36,046940,우원개발,21.95,64.89
36,001840,이화공영,17.4,66.09
36,065170,비엘팜텍,21.21,68.94
36,115610,이미지스,21.53,67.03
36,065440,이루온,18.36,65.01
36,035620,바른손이앤에이,15.62,65.3
36,177350,베셀,17.4,67.47
36,044480,빌리언스,18.11,65.98
36,113810,디젠스,17.31,69.91
36,154030,아시아종묘,16.35,68.28
36,060480,국일신동,19.27,64.07
36,060260,뉴보텍,16.19,65.42
37,457390,대신밸런스제15호스팩,21.57,9.41
37,469900,하나31호스팩,14.85,6.72
37,474490,유안타제16호스팩,16.33,3.95
37,464440,한국제13호스팩,17.31,7.58
37,467930,IBKS제23호스팩,14.3,8.44
37,465320,교보15호스팩,19.75,7.51
37,474930,신한제13호스팩,20.87,8.93
37,473000,에스케이증권제12호스팩,16.4,5.89
38,036930,주성엔지니어링,17.66,48.71
38,214370,케어젠,17.49,49.53
38,099320,쎄트렉아이,19.59,46.21
38,068240,다원시스,17.86,47.21
38,102710,이엔에프테크놀로지,19.2,47.34
38,200670,휴메딕스,15.0,49.32
38,319400,현대무벡스,15.05,48.23
38,039840,디오,18.91,48.26
38,035600,KG이니시스,18.18,49.31
38,054450,텔레칩스,16.24,47.13
38,108230,톱텍,18.61,49.89
38,100120,뷰웍스,19.39,45.57
38,144960,뉴파워프라즈마,20.56,48.63
38,045970,코아시아,16.83,49.51
38,032620,유비케어,17.47,48.55
38,211270,AP위성,16.6,48.63
38,143240,사람인,16.1,45.79
38,036890,진성티이씨,16.16,48.05
38,089600,나스미디어,15.91,46.2
38,038540,상상인,20.38,49.35
38,104460,디와이피엔에프,16.37,45.84
38,065510,휴비츠,20.23,46.94
38,042520,한스바이오메드,20.44,48.63
38,033290,코웰패션,17.08,47.42
38,037460,삼지전자,19.58,46.74
38,090850,현대이지웰,15.83,47.54
38,226340,본느,16.23,49.05
38,086960,MDS테크,15.36,49.43
38,036010,아비코전자,18.15,45.55
38,086670,비엠티,15.1,47.46
38,187870,디바이스이엔지,18.65,49.72
38,041930,동아화성,20.98,46.22
38,170030,현대공업,15.46,49.3
38,053260,금강철강,16.39,46.52
38,024910,경창산업,16.46,48.2
38,355150,코스텍시스,20.17,47.83
38,128660,피제이메탈,19.35,47.65
38,088130,동아엘텍,15.76,47.35
38,307180,아이엘사이언스,19.45,48.27
38,032940,원익,15.44,47.85
38,039830,오로라,18.42,47.86
38,010240,흥국,18.89,48.34
38,007370,진양제약,18.88,51.16
38,075970,동국알앤에스,15.92,49.08
38,052600,한네트,15.48,46.67
38,045060,오공,18.77,50.59
38,083550,케이엠,16.24,49.43
38,036690,코맥스,18.61,49.43
38,079170,한창산업,15.09,45.78
38,045300,성우테크론,16.9,47.54
38,080470,성창오토텍,18.26,50.82
38,079650,서산,19.08,50.74
38,020400,대동금속,16.55,48.52
38,026910,광진실업,15.6,50.21
39,085660,차바이오텍,17.59,51.57
39,069080,웹젠,17.98,53.97
39,161580,필옵틱스,17.22,55.77
39,095500,미래나노텍,18.11,55.56
39,060280,큐렉소,14.21,51.67
39,151860,KG에코솔루션,19.56,52.37
39,095700,제넥신,15.93,53.7
39,092040,아미코젠,13.61,54.6
39,214680,디알텍,16.56,57.74
39,102940,코오롱생명과학,16.28,56.48
39,064290,인텍플러스,17.61,54.01
39,061970,LB세미콘,18.41,55.66
39,078160,메디포스트,15.08,54.68
39,042370,비츠로테크,16.25,51.41
39,039980,폴라리스AI,18.08,56.24
39,086710,선진뷰티사이언스,15.2,52.38
39,228670,레이,14.69,53.42
39,131370,알서포트,16.78,56.34
39,060590,씨티씨바이오,20.26,54.67
39,053300,한국정보인증,17.71,53.12
39,125210,아모그린텍,17.37,56.37
39,027710,팜스토리,20.08,53.57
39,043610,지니뮤직,13.13,54.37
39,042420,네오위즈홀딩스,14.94,52.78
39,251370,와이엠티,18.53,53.38
39,038110,에코플라스틱,19.09,52.38
39,054670,대한뉴팜,17.39,55.25
39,259630,엠플러스,16.95,55.98
39,012860,모베이스전자,19.33,56.66
39,035610,솔본,18.53,53.41
39,198440,강동씨앤엘,18.29,55.24
39,048910,대원미디어,20.5,54.15
39,069540,빛과전자,14.28,54.8
39,263600,덕우전자,12.72,53.19
39,019590,엠벤처투자,14.88,55.14
39,053050,지에스이,16.47,51.35
39,408920,메쎄이상,16.57,52.71
39,241690,유니테크노,19.47,52.75
39,101170,우림피티에스,14.26,52.79
39,263690,디알젬,19.01,53.18
39,306620,네온테크,17.52,53.95
39,032850,비트컴퓨터,19.2,56.86
39,067290,JW신약,12.96,53.82
39,052710,아모텍,14.65,51.98
39,208140,정다운,20.12,52.32
39,054930,유신,18.75,56.81
39,101330,모베이스,14.85,53.25
39,155650,와이엠씨,17.41,51.87
39,263860,지니언스,15.16,50.95
39,053980,오상자이엘,14.17,52.4
39,025550,한국선재,18.56,54.54
39,024800,유성티엔에스,15.39,54.45
39,038070,서린바이오,20.13,52.54
39,171010,램테크놀러지,18.03,55.14
39,081150,티플랙스,18.52,53.73
39,070300,엑스큐어,15.03,51.9
39,015710,코콤,19.19,51.6
39,024740,한일단조,13.92,52.66
39,254120,자비스,15.46,54.25
39,212560,네오오토,19.23,55.8
39,123570,이엠넷,15.33,51.28
39,068050,팬엔터테인먼트,17.6,53.66
39,100030,인지소프트,14.75,53.01
39,039420,케이엘넷,14.81,54.65
39,100660,서암기계공업,18.76,54.86
39,040610,SG&G,17.74,51.21
39,037760,쎄니트,15.14,56.46
39,031310,아이즈비전,19.96,54.14
39,153460,네이블,14.98,54.74
39,049830,승일,17.38,53.09
39,038620,위즈코프,16.15,56.18
39,007770,한일화학,17.29,53.09
39,090150,아이윈,15.24,53.87
39,089150,케이씨티,19.21,53.51
39,131220,대한과학,17.27,56.43
39,119500,포메탈,14.14,51.96
39,069410,엔텔스,19.91,54.11
39,054090,삼진엘앤디,14.88,54.25
39,086060,진바이오텍,18.67,55.62
39,018620,우진비앤지,18.22,55.15
39,103230,에스앤더블류,15.11,54.75
39,032080,아즈텍WB,14.24,52.17
39,098660,에스티오,17.03,55.28
39,106240,파인테크닉스,18.4,54.98
39,070590,한솔인티큐브,14.02,52.66
39,073540,에프알텍,17.3,56.69
40,240810,원익IPS,21.78,44.74
40,086450,동국제약,21.49,36.1
40,119860,커넥트웨이브,14.15,44.11
40,215200,메가스터디교육,18.9,40.2
40,099190,아이센스,17.45,40.97
40,058610,에스피지,18.87,43.87
40,200130,콜마비앤에이치,15.16,44.38
40,082920,비츠로셀,18.9,38.65
40,032190,다우데이타,19.95,44.94
40,043150,바텍,17.94,44.15
40,049070,인탑스,17.21,44.19
40,033500,동성화인텍,19.36,43.49
40,218410,RFHIC,14.3,43.9
40,013030,하이록코리아,14.89,40.29
40,045100,한양이엔지,17.24,42.95
40,051360,토비스,20.19,42.84
40,017890,한국알콜,14.01,39.74
40,122990,와이솔,13.53,42.92
40,033160,엠케이전자,13.72,43.88
40,122450,KX,14.61,43.19
40,078070,유비쿼스홀딩스,14.68,44.08
40,068930,디지털대성,16.41,39.52
40,136540,윈스,17.09,39.28
40,106190,하이텍팜,15.84,45.51
40,160980,싸이맥스,18.39,44.57
40,063570,한국전자금융,14.54,44.06
40,264450,유비쿼스,13.25,43.24
40,073490,이노와이어리스,19.05,44.32
40,023900,풍국주정,18.63,41.61
40,067990,도이치모터스,16.15,43.42
40,067900,와이엔텍,19.8,42.63
40,049960,쎌바이오텍,21.42,42.27
40,007330,푸른저축은행,16.56,41.5
40,131030,옵투스제약,14.53,41.31
40,092460,한라IMS,14.04,44.54
40,065710,서호전기,16.9,42.65
40,065530,와이어블,18.05,44.31
40,006140,피제이전자,18.67,42.11
40,023460,CNH,14.11,42.05
40,241790,티이엠씨씨엔에스,14.84,43.96
40,036640,HRS,13.93,43.64
40,054040,한국컴퓨터,14.98,40.99
40,331380,포커스에이치엔에스,14.47,44.66
40,039240,경남스틸,19.95,43.05
40,036670,KCI,15.13,45.14
40,130580,나이스디앤비,14.47,42.23
40,017650,대림제지,20.31,40.11
40,004590,한국가구,17.85,40.13
40,067010,이씨에스,19.11,44.92
40,093380,풍강,13.66,43.83
40,044780,에이치케이,14.1,42.18
41,235980,메드팩토,11.82,72.18
41,096040,이트론,12.41,74.08
41,024810,이화전기,13.82,71.14
41,315640,딥노이드,11.0,76.6
41,321820,아티스트유나이티드,8.96,73.93
41,226330,신테카바이오,12.91,78.87
41,066410,버킷스튜디오,16.56,74.05
41,307930,컴퍼니케이,14.22,73.07
41,204840,지엘팜텍,17.67,72.64
41,317830,에스피시스템스,17.13,74.6
41,185490,아이진,17.44,75.98
41,237820,플레이디,14.36,70.13
41,043220,티에스넥스젠,15.34,77.15
41,900100,애머릿지,10.16,76.99
41,220180,핸디소프트,17.8,78.3
41,128540,에코캡,14.79,71.07
41,042040,케이피엠테크,17.24,76.57
41,032980,바이온,12.63,74.87
41,018700,바른손,14.61,76.58
41,229000,젠큐릭스,8.93,76.64
41,060240,스타코링크,13.42,75.89
41,043090,더테크놀로지,17.69,75.37
42,056190,에스에프에이,14.92,36.46
42,215000,골프존,9.88,36.9
42,119610,인터로조,21.08,34.79
42,013120,동원개발,14.58,30.36
42,011040,경동제약,9.52,35.02
42,101930,인화정공,11.03,36.88
42,036800,나이스정보통신,18.44,32.89
42,023600,삼보판지,15.95,34.61
42,079960,동양이엔피,12.31,36.01
42,049520,유아이엘,14.54,38.43
42,038390,레드캡투어,10.06,32.09
42,012700,리드코프,11.26,34.54
42,108380,대양전기공업,9.22,35.7
42,005710,대원산업,17.09,31.88
42,011560,세보엠이씨,15.32,37.01
42,019010,베뉴지,12.54,35.27
42,049430,코메론,16.26,35.21
42,109860,동일금속,9.52,34.69
42,032540,TJ미디어,9.95,36.03
42,004780,대륙제관,8.65,35.39
42,079000,와토스코리아,8.0,35.17
42,012620,원일특강,12.32,37.13
42,457630,대신밸런스제16호스팩,15.79,27.51
42,438220,대신밸런스제13호스팩,13.49,35.76
43,144510,지씨셀,12.74,59.07
43,206640,바디텍메드,10.14,58.22
43,217270,넵튠,10.84,59.04
43,083650,비에이치아이,14.7,58.85
43,086890,이수앱지스,10.47,57.73
43,047310,파워로직스,13.33,57.25
43,033340,좋은사람들,14.1,56.21
43,083790,CG인바이츠,14.86,58.2
43,082850,우리바이오,11.93,60.18
43,063080,컴투스홀딩스,14.6,58.09
43,290670,대보마그네틱,11.79,57.55
43,060570,드림어스컴퍼니,13.35,59.72
43,019550,SBI인베스트먼트,12.76,57.08
43,065650,하이퍼코퍼레이션,9.66,59.84
43,300120,라온피플,13.5,61.42
43,026150,특수건설,15.4,60.43
43,083500,에프엔에스테크,14.83,58.82
43,074430,아미노로직스,14.91,62.08
43,058630,엠게임,12.85,57.3
43,002800,신신제약,13.67,57.31
43,339950,아이비김영,12.39,56.73
43,250000,보라티알,11.67,60.26
43,097780,에코볼트,13.09,59.3
43,065950,웰크론,12.28,56.53
43,096350,대창솔루션,8.78,58.98
43,066910,손오공,11.28,56.98
43,037370,EG,11.73,59.57
43,038870,에코바이오,14.03,59.19
43,057030,YBM넷,10.4,56.68
43,052900,KX하이텍,13.2,59.15
43,049120,파인디앤씨,14.17,61.63
43,025440,DH오토웨어,13.38,57.79
43,073110,엘엠에스,13.03,55.31
43,096610,알에프세미,13.67,61.11
43,036170,클라우드에어,8.64,58.95
43,238120,얼라인드,12.6,60.05
43,263810,상신전자,8.63,59.46
43,332290,누보,11.13,57.99
43,019770,서연탑메탈,10.88,58.17
43,032580,피델릭스,14.11,57.83
43,290120,DH오토리드,9.28,60.2
43,297570,알로이스,11.99,60.59
43,114450,그린생명과학,11.98,58.54
43,047080,한빛소프트,10.99,59.25
43,059100,아이컴포넌트,12.62,56.22
43,014100,메디앙스,13.66,60.66
43,092600,앤씨앤,11.06,61.55
43,068940,셀피글로벌,10.36,57.42
43,002680,한탑,12.61,57.9
43,134060,이퓨쳐,13.43,58.79
43,065770,CS,8.67,58.11
43,011080,형지I&C,12.01,61.19
44,214450,파마리서치,13.75,45.97
44,036540,SFA반도체,13.25,50.95
44,272290,이녹스첨단소재,11.25,46.45
44,122870,와이지엔터테인먼트,12.88,46.31
44,237880,클리오,12.79,50.03
44,015750,성우하이텍,12.99,46.18
44,230360,에코마케팅,12.49,49.69
44,123860,아나패스,14.3,47.22
44,033640,네패스,13.75,51.71
44,077360,덕산하이메탈,12.04,48.43
44,023410,유진기업,12.04,45.85
44,214430,아이쓰리시스템,14.04,45.12
44,030530,원익홀딩스,13.56,47.9
44,126600,BGF에코머티리얼즈,11.71,46.13
44,337930,브랜드엑스코퍼레이션,13.33,46.7
44,052400,코나아이,9.14,48.5
44,204620,글로벌텍스프리,9.97,46.28
44,046440,KG모빌리언스,12.68,48.91
44,282880,코윈테크,9.86,47.96
44,035810,이지홀딩스,13.56,48.01
44,230240,에치에프알,14.81,46.27
44,064820,케이프,10.88,48.07
44,073010,케이에스피,8.97,48.81
44,143160,아이디스,14.51,46.28
44,123410,코리아에프티,14.01,47.73
44,205100,엑셈,10.35,49.53
44,084730,팅크웨어,11.45,46.68
44,044340,위닉스,12.3,45.47
44,382800,지앤비에스 에코,10.11,50.39
44,099440,스맥,13.15,50.95
44,052260,현대바이오랜드,14.83,47.42
44,215360,우리산업,12.15,49.97
44,138080,오이솔루션,9.08,46.29
44,089850,유비벨록스,14.01,47.81
44,095190,이엠코리아,12.07,48.32
44,159010,아스플로,12.67,51.82
44,100700,세운메디칼,12.64,48.23
44,061040,알에프텍,14.24,50.77
44,140070,서플러스글로벌,11.35,49.63
44,137950,제이씨케미칼,9.65,50.16
44,071200,인피니트헬스케어,13.09,50.59
44,036710,심텍홀딩스,8.92,47.51
44,061250,화일약품,13.22,51.03
44,142210,유니트론텍,12.65,51.99
44,120240,대정화금,13.4,48.92
44,058400,KNN,10.42,46.07
44,072020,중앙백신,11.05,44.93
44,119850,지엔씨에너지,14.12,49.1
44,105740,디케이락,14.31,46.49
44,043260,성호전자,12.55,47.22
44,082210,옵트론텍,12.48,52.2
44,078890,가온그룹,10.47,46.56
44,020710,시공테크,14.48,46.67
44,011370,서한,12.69,48.79
44,033830,티비씨,12.99,50.5
44,041520,이엘씨,9.89,49.11
44,037330,인지디스플레,12.21,49.65
44,052220,iMBC,14.01,49.92
44,217500,러셀,14.13,50.32
44,066670,디티씨,12.16,47.36
44,053350,이니텍,13.11,48.17
44,089790,제이티,13.07,50.55
44,033540,파라텍,13.78,49.07
44,115440,우리넷,10.23,50.18
44,150900,파수,10.84,49.64
44,033130,디지틀조선,10.61,50.2
44,066900,디에이피,12.45,44.9
44,242040,나무기술,11.1,50.11
44,051490,나라엠앤디,13.91,45.83
44,067170,오텍,14.3,47.65
44,007720,대명소노시즌,10.77,51.12
44,060540,에스에이티,9.77,45.43
44,050860,아세아텍,9.4,45.38
44,091590,남화토건,12.41,49.07
44,109080,옵티시스,9.55,49.32
44,138070,신진에스엠,9.0,46.62
44,263020,디케이앤디,12.05,48.35
44,032960,동일기연,12.85,45.15
44,010280,쌍용정보통신,12.36,51.98
44,021650,한국큐빅,14.12,47.4
44,131090,시큐브,14.24,47.66
44,031510,오스템,13.64,49.17
44,075130,플랜티넷,10.76,45.87
44,073190,듀오백,11.7,45.31
44,032280,삼일,14.93,48.92
44,050760,에스폴리텍,12.17,50.31
45,215600,신라젠,9.13,66.29
45,217820,원익피앤이,12.65,62.93
45,056090,이노시스,8.84,66.51
45,065660,안트로젠,11.77,67.72
45,175140,휴먼테크놀로지,8.99,65.61
45,215090,휴센텍,14.25,64.84
45,042510,라온시큐어,14.34,64.57
45,178780,일월지엠엘,9.63,66.42
45,036630,세종텔레콤,11.93,67.6
45,208370,셀바스헬스케어,11.06,67.01
45,142280,녹십자엠에스,14.15,67.25
45,246720,아스타,10.86,64.22
45,203690,스피어파워,10.14,67.56
45,046120,오르비텍,13.74,65.04
45,417840,저스템,9.16,65.29
45,043910,자연과환경,8.54,67.27
45,083660,CSA 코스믹,13.66,63.54
45,073640,테라사이언스,13.94,64.72
45,049630,재영솔루텍,12.43,64.72
45,311390,네오크레마,12.13,65.05
45,127120,디엔에이링크,8.52,66.84
45,318000,KBG,8.92,69.51
45,195500,마니커에프앤지,8.98,65.19
45,053590,한국테크놀로지,10.44,70.19
45,133750,메가엠디,12.98,63.11
45,051780,큐로홀딩스,14.88,66.08
45,130500,GH신소재,13.66,62.97
45,065060,지엔코,11.62,66.67
45,032800,판타지오,12.61,69.46
45,043100,솔고바이오,9.41,67.84
45,083640,인콘,14.03,63.21
45,215480,토박스코리아,10.78,62.4
45,067730,로지시스,12.42,63.2
45,191410,육일씨엔에쓰,10.35,63.36
45,065420,에스아이리소스,14.72,63.79
45,065560,녹원씨엔아이,10.2,66.47
46,034950,한국기업평가,13.54,16.66
46,464680,KB제27호스팩,11.79,5.11
46,442310,대신밸런스제14호스팩,12.8,17.88
46,454750,하나28호스팩,7.68,8.65
46,469880,하나30호스팩,11.23,9.85
46,421800,교보12호스팩,10.32,20.03
46,471050,대신밸런스제17호스팩,7.24,15.45
46,446750,하나26호스팩,7.88,7.87
46,445970,신영스팩9호,9.54,8.46
46,448370,하나27호스팩,6.61,9.9
46,474660,신한제12호스팩,10.78,8.08
46,446150,유안타제12호스팩,15.1,12.56
46,444920,유안타제11호스팩,8.47,7.05
46,455310,한화플러스제4호스팩,11.08,9.04
46,448830,미래에셋비전스팩3호,9.2,14.4
46,439730,IBKS제20호스팩,13.36,13.38
46,472220,신영스팩10호,12.67,7.41
46,448760,IBKS제22호스팩,9.66,13.78
46,433530,키움제7호스팩,9.1,10.95
46,442770,IBKS제21호스팩,11.73,12.28
46,440790,교보13호스팩,11.8,9.79
46,469480,IBKS제24호스팩,11.51,6.79
46,418210,신한제10호스팩,9.24,13.77
46,473370,비엔케이제2호스팩,9.05,4.11
46,442130,유진스팩9호,11.54,15.44
47,357780,솔브레인,10.39,40.46
47,091700,파트론,12.74,43.09
47,104830,원익머트리얼즈,12.14,38.68
47,005160,동국산업,10.87,41.29
47,060150,인선이엔티,10.48,40.16
47,054950,제이브이엠,10.41,40.73
47,034810,해성산업,9.05,39.56
47,080160,모두투어,8.84,40.74
47,043370,피에이치에이,11.5,41.5
47,051500,CJ프레시웨이,9.85,37.84
47,149950,아바텍,10.58,42.92
47,019210,와이지-원,12.82,41.19
47,096240,크레버스,7.58,39.0
47,194700,노바렉스,8.26,41.37
47,236200,슈프리마,10.33,42.25
47,094820,일진파워,10.8,41.62
47,065680,우주일렉트로,7.1,42.77
47,039340,한국경제TV,10.71,38.06
47,041440,현대에버다임,11.67,42.45
47,264660,씨앤지하이테크,13.63,40.59
47,024880,케이피에프,9.95,42.97
47,093920,서원인텍,7.68,37.96
47,001540,안국약품,10.89,43.19
47,094850,참좋은여행,8.46,43.01
47,002230,피에스텍,8.08,43.39
47,017480,삼현철강,8.4,37.26
47,950110,SBI핀테크솔루션즈,7.39,42.31
47,092300,현우산업,8.24,44.7
47,037350,성도이엔지,10.72,39.95
47,008370,원풍,9.96,39.57
47,080010,이상네트웍스,6.31,41.25
47,081580,성우전자,8.83,41.44
47,101240,씨큐브,9.11,42.22
47,056360,코위버,12.47,42.42
47,016250,SGC E&C,11.02,39.87
47,038950,파인디지털,12.15,43.2
47,060380,동양에스텍,10.79,41.62
47,067770,세진티에스,9.09,42.52
48,298830,슈어소프트테크,7.07,83.76
48,338840,와이바이오로직스,6.61,97.52
48,432430,와이랩,9.06,90.85
48,451220,아이엠티,9.56,95.96
48,294140,레몬,18.2,85.83
48,304840,피플바이오,8.07,81.77
48,376930,노을,17.37,86.1
48,222810,세토피아,5.41,84.05
48,413640,비아이매트릭스,1.92,85.23
48,214610,미코바이오메드,10.73,81.49
48,247660,나노씨엠에스,7.78,87.71
48,054180,메디콕스,5.32,82.76
48,224060,더코디,10.62,86.82
48,066430,와이오엠,5.42,89.79
49,095660,네오위즈,8.35,51.27
49,084850,아이티엠반도체,8.44,51.66
49,252990,샘씨엔에스,4.33,52.92
49,038500,삼표시멘트,12.23,53.93
49,060720,KH바텍,11.31,52.15
49,041960,코미팜,9.43,54.17
49,064260,다날,8.4,55.61
49,123040,엠에스오토텍,11.43,53.02
49,356860,티엘비,4.26,53.4
49,046210,HLB파나진,7.0,55.96
49,234690,녹십자웰빙,4.55,53.36
49,060560,홈센타홀딩스,10.49,53.51
49,164060,이루다,8.72,53.95
49,066700,테라젠이텍스,11.5,53.39
49,013310,아진산업,11.63,52.78
49,170920,엘티씨,9.22,52.96
49,307870,비투엔,6.82,53.5
49,053700,삼보모터스,6.23,52.83
49,039860,나노엔텍,10.81,53.01
49,033170,시그네틱스,9.55,54.33
49,159580,제로투세븐,7.15,54.6
49,123420,위메이드플레이,9.24,56.36
49,251630,브이원텍,8.8,53.85
49,206400,베노티앤알,5.71,53.82
49,027580,상보,8.56,57.12
49,327260,RF머트리얼즈,6.25,56.85
49,302430,이노메트리,5.81,53.18
49,347000,센코,7.11,57.06
49,071670,에이테크솔루션,7.22,53.55
49,080530,코디,5.94,57.78
49,201490,미투온,7.14,54.93
49,192250,케이사인,5.92,51.67
49,080000,에스엔유,6.77,51.23
49,050960,수산아이앤티,10.8,55.71
49,049080,기가레인,5.76,54.96
49,104200,NHN벅스,6.22,55.16
49,057540,옴니시스템,7.03,55.53
49,043340,에쎈테크,8.63,51.57
49,099520,ITX-AI,6.3,53.74
49,016600,큐캐피탈,9.35,53.42
49,033200,모아텍,8.12,53.01
49,140520,대창스틸,10.38,53.67
49,177830,파버나인,7.76,51.53
49,147760,피엠티,11.15,53.09
49,222980,한국맥널티,9.75,55.96
49,187270,신화콘텍,9.14,51.56
49,190650,코리아에셋투자증권,6.64,53.32
49,143540,영우디에스피,5.27,57.56
49,076080,웰크론한텍,9.99,55.28
49,026040,제이에스티나,11.85,53.98
49,137940,넥스트아이,7.65,55.71
49,258790,소프트캠프,6.56,52.56
49,050120,ES큐브,4.42,54.23
49,335870,윙스풋,6.88,56.11
49,069140,누리플랜,7.88,58.22
49,069330,유아이디,3.91,54.54
49,096870,엘디티,7.86,51.95
50,003800,에이스침대,10.34,29.22
50,078020,LS증권,1.82,26.34
50,023760,한국캐피탈,2.85,28.6
50,036560,영풍정밀,6.79,32.49
50,036190,금화피에스시,7.41,22.76
50,092130,이크레더블,6.59,22.89
50,052330,코텍,4.53,32.92
50,003100,선광,7.05,33.29
50,069510,에스텍,9.05,30.2
50,054800,아이디스홀딩스,3.58,30.61
50,093190,빅솔론,8.85,29.64
50,053620,태양,5.93,33.25
50,221980,케이디켐,4.32,27.76
50,085910,네오티스,3.41,30.8
50,430230,하나금융24호스팩,10.25,22.57
50,412930,미래에셋비전스팩1호,9.08,23.44
51,166480,코아스템켐온,4.81,61.21
51,299030,하나기술,6.93,61.11
51,226950,올릭스,5.51,64.97
51,182400,엔케이맥스,5.51,61.5
51,206560,덱스터,7.04,58.87
51,082800,비보존 제약,8.08,64.41
51,900250,크리스탈신소재,3.71,62.31
51,086820,바이오솔루션,6.94,59.57
51,284620,카이노스메드,3.73,63.52
51,066980,한성크린텍,5.28,60.58
51,289080,SV인베스트먼트,7.23,61.85
51,238090,앤디포스,3.35,63.13
51,234300,에스트래픽,2.81,60.98
51,217730,강스템바이오텍,3.31,62.51
51,024840,KBI메탈,8.29,63.48
51,265560,영화테크,7.18,59.64
51,123840,뉴온,6.37,65.21
51,099220,SDN,8.23,62.29
51,187420,제노포커스,5.1,62.58
51,052770,아이톡시,4.45,60.72
51,057680,티사이언티픽,6.27,63.29
51,088800,에이스테크,6.64,58.51
51,227950,엔투텍,5.15,61.25
51,214870,뉴지랩파마,4.46,58.9
51,009730,이렘,4.61,65.18
51,101390,아이엠,4.89,62.76
51,021880,메이슨캐피탈,6.79,62.56
51,052300,씨티프라퍼티,1.19,62.37
51,036180,지더블유바이텍,3.17,62.82
51,317120,라닉스,7.12,65.0
51,286750,나노브릭,6.01,60.92
51,193250,링크드,7.66,64.88
51,208710,바이오로그디바이스,4.16,61.48
51,138360,협진,6.33,60.48
51,053950,경남제약,3.53,61.49
51,043200,파루,1.16,64.69
51,121890,에스디시스템,1.54,63.43
51,196700,웹스,8.13,63.69
52,099430,바이오플러스,2.55,46.92
52,044490,태웅,1.61,47.46
52,035890,서희건설,8.7,46.88
52,036030,케이티알파,8.11,48.71
52,035080,그래디언트,4.67,48.89
52,080420,모다이노칩,8.4,47.25
52,100130,동국S&C,3.36,48.39
52,104480,티케이케미칼,3.88,52.05
52,068790,DMS,8.55,45.61
52,040300,YTN,6.88,44.79
52,039560,다산네트웍스,2.77,47.16
52,053280,예스24,5.86,46.96
52,104620,노랑풍선,2.86,52.12
52,111710,남화산업,4.49,48.11
52,067570,엔브이에이치코리아,5.06,44.92
52,226440,한송네오텍,6.8,48.16
52,105330,케이엔더블유,5.4,48.89
52,216050,인크로스,5.39,47.66
52,053450,세코닉스,6.4,45.58
52,050110,캠시스,7.5,49.87
52,171120,라이온켐텍,5.1,45.15
52,270870,뉴트리,4.56,46.24
52,126880,제이엔케이글로벌,4.85,49.23
52,010170,대한광통신,3.35,51.11
52,037440,희림,5.81,45.21
52,049550,잉크테크,8.58,49.04
52,336060,웨이버스,4.53,51.32
52,090410,덕신이피씨,2.85,50.27
52,094840,슈프리마에이치큐,7.28,46.56
52,290740,액트로,6.05,45.67
52,170790,파이오링크,6.36,46.8
52,122690,서진오토모티브,8.4,49.72
52,054540,삼영엠텍,5.93,44.1
52,277410,인산가,7.02,50.25
52,046970,우리로,2.07,51.14
52,033560,블루콤,4.34,47.83
52,198080,엔피디,2.25,50.97
52,200780,비씨월드제약,3.44,49.97
52,024120,KB오토시스,4.57,47.86
52,080520,오디텍,6.95,45.74
52,034940,조아제약,5.73,48.26
52,021040,대호특수강,7.31,50.46
52,192390,윈하이텍,3.6,51.71
52,036000,예림당,4.25,46.18
52,237750,피앤씨테크,4.65,48.66
52,072950,빛샘전자,8.14,46.23
52,040160,누리플렉스,3.04,47.81
52,037400,우리엔터프라이즈,6.03,50.25
52,016920,카스,8.62,48.35
52,039310,세중,5.21,44.76
52,033050,제이엠아이,3.53,49.83
52,115570,스타플렉스,1.41,48.27
52,130740,티피씨글로벌,7.45,49.79
52,017250,인터엠,8.1,46.09
52,123750,알톤,2.11,47.44
52,043360,디지아이,8.24,46.03
52,046070,코다코,2.67,50.98
53,322310,오로스테크놀로지,-0.55,67.93
53,289220,자이언트스텝,6.58,70.42
53,370090,퓨런티어,3.54,67.8
53,282720,금양그린파워,5.93,73.85
53,195990,에이비프로바이오,1.92,72.75
53,162300,신스틸,1.19,75.55
53,151910,퓨처코어,7.61,70.5
53,357580,아모센스,5.29,66.88
53,073570,리튬포어스,2.48,70.5
53,446540,메가터치,2.6,70.04
53,049180,셀루메드,5.5,72.33
53,205500,액션스퀘어,-0.17,67.97
53,032790,엠젠솔루션,0.21,69.01
53,227610,아우딘퓨쳐스,5.29,70.97
53,363250,진시스템,1.09,69.28
53,096690,에이루트,3.16,67.47
53,263920,휴엠앤씨,6.55,68.02
53,082660,코스나인,3.92,69.93
53,208640,썸에이지,4.17,67.57
53,038340,MIT,5.28,71.77
53,054300,팬스타엔터프라이즈,0.46,68.25
53,042940,상지건설,-0.27,73.5
53,196490,디에이테크놀로지,1.27,65.22
53,110020,전진바이오팜,3.75,71.71
53,094860,네오리진,6.42,67.51
53,043710,서울리거,-0.13,69.04
53,062970,피피아이,-1.47,70.38
53,038530,케이바이오,-2.2,70.23
53,072520,제넨바이오,2.99,73.12
53,035290,골드앤에스,-1.42,66.03
53,230980,비유테크놀러지,6.0,70.4
53,019660,글로본,2.06,70.14
53,204630,스튜디오산타클로스,2.91,74.24
53,054630,에이디칩스,3.08,67.29
54,018120,진로발효,2.18,18.5
54,040420,정상제이엘에스,-0.24,16.11
54,442900,미래에셋드림스팩1호,3.2,3.98
54,448740,삼성스팩8호,-0.18,2.82
54,435620,하나금융25호스팩,1.77,6.84
54,452980,신한제11호스팩,5.18,4.11
54,451700,엔에이치스팩29호,-0.14,4.39
54,468510,삼성스팩9호,-0.52,11.41
54,449020,유안타제13호스팩,2.17,4.98
54,439410,엔에이치스팩26호,3.67,6.86
54,440820,엔에이치스팩27호,5.59,7.87
54,424140,케이비제21호스팩,0.99,7.6
54,430220,신영스팩8호,6.45,9.54
54,406760,하나금융21호스팩,1.3,8.87
54,422040,엔에이치스팩23호,1.55,7.28
54,473050,유안타제15호스팩,5.38,3.76
54,418170,하나금융22호스팩,5.24,9.18
54,430460,한화플러스제3호스팩,2.65,7.52
54,446840,키움제8호스팩,6.24,8.66
54,435380,유안타제10호스팩,2.74,9.05
54,454640,하나29호스팩,3.5,10.27
54,430700,유안타제9호스팩,3.14,10.35
54,437780,엔에이치스팩24호,5.1,9.99
54,415580,상상인제3호스팩,-0.58,9.99
54,450050,하이제8호스팩,3.64,7.65
54,400840,하이제7호스팩,0.75,8.59
54,452670,상상인제4호스팩,3.28,3.64
54,450940,유안타제14호스팩,-0.58,8.71
54,468760,유진스팩10호,-5.21,11.08
54,445360,비엔케이제1호스팩,4.85,7.98
54,472230,에스케이증권제11호스팩,2.85,7.6
54,475250,하나33호스팩,7.34,4.94
54,435870,에스케이증권제8호스팩,1.68,14.11
54,438580,엔에이치스팩25호,5.36,11.15
55,046890,서울반도체,-2.78,41.26
55,023160,태광,3.03,40.92
55,014620,성광벤드,3.92,42.59
55,243070,휴온스,3.02,42.13
55,265520,AP시스템,0.68,43.14
55,136480,하림,3.12,41.82
55,377450,리파인,1.52,41.84
55,006620,동구바이오제약,-1.3,43.72
55,067280,멀티캠퍼스,4.1,39.66
55,192440,슈피겐코리아,4.71,42.61
55,053580,웹케시,-2.05,40.87
55,347890,엠투아이,1.79,39.89
55,073560,우리손에프앤지,-0.79,40.73
55,007820,에스엠코어,5.55,41.76
55,141000,비아트론,1.76,44.56
55,122310,제노레이,-2.7,41.12
55,065130,탑엔지니어링,5.87,43.45
55,004650,창해에탄올,3.38,39.77
55,042110,에스씨디,2.04,46.03
55,256630,포인트엔지니어링,1.02,44.29
55,189690,포시에스,4.96,42.39
55,122350,삼기,3.49,43.17
55,072990,에이치시티,5.85,41.49
55,024950,삼천리자전거,1.78,43.08
55,256150,한독크린텍,1.59,39.89
55,022220,TKG애강,1.78,42.97
55,062860,티엘아이,3.06,44.05
55,273060,와이즈버즈,0.01,42.59
55,039020,이건홀딩스,1.57,44.26
55,114630,폴라리스우노,2.63,45.42
55,091340,S&K폴리텍,4.98,41.27
55,131180,딜리,4.28,41.8
55,225590,패션플랫폼,-0.79,41.01
55,065570,삼영이엔씨,-0.37,42.72
56,035760,CJ ENM,2.11,35.83
56,253450,스튜디오드래곤,-1.52,38.55
56,006730,서부T&D,5.3,36.12
56,214180,헥토이노베이션,1.07,36.97
56,121440,골프존뉴딘홀딩스,-3.82,35.68
56,261200,덴티스,5.74,39.05
56,072870,메가스터디,-2.31,36.61
56,228850,레이언스,-7.51,31.92
56,054050,농우바이오,4.63,34.36
56,005990,매일홀딩스,6.14,35.17
56,043650,국순당,3.13,37.15
56,104540,코렌텍,-0.01,39.11
56,021320,KCC건설,-4.55,36.6
56,060850,영림원소프트랩,-4.87,37.87
56,115310,인포바인,3.73,36.57
56,067920,이글루,2.38,33.87
56,088910,동우팜투테이블,2.32,34.37
56,307280,원바이오젠,2.25,39.28
56,024830,세원물산,2.82,35.93
56,299170,더블유에스아이,3.75,39.36
56,126640,화신정공,3.9,37.21
56,051390,YW,3.52,38.69
56,001810,무림SP,5.86,38.74
56,333050,모코엠시스,-3.68,36.53
56,008470,부스타,6.26,37.9
56,413600,키움제6호스팩,6.4,35.54
57,441270,파인엠텍,3.45,55.47
57,199820,제일일렉트릭,-0.86,55.77
57,365590,하이딥,0.6,56.84
57,321550,티움바이오,-1.19,57.01
57,047820,초록뱀미디어,2.12,56.83
57,105550,엣지파운드리,0.65,54.26
57,018000,유니슨,-2.1,59.78
57,361390,제노코,0.64,57.06
57,115180,큐리언트,-0.44,59.72
57,099750,이지케어텍,1.08,53.32
57,255440,야스,0.65,53.29
57,106080,하이소닉,2.58,57.07
57,288620,에스퓨얼셀,1.19,59.68
57,153710,옵티팜,4.12,56.09
57,223250,드림씨아이에스,0.53,60.65
57,160550,NEW,3.11,55.74
57,222040,코스맥스엔비티,-1.31,53.99
57,277070,린드먼아시아,-0.77,58.82
57,321260,프로이천,-3.19,54.47
57,239610,에이치엘사이언스,1.17,53.8
57,087600,픽셀플러스,0.68,53.58
57,064520,테크엘,-3.37,55.96
57,347770,핌스,-3.61,56.51
57,246960,SCL사이언스,0.76,55.64
57,100590,머큐리,2.94,55.54
57,290380,대유,-2.56,59.52
57,037030,파워넷,-0.79,59.04
57,056700,신화인터텍,-0.08,54.76
57,187220,디티앤씨,-4.54,55.65
57,222420,쎄노텍,0.71,57.68
57,111870,KH 미래물산,-1.81,54.34
57,351320,에스에이티이엔지,0.87,52.85
57,290270,휴네시온,3.25,58.43
57,012340,뉴인텍,-0.42,54.73
57,115530,씨엔플러스,3.04,58.8
57,187790,나노,0.35,54.51
57,101400,엔시트론,-5.13,56.79
57,049470,SGA,1.47,52.6
57,054940,엑사이엔씨,-0.64,55.72
57,900070,글로벌에스엠,1.72,52.16
57,043590,웰킵스하이텍,-4.61,56.56
57,023790,동일철강,2.95,58.18
57,079190,케스피온,0.3,53.17
57,217620,디딤이앤에프,-1.38,59.75
57,225430,케이엠제약,0.83,54.92
57,215380,우정바이오,-1.61,55.45
58,365340,성일하이텍,-0.59,49.19
58,950170,JTC,-3.26,52.46
58,330860,네패스아크,-4.81,52.46
58,900290,GRT,-4.18,47.63
58,146320,비씨엔씨,-1.68,49.03
58,251120,바이오에프디엔씨,1.04,51.38
58,040910,아이씨디,-1.48,46.81
58,260930,씨티케이,-7.79,49.74
58,257370,피엔티엠에스,-6.77,50.4
58,158430,아톤,-5.03,47.07
58,369370,블리츠웨이스튜디오,-5.46,49.25
58,038880,아이에이,-0.45,47.08
58,260660,알리코제약,-6.28,49.58
58,330730,스톤브릿지벤처스,-8.46,50.95
58,238490,힘스,-2.14,52.89
58,204020,그리티,-2.77,46.02
58,038060,루멘스,-1.94,49.72
58,066360,체리부로,-5.53,50.97
58,322780,코퍼스코리아,-3.54,49.59
58,228340,동양파일,-4.81,49.06
58,153490,우리이앤엘,-2.5,48.25
58,340440,세림B&G,-0.19,52.05
58,267790,배럴,-0.74,52.15
58,208860,엔지스테크널러지,-3.04,52.32
58,127710,아시아경제,-1.43,52.73
58,052860,아이앤씨,-1.69,47.32
58,028080,휴맥스홀딩스,1.07,50.06
58,095910,에스에너지,-2.83,46.67
58,115480,씨유메디칼,-4.95,54.45
58,071850,캐스텍코리아,-5.98,49.64
58,184230,SGA솔루션즈,-0.49,50.21
58,154040,다산솔루에타,-5.58,52.22
58,027040,서울전자통신,0.91,48.68
58,091970,나노캠텍,-2.65,50.11
58,123330,제닉,-4.37,51.79
58,079950,인베니아,-1.51,47.89
59,440110,파두,-10.73,83.41
59,029480,광무,-0.16,83.61
59,451760,컨텍,-9.09,77.98
59,052420,오성첨단소재,-5.24,75.15
59,389500,에스비비테크,0.49,76.2
59,208340,파멥신,-10.66,73.12
59,175250,아이큐어,-5.83,74.4
59,403490,우듬지팜,-12.44,79.44
59,412350,레이저쎌,-4.27,82.38
59,219550,디와이디,-7.16,74.4
59,047770,코데즈컴바인,-2.39,75.16
59,258610,케일럼,-1.44,73.73
59,313760,캐리,-5.74,83.19
59,179530,애드바이오텍,-4.84,74.27
59,317530,캐리소프트,-0.41,77.61
59,227100,퀀텀온,-6.21,84.75
59,044180,KD,1.61,76.64
60,334970,프레스티지바이오로직스,-11.23,63.38
60,371950,풍원정밀,-2.69,62.53
60,067390,아스트,-7.39,62.18
60,092190,서울바이오시스,-5.34,59.74
60,014940,오리엔탈정공,-3.22,60.74
60,311690,CJ 바이오사이언스,-4.69,58.79
60,037950,엘컴텍,-10.47,63.77
60,351330,이삭엔지니어링,-5.77,62.01
60,223310,딥마인드,-5.58,61.12
60,214270,FSN,-2.36,66.1
60,196450,코아시아씨엠,-5.29,62.73
60,168330,내츄럴엔도텍,-8.6,65.18
60,303530,이노뎁,-3.45,63.67
60,056730,CNT85,-10.26,59.74
60,301300,바이브컴퍼니,-10.73,63.42
60,226360,KH 건설,-5.9,62.5
60,089530,에이티세미콘,-6.7,66.18
60,060230,소니드,-5.62,66.69
60,900270,헝셩그룹,-10.48,61.98
60,303360,프로티아,-10.44,61.47
60,065500,오리엔트정공,-3.06,63.45
60,080720,한국유니온제약,-4.83,60.26
60,117670,알파홀딩스,-1.63,62.25
60,083470,이엠앤아이,-9.52,59.16
60,317240,TS트릴리온,-8.42,62.93
60,900120,씨엑스아이,-8.4,57.71
60,060900,DGP,-10.69,59.67
60,030350,드래곤플라이,-4.04,64.36
60,101680,한국정밀기계,-8.79,59.22
60,079970,투비소프트,-3.91,65.58
60,03481K,해성산업1우,-9.21,60.85
61,950160,코오롱티슈진,-11.0,49.41
61,195940,HK이노엔,-8.41,44.07
61,003380,하림지주,-8.39,40.29
61,110790,크리스에프앤씨,-7.05,46.07
61,234340,헥토파이낸셜,-9.85,43.97
61,298540,더네이쳐홀딩스,-5.04,43.14
61,273640,와이엠텍,-9.84,50.66
61,115160,휴맥스,-6.63,41.21
61,347740,피엔케이피부임상연구센타,-9.45,50.09
61,263540,어스앤에어로스페이스,-12.07,47.32
61,241770,메카로,-13.48,42.73
61,189980,흥국에프엔비,-7.56,45.84
61,265740,엔에프씨,-10.14,43.81
61,359090,씨엔알리서치,-12.71,41.53
61,306040,에스제이그룹,-8.13,44.98
61,007680,대원,-7.6,41.22
61,222110,팬젠,-7.64,46.39
61,173940,에프엔씨엔터,-4.98,45.99
61,318010,팜스빌,-7.82,46.06
61,328380,솔트웨어,-7.0,44.81
61,208350,지란지교시큐리티,-3.76,42.46
61,310870,디와이씨,-9.44,39.22
61,085810,알티캐스트,-10.12,47.05
61,250930,예선테크,-10.23,44.31
61,065150,대산F&B,-11.56,49.57
61,065690,파커스,-8.21,38.71
62,452190,한빛레이저,-9.74,108.44
63,267980,매일유업,-6.32,27.62
63,225190,LK삼양,-6.18,24.71
63,439250,삼성스팩7호,-17.37,12.06
63,446190,미래에셋비전스팩2호,-10.18,23.04
63,458610,한국제12호스팩,-8.82,17.41
63,462020,에이치엠씨제6호스팩,-13.34,17.63
63,457940,에스케이증권제10호스팩,-11.36,19.4
64,293490,카카오게임즈,-17.75,48.82
64,393890,더블유씨피,-8.68,55.74
64,107600,새빗켐,-14.44,59.5
64,382840,원준,-14.77,56.71
64,262260,에이프로,-13.97,50.18
64,330350,위더스제약,-10.96,54.5
64,382480,지아이텍,-18.75,58.75
64,396300,세아메카닉스,-19.1,53.47
64,348350,위드텍,-9.42,54.1
64,352910,오비고,-19.28,56.33
64,368600,아이씨에이치,-19.22,53.36
64,136410,아셈스,-12.58,54.91
64,263700,케어랩스,-13.91,58.05
64,318020,포인트모바일,-15.69,56.07
64,419540,비스토스,-16.7,58.66
64,290720,푸드나무,-12.64,54.54
64,900310,컬러레이,-11.49,53.4
64,290520,신도기연,-18.97,57.88
64,289010,아이스크림에듀,-11.29,54.63
64,356890,싸이버원,-14.92,50.62
64,131760,파인텍,-12.79,53.61
64,238200,비피도,-12.23,50.06
64,900110,이스트아시아홀딩스,-9.11,55.45
64,900260,로스웰,-19.19,57.41
64,215790,이노인스트루먼트,-14.49,53.59
64,054220,비츠로시스,-11.0,54.68
64,308100,까스텔바작,-14.91,59.94
64,071460,위니아,-10.38,57.64
65,420770,기가비스,-19.43,64.86
65,376300,디어유,-16.36,62.1
65,348150,고바이오랩,-17.44,62.27
65,032860,더라미,-18.97,64.63
65,263050,유틸렉스,-16.78,67.62
65,377480,마음AI,-11.39,70.6
65,950200,소마젠,-12.03,64.03
65,236810,엔비티,-15.12,69.25
65,187660,에이디엠코리아,-11.94,65.96
65,363260,모비데이즈,-20.35,64.65
65,288330,브릿지바이오테라퓨틱스,-16.29,68.21
65,353590,오토앤,-15.08,65.54
65,389030,지니너스,-14.36,66.71
65,291650,압타머사이언스,-20.38,64.55
65,131100,티엔엔터테인먼트,-14.85,68.96
65,361670,삼영에스앤씨,-17.4,68.53
65,312610,에이에프더블류,-14.58,61.38
65,290660,네오펙트,-16.74,60.78
65,089230,THE E&M,-14.79,66.61
65,900280,골든센츄리,-13.89,64.81
65,425290,삼성스팩6호,-20.74,63.11
66,357230,에이치피오,-17.87,35.77
66,376190,LB루셈,-20.49,39.71
66,950190,고스트스튜디오,-15.57,36.77
66,160600,이큐셀,-19.05,40.61
66,333620,엔시스,-22.35,47.26
66,352700,씨앤투스,-23.62,41.57
66,204610,티쓰리,-22.28,41.47
66,376290,씨유테크,-22.38,34.03
66,318410,비비씨,-17.11,31.61
66,353190,휴럼,-14.31,39.22
66,169330,엠브레인,-22.08,36.36
66,332370,아이디피,-12.3,31.37
66,221840,하이즈항공,-15.04,39.17
66,331520,밸로프,-13.55,39.39
66,424760,벨로크,-19.43,38.39
66,275630,에스에스알,-20.18,46.85
67,439090,마녀공장,-20.75,78.02
67,378800,샤페론,-23.07,83.4
67,365270,큐라클,-21.42,78.74
67,377030,맥스트,-25.14,70.85
67,347860,알체라,-22.12,76.35
67,406820,뷰티스킨,-29.97,80.94
67,245620,EDGC,-14.0,76.1
67,298060,에스씨엠생명과학,-25.14,78.28
67,417180,핑거스토리,-21.49,73.95
67,357880,비트나인,-23.59,73.72
67,258830,세종메디칼,-14.65,76.25
67,214310,에스엘에너지,-19.66,76.91
67,106520,노블엠앤비,-17.17,73.56
67,323230,엠에프엠코리아,-24.61,73.7
68,332570,와이팜,-26.99,49.66
68,172670,에이엘티,-29.44,58.45
68,261780,차백신연구소,-21.4,54.59
68,309960,LB인베스트먼트,-25.63,58.77
68,340930,유일에너테크,-23.8,57.86
68,419530,SAMG엔터,-26.23,64.46
68,317690,퀀타매트릭스,-24.56,63.51
68,163730,핑거,-22.67,54.59
68,276730,제주맥주,-25.55,60.84
68,129890,앱코,-23.89,54.61
68,348030,모비릭스,-30.88,53.0
68,405000,플라즈맵,-27.31,61.17
68,217480,에스디생명공학,-23.68,61.84
68,137080,나래나노텍,-26.37,52.06
68,296640,이노룰스,-28.5,58.47
68,299910,애닉,-21.82,56.54
68,352940,인바이오,-25.48,52.54
68,331920,셀레믹스,-29.88,59.02
68,174880,장원테크,-23.37,59.2
69,466910,엔에이치스팩30호,-22.19,27.49
69,475240,하나32호스팩,-29.64,19.47
70,417010,나노팀,-38.13,65.37
70,418620,이에이트,-40.94,71.97
70,445180,퓨릿,-31.06,69.36
70,408900,스튜디오미르,-33.78,76.3
70,102370,케이옥션,-31.87,71.77
70,321370,센서뷰,-32.52,70.77
70,389140,포바이포,-37.8,78.8
70,424980,마이크로투나노,-32.23,63.72
70,405920,나라셀라,-30.33,69.17
70,129920,대성하이텍,-36.88,65.01
70,352770,클리노믹스,-31.25,66.84
70,354200,엔젠바이오,-34.39,64.96
70,900300,오가닉티코스메틱,-28.8,65.88
70,347700,라이프시맨틱스,-33.37,69.96
70,380540,옵티코어,-27.11,67.76
70,372800,아이티아이즈,-26.68,66.56
70,299660,셀리드,-27.98,72.76
70,244460,올리패스,-34.0,80.43
71,382900,범한퓨얼셀,-28.46,49.28
71,294570,쿠콘,-26.94,39.7
71,417790,트루엔,-32.83,45.0
71,417970,모델솔루션,-34.38,48.03
71,314140,알피바이오,-31.04,46.55
71,099390,브레인즈컴퍼니,-36.04,47.12
71,262840,아이퀘스트,-28.67,41.13
71,368970,오에스피,-33.5,43.48
71,365900,브이씨,-34.24,46.76
71,477380,미래에셋비전스팩4호,-42.39,42.28
71,456440,DB금융스팩11호,-44.06,35.84
71,455910,에스케이증권제9호스팩,-39.73,37.96
72,950220,네오이뮨텍,-40.9,55.86
72,127980,화인써키트,-41.27,58.28
72,271830,팸텍,-42.33,54.38
72,308080,바이젠셀,-45.04,50.0
72,361570,알비더블유,-37.43,55.85
72,290090,트윔,-35.98,50.46
72,419120,산돌,-38.41,51.21
72,376980,원티드랩,-42.41,57.39
72,148930,에이치와이티씨,-35.48,54.43
72,377220,프롬바이오,-37.46,54.05
72,335810,프리시젼바이오,-36.65,49.09
72,367000,플래티어,-32.81,56.01
72,377330,이지트로닉스,-37.79,50.74
73,452280,한선엔지니어링,-39.06,87.83
73,199550,레이저옵텍,-52.28,89.62
73,430690,한싹,-33.85,90.02
73,440320,오픈놀,-42.67,86.58
74,419050,삼기이브이,-39.7,66.55
74,411080,샌즈랩,-44.38,71.53
74,276040,스코넥,-42.16,64.78
74,340810,씨유박스,-54.56,64.13
74,318160,셀바이오휴먼텍,-47.5,62.01
74,291810,핀텔,-48.57,61.33
74,377460,위니아에이드,-50.92,63.11
75,378340,필에너지,-54.69,80.57
75,354320,알멕,-53.6,72.69
75,453860,에이에스텍,-59.01,74.3
75,418470,밀리의서재,-57.49,76.09
75,443250,레뷰코퍼레이션,-52.1,79.87
75,240600,유진테크놀로지,-54.33,81.15
75,285800,진영,-47.3,74.95
75,434480,모니터랩,-56.27,68.51
75,373170,엠아이큐브솔루션,-54.63,78.07
75,429270,시지트로닉스,-49.2,73.74
75,417860,오브젠,-55.85,71.94
75,290560,신시웨이,-55.38,69.68
76,452160,제이엔비,-45.14,111.87
76,109670,씨싸이트,-68.89,115.43
76,355390,크라우드웍스,-51.27,100.98
77,472850,폰드그룹,-63.57,42.94
77,438700,버넥트,-53.82,49.79
77,199730,바이오인프라,-54.46,46.46
77,456490,교보14호스팩,-62.53,43.4
78,460930,현대힘스,-65.72,87.39
78,448280,에코아이,-74.31,75.44
78,402490,그린리소스,-72.44,83.55
78,384470,코어라인소프트,-62.5,93.05
78,432470,케이엔에스,-59.02,87.5
78,274400,이노시뮬레이션,-71.67,71.29
78,348080,큐라티스,-64.64,82.63
78,355690,에이텀,-74.93,88.24
78,418250,시큐레터,-67.84,86.47
78,452300,캡스톤파트너스,-67.2,85.31
78,450520,인스웨이브시스템즈,-61.86,93.63
79,437730,삼현,-83.36,55.06
79,452400,이닉스,-90.45,58.0
79,352090,스톰테크,-74.02,50.94
79,105760,포스뱅크,-85.44,56.18
79,440290,HB인베스트먼트,-86.97,52.03
79,088280,쏘닉스,-81.48,50.09
79,146060,율촌,-77.3,61.68
79,188260,세니젠,-74.1,49.85
80,452430,사피엔반도체,-81.79,99.99
80,360350,코셈,-81.87,100.0
81,455900,엔젤로보틱스,-89.31,67.33
81,452200,민테크,-85.82,71.73
81,439580,블루엠텍,-83.53,81.67
81,456010,아이씨티케이,-99.89,63.06
81,068100,케이웨더,-96.0,70.79
81,362990,드림인사이트,-88.69,66.99
82,295310,에이치브이엠,-99.98,77.67
82,464080,에스오에스랩,-99.96,94.22
82,458870,씨어스테크놀로지,-99.49,72.64
82,462510,라메디텍,-99.91,75.6
82,199430,케이엔알시스템,-92.13,82.08
82,373110,엑셀세라퓨틱스,-94.64,76.07
83,160190,하이젠알앤엠,-99.78,101.08
83,453450,그리드위즈,-99.11,119.08
83,461030,아이엠비디엑스,-92.7,111.86
83,145170,노브랜드,-99.73,114.15
84,462350,이노스페이스,-99.11,54.55
84,412540,제일엠앤에스,-97.32,45.27
84,126730,코칩,-97.73,49.82
84,450330,하스,-99.9,52.33
84,415380,스튜디오삼익,-95.27,48.31
