,Return,Std Dev,Symbol(Name)
247540,89.85,60.35,247540 (에코프로비엠)
196170,104.1,68.87,196170 (알테오젠)
086520,60.58,58.31,086520 (에코프로)
028300,70.04,74.08,028300 (HLB)
000250,57.76,56.5,000250 (삼천당제약)
348370,78.1,77.37,348370 (엔켐)
068760,35.21,55.14,068760 (셀트리온제약)
141080,45.84,59.35,141080 (리가켐바이오)
145020,33.48,49.36,145020 (휴젤)
058470,32.32,35.39,058470 (리노공업)
214150,44.93,49.03,214150 (클래시스)
263750,26.32,49.93,263750 (펄어비스)
277810,100.52,68.83,277810 (레인보우로보틱스)
257720,203.62,85.16,257720 (실리콘투)
403870,102.94,66.5,403870 (HPSP)
035900,39.24,51.74,035900 (JYP Ent.)
039030,32.3,50.48,039030 (이오테크닉스)
357780,7.31,40.48,357780 (솔브레인)
225570,34.62,62.53,225570 (넥슨게임즈)
005290,27.75,47.44,005290 (동진쎄미켐)
078600,40.16,54.91,078600 (대주전자재료)
041510,38.35,50.94,041510 (에스엠)
240810,20.62,44.97,240810 (원익IPS)
237690,24.11,55.01,237690 (에스티팜)
035760,1.99,35.79,035760 (CJ ENM)
089030,34.35,47.27,089030 (테크윙)
293490,-17.43,48.7,293490 (카카오게임즈)
039200,48.33,64.72,039200 (오스코텍)
214450,13.97,46.09,214450 (파마리서치)
178320,29.75,47.49,178320 (서진시스템)
310210,135.83,77.92,310210 (보로노이)
065350,39.23,59.32,065350 (신성델타테크)
950160,-11.15,49.39,950160 (코오롱티슈진)
232140,47.94,55.19,232140 (와이씨)
298380,40.46,65.83,298380 (에이비엘바이오)
087010,43.07,67.97,087010 (펩트론)
051980,40.15,81.35,051980 (중앙첨단소재)
112040,30.69,63.71,112040 (위메이드)
036930,16.32,48.82,036930 (주성엔지니어링)
067630,53.79,75.99,067630 (HLB생명과학)
137400,39.89,52.55,137400 (피엔티)
086900,34.83,54.11,086900 (메디톡스)
064760,32.4,47.89,064760 (티씨케이)
096530,31.73,56.3,096530 (씨젠)
204270,37.39,57.54,204270 (제이앤티씨)
417200,-14.38,85.95,417200 (LS머트리얼즈)
018290,35.36,62.11,018290 (브이티)
253450,-2.34,38.48,253450 (스튜디오드래곤)
352480,82.57,56.11,352480 (씨앤씨인터내셔널)
140860,56.66,45.56,140860 (파크시스템스)
067160,36.92,55.59,067160 (SOOP)
033100,48.11,59.13,033100 (제룡전기)
214370,15.43,49.87,214370 (케어젠)
121600,39.06,57.84,121600 (나노신소재)
195940,-9.53,43.93,195940 (HK이노엔)
328130,87.2,78.97,328130 (루닛)
036830,26.11,50.25,036830 (솔브레인홀딩스)
281740,62.22,55.8,281740 (레이크머티리얼즈)
095340,39.53,52.71,095340 (ISC)
084370,30.38,47.69,084370 (유진테크)
031980,29.87,49.12,031980 (피에스케이홀딩스)
067310,24.51,51.93,067310 (하나마이크론)
287410,38.82,41.45,287410 (제이시스메디칼)
140410,30.99,59.27,140410 (메지온)
078130,30.71,60.94,078130 (국일제지)
222800,25.79,49.5,222800 (심텍)
085660,17.45,51.51,085660 (차바이오텍)
025320,24.26,60.95,025320 (시노펙스)
056190,14.58,36.43,056190 (에스에프에이)
166090,45.89,53.09,166090 (하나머티리얼즈)
064550,43.12,69.08,064550 (바이오니아)
047920,46.68,71.3,047920 (HLB제약)
440110,-16.56,82.11,440110 (파두)
213420,25.04,49.8,213420 (덕산네오룩스)
317330,47.11,63.82,317330 (덕산테코피아)
119860,14.11,44.04,119860 (커넥트웨이브)
319660,40.99,51.91,319660 (피에스케이)
393890,-14.84,55.53,393890 (더블유씨피)
241710,27.97,52.36,241710 (코스메카코리아)
086450,20.79,36.08,086450 (동국제약)
383310,44.18,79.6,383310 (에코프로에이치엔)
042000,18.5,67.49,042000 (카페24)
098460,29.68,43.27,098460 (고영)
048410,36.47,75.74,048410 (현대바이오)
009520,36.98,57.01,009520 (포스코엠텍)
365340,-6.76,48.99,365340 (성일하이텍)
074600,36.12,45.89,074600 (원익QnC)
036540,12.42,50.92,036540 (SFA반도체)
183300,31.39,47.73,183300 (코미코)
122870,13.33,46.27,122870 (와이지엔터테인먼트)
025900,24.02,47.75,025900 (동화기업)
115450,24.46,67.62,115450 (HLB테라퓨틱스)
007390,73.47,84.99,007390 (네이처셀)
222080,34.06,53.56,222080 (씨아이에스)
041190,55.66,69.2,041190 (우리기술투자)
003380,-8.47,40.22,003380 (하림지주)
036810,42.12,56.24,036810 (에프에스티)
237880,12.1,50.04,237880 (클리오)
278280,19.54,51.11,278280 (천보)
101360,109.09,100.54,101360 (에코앤드림)
069080,18.72,53.93,069080 (웹젠)
131970,33.29,50.82,131970 (두산테스나)
101490,26.47,50.88,101490 (에스앤에스텍)
199800,83.35,73.06,199800 (툴젠)
215200,18.28,40.14,215200 (메가스터디교육)
336570,33.99,43.69,336570 (원텍)
194480,18.51,63.15,194480 (데브시스터즈)
015750,12.23,46.16,015750 (성우하이텍)
272290,9.14,46.41,272290 (이녹스첨단소재)
053030,27.78,62.95,053030 (바이넥스)
053800,24.07,57.69,053800 (안랩)
399720,81.01,81.03,399720 (가온칩스)
420770,-24.76,64.18,420770 (기가비스)
335890,53.26,45.78,335890 (비올)
189300,32.99,50.87,189300 (인텔리안테크)
348210,38.6,46.68,348210 (넥스틴)
376300,-18.04,61.76,376300 (디어유)
251970,26.53,46.45,251970 (펌텍코리아)
418550,9.74,72.1,418550 (제이오)
058970,76.16,74.02,058970 (엠로)
060370,27.7,49.5,060370 (LS마린솔루션)
046890,-3.09,41.22,046890 (서울반도체)
131290,21.61,54.2,131290 (티에스이)
253590,57.01,59.25,253590 (네오셈)
460930,-64.06,85.23,460930 (현대힘스)
114840,110.4,61.03,114840 (아이패밀리에스씨)
058610,17.9,43.87,058610 (에스피지)
080220,39.46,60.48,080220 (제주반도체)
099190,15.87,41.01,099190 (아이센스)
091120,31.56,49.73,091120 (이엠텍)
078340,22.79,51.93,078340 (컴투스)
144510,11.8,58.95,144510 (지씨셀)
025980,38.31,62.5,025980 (아난티)
179900,51.67,61.37,179900 (유티아이)
200130,14.79,44.34,200130 (콜마비앤에이치)
340570,39.62,50.09,340570 (티앤엘)
032500,25.28,50.8,032500 (케이엠더블유)
290690,56.71,92.38,290690 (소룩스)
215000,9.22,36.84,215000 (골프존)
358570,27.59,69.02,358570 (지아이이노베이션)
228760,22.71,64.94,228760 (지노믹트리)
023160,4.08,41.06,023160 (태광)
091700,12.63,43.04,091700 (파트론)
099320,18.49,46.39,099320 (쎄트렉아이)
082920,19.0,38.63,082920 (비츠로셀)
372170,53.73,70.59,372170 (윤성에프앤씨)
338220,26.28,69.71,338220 (뷰노)
095660,8.15,51.2,095660 (네오위즈)
314930,40.85,62.47,314930 (바이오다인)
220100,31.48,67.23,220100 (퓨쳐켐)
030520,20.62,47.15,030520 (한글과컴퓨터)
290650,31.08,52.3,290650 (엘앤씨바이오)
032190,20.13,44.91,032190 (다우데이타)
084850,7.35,51.55,084850 (아이티엠반도체)
006730,5.03,36.1,006730 (서부T&D)
215600,8.64,66.16,215600 (신라젠)
082270,27.7,60.19,082270 (젬백스)
014620,4.5,42.63,014620 (성광벤드)
079370,33.48,48.48,079370 (제우스)
256840,46.82,70.26,256840 (한국비엔씨)
372320,111.12,85.03,372320 (큐로셀)
206640,9.06,58.14,206640 (바디텍메드)
068240,17.61,47.18,068240 (다원시스)
206650,36.16,64.08,206650 (유바이오로직스)
033500,19.83,43.52,033500 (동성화인텍)
108860,25.04,57.73,108860 (셀바스AI)
297890,26.25,66.35,297890 (HB솔루션)
445090,119.87,104.6,445090 (에이직랜드)
439090,-18.53,77.46,439090 (마녀공장)
060280,13.67,51.65,060280 (큐렉소)
304360,160.55,100.78,304360 (에스바이오메딕스)
397030,62.15,70.07,397030 (에이프릴바이오)
034950,13.49,16.64,034950 (한국기업평가)
455900,-90.94,65.16,455900 (엔젤로보틱스)
161580,14.79,55.89,161580 (필옵틱스)
171090,40.31,69.89,171090 (선익시스템)
039440,46.02,55.95,039440 (에스티아이)
122640,51.87,65.37,122640 (예스티)
095610,27.34,51.83,095610 (테스)
252990,6.29,53.11,252990 (샘씨엔에스)
043150,17.48,44.11,043150 (바텍)
243070,2.72,42.06,243070 (휴온스)
104830,11.49,38.69,104830 (원익머트리얼즈)
200670,14.69,49.27,200670 (휴메딕스)
394280,84.04,82.48,394280 (오픈엣지테크놀로지)
059090,33.92,58.13,059090 (미코)
160190,-80.59,123.75,160190 (하이젠알앤엠)
294090,50.1,83.58,294090 (이오플로우)
049070,16.61,44.19,049070 (인탑스)
323990,75.26,91.89,323990 (박셀바이오)
099430,1.94,47.37,099430 (바이오플러스)
107640,129.74,110.0,107640 (한중엔시에스)
101160,26.89,50.72,101160 (월덱스)
095500,16.66,55.54,095500 (미래나노텍)
038500,12.61,53.96,038500 (삼표시멘트)
013030,15.19,40.31,013030 (하이록코리아)
093320,34.56,49.46,093320 (케이아이엔엑스)
064800,25.43,57.23,064800 (포니링크)
102710,18.53,47.35,102710 (이엔에프테크놀로지)
033790,37.45,64.96,033790 (스카이문스테크놀로지)
032820,20.93,65.01,032820 (우리기술)
029960,25.89,46.51,029960 (코엔텍)
089010,25.02,52.08,089010 (켐트로닉스)
094170,39.12,62.41,094170 (동운아나텍)
094360,61.98,63.58,094360 (칩스앤미디어)
230360,11.4,49.61,230360 (에코마케팅)
089980,23.73,49.66,089980 (상아프론테크)
218410,13.24,43.88,218410 (RFHIC)
319400,13.87,48.14,319400 (현대무벡스)
166480,2.66,61.13,166480 (코아스템켐온)
347850,-11.7,89.34,347850 (디앤디파마텍)
031330,25.24,49.96,031330 (에스에이엠티)
950140,29.79,55.87,950140 (잉글우드랩)
151860,18.17,52.33,151860 (KG에코솔루션)
119610,21.02,34.74,119610 (인터로조)
378340,-61.81,79.33,378340 (필에너지)
360070,38.79,76.55,360070 (탑머티리얼)
005160,10.63,41.31,005160 (동국산업)
060250,31.69,49.35,060250 (NHN KCP)
110990,27.3,57.76,110990 (디아이티)
114190,20.7,52.48,114190 (강원에너지)
044490,1.27,47.46,044490 (태웅)
267980,-6.45,27.59,267980 (매일유업)
045100,16.85,42.95,045100 (한양이엔지)
041830,30.64,50.73,041830 (인바디)
050890,22.41,56.49,050890 (쏠리드)
114810,26.22,46.58,114810 (한솔아이원스)
136480,2.78,41.77,136480 (하림)
058820,19.2,62.29,058820 (CMG제약)
334970,-10.56,63.42,334970 (프레스티지바이오로직스)
025770,30.4,54.95,025770 (한국정보통신)
138580,27.65,54.26,138580 (비즈니스온)
101730,19.08,67.69,101730 (위메이드맥스)
051360,19.65,42.83,051360 (토비스)
041020,16.2,66.93,041020 (폴라리스오피스)
035890,8.53,46.82,035890 (서희건설)
255220,37.01,65.44,255220 (SG)
036620,29.71,64.68,036620 (감성코퍼레이션)
388720,26.36,69.67,388720 (유일로보틱스)
084110,24.05,47.07,084110 (휴온스글로벌)
126700,24.14,49.78,126700 (하이비젼시스템)
078150,23.25,54.62,078150 (HB테크놀러지)
265520,-1.4,43.14,265520 (AP시스템)
039840,18.51,48.22,039840 (디오)
035600,17.84,49.26,035600 (KG이니시스)
027360,30.73,53.18,027360 (아주IB투자)
060150,9.53,40.16,060150 (인선이엔티)
441270,-3.9,55.63,441270 (파인엠텍)
243840,22.15,48.24,243840 (신흥에스이씨)
003800,10.17,29.18,003800 (에이스침대)
083450,37.36,49.04,083450 (GST)
041960,9.23,54.1,041960 (코미팜)
095700,15.67,53.64,095700 (제넥신)
018310,21.93,50.93,018310 (삼목에스폼)
102940,16.47,56.44,102940 (코오롱생명과학)
100790,23.81,51.37,100790 (미래에셋벤처투자)
263720,35.08,59.19,263720 (디앤씨미디어)
024060,37.76,62.5,024060 (흥구석유)
053610,23.22,48.55,053610 (프로텍)
033640,13.02,51.68,033640 (네패스)
094480,29.62,66.67,094480 (갤럭시아머니트리)
950170,-4.03,52.38,950170 (JTC)
216080,37.96,63.46,216080 (제테마)
051370,20.67,56.88,051370 (인터플렉스)
425040,59.28,108.7,425040 (티이엠씨)
118990,19.06,60.25,118990 (모트렉스)
023410,11.79,45.81,023410 (유진기업)
092040,12.85,54.56,092040 (아미코젠)
389020,56.07,95.0,389020 (자람테크놀로지)
416180,13.1,99.58,416180 (신성에스티)
217270,10.29,58.95,217270 (넵튠)
123860,12.23,47.25,123860 (아나패스)
060720,10.3,52.13,060720 (KH바텍)
200710,35.37,61.74,200710 (에이디테크놀로지)
054950,9.34,40.72,054950 (제이브이엠)
108230,18.13,49.84,108230 (톱텍)
214680,15.66,57.73,214680 (디알텍)
357550,42.89,61.79,357550 (석경에이티)
323280,43.22,65.42,323280 (태성)
950130,19.81,66.51,950130 (엑세스바이오)
299900,37.3,63.07,299900 (위지윅스튜디오)
078020,1.5,26.35,078020 (LS증권)
089970,19.22,50.12,089970 (브이엠)
083650,14.3,58.82,083650 (비에이치아이)
100120,18.82,45.52,100120 (뷰웍스)
121800,21.24,74.58,121800 (비덴트)
077360,10.95,48.45,077360 (덕산하이메탈)
126340,65.31,70.82,126340 (비나텍)
148150,21.73,55.16,148150 (세경하이테크)
299030,6.44,61.3,299030 (하나기술)
108490,18.27,59.54,108490 (로보티즈)
078350,23.52,50.63,078350 (한양디지텍)
235980,9.81,72.02,235980 (메드팩토)
126600,11.41,46.09,126600 (BGF에코머티리얼즈)
064090,36.27,90.71,064090 (웨스트라이즈)
226950,8.1,65.68,226950 (올릭스)
307750,44.89,68.21,307750 (국전약품)
052020,39.48,76.79,052020 (에스티큐브)
268600,30.29,76.06,268600 (셀리버리)
096040,12.37,73.98,096040 (이트론)
036200,33.15,52.22,036200 (유니셈)
150840,35.13,68.66,150840 (인트로메딕)
013120,14.62,30.35,013120 (동원개발)
034810,8.55,39.52,034810 (해성산업)
064260,7.81,55.62,064260 (다날)
317690,9.69,70.79,317690 (퀀타매트릭스)
086390,31.35,54.16,086390 (유니테스트)
054450,15.0,47.13,054450 (텔레칩스)
056080,23.23,54.97,056080 (유진로봇)
080160,8.44,40.72,080160 (모두투어)
205470,46.29,76.2,205470 (휴마시스)
082850,13.83,60.26,082850 (우리바이오)
270520,41.46,65.88,270520 (지오릿에너지)
030530,12.89,47.86,030530 (원익홀딩스)
064290,16.67,54.06,064290 (인텍플러스)
043370,11.36,41.48,043370 (피에이치에이)
090360,25.06,54.7,090360 (로보스타)
211050,109.59,105.55,211050 (인카금융서비스)
102120,23.45,50.8,102120 (어보브반도체)
348340,35.61,75.49,348340 (뉴로메카)
086890,10.31,57.67,086890 (이수앱지스)
425420,118.64,80.79,425420 (티에프이)
270660,81.61,97.66,270660 (에브리봇)
086980,26.7,51.8,086980 (쇼박스)
298830,-7.94,82.95,298830 (슈어소프트테크)
337930,11.49,47.18,337930 (브랜드엑스코퍼레이션)
061970,17.54,55.62,061970 (LB세미콘)
293780,15.3,74.27,293780 (압타바이오)
214430,11.7,45.22,214430 (아이쓰리시스템)
144960,19.08,48.58,144960 (뉴파워프라즈마)
051500,9.53,37.81,051500 (CJ프레시웨이)
032620,17.24,48.5,032620 (유비케어)
101930,11.66,36.9,101930 (인화정공)
024850,38.64,73.37,024850 (HLB이노베이션)
038290,21.68,52.97,038290 (마크로젠)
109610,45.17,71.73,109610 (에스와이)
083930,20.5,48.94,083930 (아바코)
437730,-87.43,54.44,437730 (삼현)
461030,-85.57,110.07,461030 (아이엠비디엑스)
290550,36.82,60.74,290550 (디케이티)
371950,-10.67,62.62,371950 (풍원정밀)
052400,8.68,48.45,052400 (코나아이)
036030,7.94,48.68,036030 (케이티알파)
278650,25.01,81.6,278650 (HLB바이오스텝)
078160,14.45,54.62,078160 (메디포스트)
017890,13.78,39.69,017890 (한국알콜)
204620,9.49,46.27,204620 (글로벌텍스프리)
174900,29.74,74.13,174900 (앱클론)
047310,12.65,57.21,047310 (파워로직스)
057880,18.48,68.31,057880 (푸른소나무)
083310,25.14,50.2,083310 (엘오티베큠)
048530,24.23,60.96,048530 (인트론바이오)
330860,-7.79,52.48,330860 (네패스아크)
322510,42.81,75.39,322510 (제이엘케이)
179290,26.1,60.18,179290 (엠아이텍)
011040,9.54,34.99,011040 (경동제약)
048870,19.65,73.17,048870 (시너지이노베이션)
045390,21.15,56.91,045390 (대아티아이)
097800,17.23,62.13,097800 (윈팩)
082800,10.57,64.65,082800 (비보존 제약)
389260,22.52,74.39,389260 (대명에너지)
052420,-2.23,75.28,052420 (오성첨단소재)
143240,15.72,45.72,143240 (사람인)
092870,27.41,55.44,092870 (엑시콘)
448280,-73.3,73.74,448280 (에코아이)
412540,-97.65,46.25,412540 (제일엠앤에스)
092730,22.17,48.15,092730 (네오팜)
377450,1.4,41.67,377450 (리파인)
073010,10.72,48.88,073010 (케이에스피)
042370,15.62,51.38,042370 (비츠로테크)
203400,27.41,67.63,203400 (에이비온)
006620,-0.9,44.68,006620 (동구바이오제약)
452280,-20.04,93.66,452280 (한선엔지니어링)
067390,-7.68,62.09,067390 (아스트)
900290,-4.96,47.55,900290 (GRT)
036800,18.19,32.87,036800 (나이스정보통신)
190510,20.94,54.49,190510 (나무가)
396470,150.61,99.56,396470 (워트)
009300,25.35,45.19,009300 (삼아제약)
036890,15.59,48.05,036890 (진성티이씨)
014940,-2.39,60.73,014940 (오리엔탈정공)
045970,15.42,49.64,045970 (코아시아)
024810,13.78,71.04,024810 (이화전기)
217330,28.97,58.47,217330 (싸이토젠)
033160,13.03,43.86,033160 (엠케이전자)
071280,29.06,53.29,071280 (로체시스템즈)
053080,19.14,59.98,053080 (케이엔솔)
029480,-1.13,83.56,029480 (광무)
089600,15.02,46.15,089600 (나스미디어)
122990,12.39,42.91,122990 (와이솔)
138610,30.03,67.33,138610 (나이벡)
322310,-6.19,68.08,322310 (오로스테크놀로지)
046440,12.42,48.85,046440 (KG모빌리언스)
084990,19.1,61.43,084990 (헬릭스미스)
443670,-0.24,129.89,443670 (에스피소프트)
032300,34.47,78.35,032300 (한국파마)
078070,14.52,44.05,078070 (유비쿼스홀딩스)
304100,21.93,67.9,304100 (솔트룩스)
200470,31.08,56.42,200470 (에이팩트)
068930,16.25,39.47,068930 (디지털대성)
194700,8.21,41.46,194700 (노바렉스)
182360,31.39,60.47,182360 (큐브엔터)
453450,-99.05,107.94,453450 (그리드위즈)
067080,28.75,57.84,067080 (대화제약)
083790,14.36,58.14,083790 (CG인바이츠)
023760,2.79,28.57,023760 (한국캐피탈)
122450,14.14,43.14,122450 (KX)
019210,12.52,41.15,019210 (와이지-원)
016790,44.11,90.41,016790 (현대사료)
211270,14.14,48.64,211270 (AP위성)
146320,-6.45,48.97,146320 (비씨엔씨)
214260,31.91,70.23,214260 (라파스)
417010,-46.25,64.9,417010 (나노팀)
079940,27.33,49.3,079940 (가비아)
005860,32.08,62.89,005860 (한일사료)
236200,10.13,42.21,236200 (슈프리마)
079810,33.94,60.76,079810 (디이엔티)
096240,7.35,38.96,096240 (크레버스)
457550,110.96,135.44,457550 (우진엔텍)
092190,-6.29,59.66,092190 (서울바이오시스)
093640,40.4,70.22,093640 (케이알엠)
035810,13.26,47.95,035810 (이지홀딩스)
402030,46.04,87.09,402030 (코난테크놀로지)
354320,-59.74,71.91,354320 (알멕)
405100,39.91,72.11,405100 (큐알티)
254490,8.01,68.32,254490 (미래반도체)
064820,11.43,48.17,064820 (케이프)
035080,4.26,48.9,035080 (그래디언트)
067280,3.55,39.63,067280 (멀티캠퍼스)
106190,15.76,45.54,106190 (하이텍팜)
225530,31.54,60.56,225530 (보광산업)
462350,-99.77,63.92,462350 (이노스페이스)
282880,8.25,47.96,282880 (코윈테크)
054210,21.12,55.64,054210 (이랜텍)
066790,29.08,71.49,066790 (씨씨에스)
305090,29.2,68.5,305090 (마이크로디지탈)
136540,16.59,39.3,136540 (윈스)
123040,10.69,52.96,123040 (엠에스오토텍)
472850,-62.27,42.09,472850 (폰드그룹)
089890,40.51,56.4,089890 (코세스)
143160,15.23,46.27,143160 (아이디스)
049950,31.93,57.85,049950 (미래컴퍼니)
037070,23.34,49.04,037070 (파세코)
298540,-5.44,43.12,298540 (더네이쳐홀딩스)
149950,8.89,43.04,149950 (아바텍)
110790,-8.25,45.95,110790 (크리스에프앤씨)
053300,17.28,53.03,053300 (한국정보인증)
101670,26.72,67.08,101670 (하이드로리튬)
060590,19.93,54.71,060590 (씨티씨바이오)
131370,16.27,56.26,131370 (알서포트)
048550,26.41,58.36,048550 (SM C&C)
217820,11.76,62.82,217820 (원익피앤이)
182400,5.48,61.36,182400 (엔케이맥스)
214180,0.72,36.89,214180 (헥토이노베이션)
396270,8.26,75.47,396270 (넥스트칩)
192440,4.54,42.53,192440 (슈피겐코리아)
112290,27.6,69.42,112290 (와이씨켐)
063570,14.45,44.01,063570 (한국전자금융)
063080,14.34,58.07,063080 (컴투스홀딩스)
092070,30.63,51.37,092070 (디엔에프)
356860,1.3,53.4,356860 (티엘비)
091580,23.81,51.33,091580 (상신이디피)
030960,35.72,62.0,030960 (양지사)
042600,28.23,59.23,042600 (새로닉스)
047560,20.81,57.46,047560 (이스트소프트)
117730,29.36,63.06,117730 (티로보틱스)
025950,31.96,67.72,025950 (동신건설)
234340,-10.86,44.64,234340 (헥토파이낸셜)
039980,16.36,56.27,039980 (폴라리스AI)
365590,1.1,56.71,365590 (하이딥)
023910,26.74,40.94,023910 (대한약품)
156100,27.82,63.36,156100 (엘앤케이바이오)
027710,19.86,53.51,027710 (팜스토리)
078140,33.4,56.69,078140 (대봉엘에스)
228670,11.66,53.36,228670 (레이)
321550,-0.4,56.92,321550 (티움바이오)
382840,-18.37,56.55,382840 (원준)
060570,13.1,59.76,060570 (드림어스컴퍼니)
090710,28.14,67.29,090710 (휴림로봇)
160980,16.67,44.58,160980 (싸이맥스)
036560,6.24,32.51,036560 (영풍정밀)
348150,-16.6,62.07,348150 (고바이오랩)
453860,-66.05,74.53,453860 (에이에스텍)
109740,21.35,56.78,109740 (디에스케이)
452200,-87.94,68.2,452200 (민테크)
094820,10.04,41.6,094820 (일진파워)
362320,27.67,71.85,362320 (청담글로벌)
289220,3.55,70.26,289220 (자이언트스텝)
199820,-4.77,55.85,199820 (제일일렉트릭)
023600,15.81,34.57,023600 (삼보판지)
038540,19.56,49.3,038540 (상상인)
121440,-4.38,35.66,121440 (골프존뉴딘홀딩스)
445180,-30.35,68.11,445180 (퓨릿)
290670,9.36,57.42,290670 (대보마그네틱)
088390,30.11,55.42,088390 (이녹스)
206560,6.74,58.78,206560 (덱스터)
273640,-12.8,50.64,273640 (와이엠텍)
043610,12.55,54.32,043610 (지니뮤직)
307870,12.42,54.1,307870 (비투엔)
006910,23.86,64.01,006910 (보성파워텍)
382900,-30.41,48.99,382900 (범한퓨얼셀)
042520,20.45,48.61,042520 (한스바이오메드)
100130,3.23,48.35,100130 (동국S&C)
052260,15.66,47.45,052260 (현대바이오랜드)
191420,22.95,62.36,191420 (테고사이언스)
451760,-28.17,77.3,451760 (컨텍)
078940,26.32,79.85,078940 (퀀타피아)
234690,5.51,53.27,234690 (녹십자웰빙)
264850,28.2,51.6,264850 (이랜시스)
036190,7.21,22.74,036190 (금화피에스시)
041440,13.51,43.25,041440 (현대에버다임)
049720,29.15,34.29,049720 (고려신용정보)
215090,14.19,64.7,215090 (휴센텍)
285490,32.56,64.22,285490 (노바텍)
230240,11.96,46.26,230240 (에치에프알)
042420,14.51,52.73,042420 (네오위즈홀딩스)
086710,7.89,52.73,086710 (선진뷰티사이언스)
272110,24.55,58.81,272110 (케이엔제이)
119830,17.96,59.64,119830 (아이텍)
000440,38.26,59.74,000440 (중앙에너비스)
294570,-27.44,39.61,294570 (쿠콘)
093520,38.89,59.68,093520 (매커스)
092130,6.45,22.86,092130 (이크레더블)
282720,4.19,72.99,282720 (금양그린파워)
314130,20.72,61.12,314130 (지놈앤컴퍼니)
023900,18.39,41.57,023900 (풍국주정)
032860,-18.92,64.54,032860 (더라미)
147830,38.86,61.64,147830 (제룡산업)
079960,12.02,35.99,079960 (동양이엔피)
353810,72.61,65.29,353810 (이지바이오)
264450,11.94,43.15,264450 (유비쿼스)
065660,11.3,67.58,065660 (안트로젠)
297090,32.87,68.85,297090 (씨에스베어링)
080420,7.69,47.23,080420 (모다이노칩)
295310,-99.1,76.25,295310 (에이치브이엠)
067000,25.24,57.34,067000 (조이시티)
065450,29.22,65.47,065450 (빅텍)
073490,18.41,44.29,073490 (이노와이어리스)
046210,6.37,55.89,046210 (HLB파나진)
067990,16.42,43.37,067990 (도이치모터스)
038110,18.51,52.35,038110 (에코플라스틱)
051160,32.15,66.54,051160 (지어소프트)
274090,20.22,58.09,274090 (켄코아에어로스페이스)
149980,28.05,66.98,149980 (하이로닉)
451250,17.52,122.54,451250 (삐아)
061250,15.07,51.33,061250 (화일약품)
205100,9.66,49.47,205100 (엑셈)
418620,-51.8,69.15,418620 (이에이트)
321820,7.17,73.68,321820 (아티스트유나이티드)
251370,17.09,53.32,251370 (와이엠티)
950220,-41.4,55.7,950220 (네오이뮨텍)
040300,7.77,45.2,040300 (YTN)
033290,16.74,47.39,033290 (코웰패션)
418470,-56.17,74.68,418470 (밀리의서재)
107600,-25.77,60.33,107600 (새빗켐)
388870,93.84,96.78,388870 (파로스아이바이오)
145170,-99.69,104.11,145170 (노브랜드)
039560,3.67,47.58,039560 (다산네트웍스)
037460,19.42,46.68,037460 (삼지전자)
432720,-11.68,96.71,432720 (퀄리타스반도체)
950190,-15.54,36.67,950190 (고스트스튜디오)
220260,43.23,77.57,220260 (켐트로스)
259630,16.04,55.92,259630 (엠플러스)
125210,12.72,56.32,125210 (아모그린텍)
203650,19.92,54.62,203650 (드림시큐리티)
357230,-19.38,35.71,357230 (에이치피오)
389470,39.66,86.8,389470 (인벤티지랩)
123410,12.97,47.77,123410 (코리아에프티)
056090,7.08,66.45,056090 (이노시스)
246710,27.42,70.46,246710 (티앤알바이오팹)
065650,8.8,59.8,065650 (하이퍼코퍼레이션)
402490,-74.63,81.6,402490 (그린리소스)
195990,1.66,72.66,195990 (에이비프로바이오)
104480,3.29,51.99,104480 (티케이케미칼)
183490,14.66,66.2,183490 (엔지켐생명과학)
038390,10.22,32.07,038390 (레드캡투어)
317870,24.1,56.35,317870 (엔바이오니아)
104460,15.09,45.88,104460 (디와이피엔에프)
388050,44.64,87.72,388050 (지투파워)
432470,-72.88,88.05,432470 (케이엔에스)
175140,8.15,65.49,175140 (휴먼테크놀로지)
060560,10.32,53.46,060560 (홈센타홀딩스)
338840,-9.81,95.14,338840 (와이바이오로직스)
251120,-2.25,51.19,251120 (바이오에프디엔씨)
277880,67.12,72.75,277880 (티에스아이)
012860,18.88,56.6,012860 (모베이스전자)
063170,20.49,49.71,063170 (서울옥션)
054670,16.3,55.23,054670 (대한뉴팜)
013990,21.25,58.85,013990 (아가방컴퍼니)
072870,-2.43,36.56,072870 (메가스터디)
458870,-98.07,65.78,458870 (씨어스테크놀로지)
068790,7.8,45.58,068790 (DMS)
124560,21.89,60.66,124560 (태웅로직스)
269620,17.66,65.28,269620 (시스웍)
047820,2.11,56.75,047820 (초록뱀미디어)
370090,-5.31,67.57,370090 (퓨런티어)
207760,29.91,63.44,207760 (미스터블루)
007330,16.53,41.45,007330 (푸른저축은행)
332570,-27.72,49.57,332570 (와이팜)
261200,4.87,38.96,261200 (덴티스)
053280,7.94,47.82,053280 (예스24)
253840,41.96,89.12,253840 (수젠텍)
105550,0.67,54.23,105550 (엣지파운드리)
376190,-23.26,39.73,376190 (LB루셈)
090850,15.06,47.49,090850 (현대이지웰)
072770,17.74,64.94,072770 (율호)
091440,37.94,65.16,091440 (한울소재과학)
033340,11.21,57.03,033340 (좋은사람들)
439580,-86.3,82.28,439580 (블루엠텍)
228850,-7.91,31.86,228850 (레이언스)
208370,14.43,67.26,208370 (셀바스헬스케어)
054620,23.14,57.15,054620 (APS)
067900,19.06,42.6,067900 (와이엔텍)
164060,6.95,53.82,164060 (이루다)
065680,5.89,42.76,065680 (우주일렉트로)
084730,10.29,46.66,084730 (팅크웨어)
012700,10.97,34.5,012700 (리드코프)
310200,24.24,57.75,310200 (애니플러스)
092460,14.38,44.56,092460 (한라IMS)
044340,11.11,45.49,044340 (위닉스)
417500,49.58,72.68,417500 (제이아이테크)
049960,20.62,42.26,049960 (쎌바이오텍)
900250,2.91,62.2,900250 (크리스탈신소재)
382800,6.02,50.31,382800 (지앤비에스 에코)
054050,4.7,34.32,054050 (농우바이오)
264660,14.34,40.56,264660 (씨앤지하이테크)
019550,11.02,57.09,019550 (SBI인베스트먼트)
315640,1.24,76.49,315640 (딥노이드)
262260,-15.69,50.07,262260 (에이프로)
026150,15.66,60.54,026150 (특수건설)
208340,-10.59,72.86,208340 (파멥신)
108380,9.18,35.77,108380 (대양전기공업)
239890,24.29,53.75,239890 (피엔에이치테크)
099440,12.23,50.93,099440 (스맥)
065510,18.36,46.97,065510 (휴비츠)
452430,-87.05,96.8,452430 (사피엔반도체)
460940,-100.0,13.65,460940 (피앤에스미캐닉스)
219130,31.56,58.08,219130 (타이거일렉)
066700,11.33,53.33,066700 (테라젠이텍스)
049520,13.6,38.45,049520 (유아이엘)
018000,-2.03,59.73,018000 (유니슨)
085670,29.4,64.86,085670 (뉴프렉스)
039340,10.16,38.06,039340 (한국경제TV)
005710,16.9,31.85,005710 (대원산업)
151910,7.58,70.38,151910 (퓨처코어)
131400,20.3,63.9,131400 (이브이첨단소재)
115180,0.22,59.61,115180 (큐리언트)
021080,35.03,63.91,021080 (에이티넘인베스트)
045660,27.97,57.57,045660 (에이텍)
333430,27.83,53.66,333430 (일승)
040910,-2.48,46.78,040910 (아이씨디)
100700,12.53,48.17,100700 (세운메디칼)
178780,9.59,66.27,178780 (일월지엠엘)
198440,18.94,55.53,198440 (강동씨앤엘)
261780,-21.42,54.24,261780 (차백신연구소)
215360,10.99,49.9,215360 (우리산업)
040350,28.25,68.8,040350 (크레오에스지)
418420,4.23,75.16,418420 (라온텍)
419080,26.49,65.59,419080 (엔젯)
059270,22.44,83.05,059270 (해성에어로보틱스)
241690,22.52,53.21,241690 (유니테크노)
013310,10.77,52.71,013310 (아진산업)
361390,-0.45,56.82,361390 (제노코)
162300,-5.59,74.94,162300 (신스틸)
373200,115.83,96.94,373200 (엑스플러스)
074430,14.77,62.01,074430 (아미노로직스)
066620,25.18,46.46,066620 (국보디자인)
260930,-7.56,50.03,260930 (씨티케이)
066590,30.44,59.45,066590 (우수AMS)
284620,2.9,63.38,284620 (카이노스메드)
131030,13.48,41.28,131030 (옵투스제약)
413630,25.31,42.01,413630 (씨피시스템)
137950,9.39,50.13,137950 (제이씨케미칼)
311690,-4.99,58.54,311690 (CJ 바이오사이언스)
419050,-45.74,66.18,419050 (삼기이브이)
424960,3.93,93.95,424960 (스마트레이더시스템)
257370,-6.72,50.23,257370 (피엔티엠에스)
138080,8.29,46.25,138080 (오이솔루션)
263050,-13.46,67.97,263050 (유틸렉스)
366030,79.15,92.97,366030 (공구우먼)
448710,55.09,85.87,448710 (코츠테크놀로지)
014470,34.91,62.85,014470 (부방)
042510,13.72,64.51,042510 (라온시큐어)
200350,43.19,90.59,200350 (래몽래인)
060310,22.77,58.65,060310 (3S)
432430,-1.86,89.83,432430 (와이랩)
140670,15.09,60.09,140670 (알에스오토메이션)
384470,-69.71,92.05,384470 (코어라인소프트)
048910,20.4,54.08,048910 (대원미디어)
037950,-10.07,63.78,037950 (엘컴텍)
311320,30.45,69.03,311320 (지오엘리먼트)
365330,32.15,96.08,365330 (에스와이스틸텍)
071200,12.61,50.53,071200 (인피니트헬스케어)
159010,9.18,51.62,159010 (아스플로)
089850,13.21,47.81,089850 (유비벨록스)
052330,4.49,32.89,052330 (코텍)
086820,5.06,59.47,086820 (바이오솔루션)
226340,14.25,49.2,226340 (본느)
080580,20.18,61.46,080580 (오킨스전자)
003100,6.99,33.25,003100 (선광)
033230,23.31,62.1,033230 (인성정보)
043650,3.12,37.14,043650 (국순당)
041920,34.19,64.68,041920 (메디아나)
140070,10.05,49.56,140070 (서플러스글로벌)
186230,41.24,65.79,186230 (그린플러스)
036710,8.48,47.45,036710 (심텍홀딩스)
356680,44.74,94.41,356680 (엑스게이트)
086960,14.88,49.41,086960 (MDS테크)
036630,11.51,67.51,036630 (세종텔레콤)
005990,5.8,35.13,005990 (매일홀딩스)
267320,20.73,53.3,267320 (나인테크)
039860,11.09,52.95,039860 (나노엔텍)
300080,25.21,77.14,300080 (플리토)
058630,12.48,57.23,058630 (엠게임)
024880,9.54,42.99,024880 (케이피에프)
099750,0.79,53.14,099750 (이지케어텍)
120240,13.08,48.86,120240 (대정화금)
061040,13.44,50.75,061040 (알에프텍)
368770,38.36,64.65,368770 (파이버프로)
142210,11.95,51.9,142210 (유니트론텍)
011560,14.65,37.05,011560 (세보엠이씨)
035610,17.88,53.36,035610 (솔본)
175250,-4.68,74.62,175250 (아이큐어)
391710,25.62,71.16,391710 (코닉오토메이션)
069510,9.24,30.17,069510 (에스텍)
393210,58.32,86.07,393210 (토마토시스템)
347890,2.19,39.8,347890 (엠투아이)
018120,2.35,18.5,018120 (진로발효)
027050,25.17,57.07,027050 (코리아나)
172670,-37.64,58.5,172670 (에이엘티)
160600,-18.97,40.52,160600 (이큐셀)
293580,24.63,55.0,293580 (나우IB)
256940,35.47,64.24,256940 (케이피에스)
411080,-47.45,71.07,411080 (샌즈랩)
300120,9.66,61.37,300120 (라온피플)
053580,-3.08,40.78,053580 (웹케시)
053050,16.66,51.33,053050 (지에스이)
053700,5.96,52.77,053700 (삼보모터스)
260970,57.98,82.31,260970 (에스앤디)
291230,19.45,65.97,291230 (엔피)
420570,-10.05,129.67,420570 (제이투케이바이오)
464080,-99.94,87.51,464080 (에스오에스랩)
330350,-11.45,54.36,330350 (위더스제약)
095190,10.88,48.39,095190 (이엠코리아)
086670,14.44,47.43,086670 (비엠티)
333620,-21.18,47.43,333620 (엔시스)
002800,14.67,57.72,002800 (신신제약)
019590,14.84,55.06,019590 (엠벤처투자)
039610,27.71,52.45,039610 (화성밸브)
309960,-27.01,58.05,309960 (LB인베스트먼트)
059210,20.87,54.77,059210 (메타바이오메드)
040420,-0.08,16.09,040420 (정상제이엘에스)
226330,10.94,78.72,226330 (신테카바이오)
093920,7.57,37.91,093920 (서원인텍)
041930,20.5,46.17,041930 (동아화성)
041590,19.48,68.2,041590 (플래스크)
126730,-96.45,49.19,126730 (코칩)
111710,4.47,47.94,111710 (남화산업)
170920,7.42,53.05,170920 (엘티씨)
206400,6.04,53.74,206400 (베노티앤알)
218150,31.61,72.64,218150 (미래생명자원)
038460,20.02,60.71,038460 (바이오스마트)
058400,10.12,46.0,058400 (KNN)
105330,5.69,48.87,105330 (케이엔더블유)
072020,10.86,44.87,072020 (중앙백신)
352090,-69.92,50.36,352090 (스톰테크)
255440,0.47,53.31,255440 (야스)
443250,-57.07,78.51,443250 (레뷰코퍼레이션)
450330,-91.99,119.46,450330 (하스)
066980,4.72,60.58,066980 (한성크린텍)
042500,30.27,58.68,042500 (링네트)
388790,38.2,82.25,388790 (라이콤)
067570,5.1,44.87,067570 (엔브이에이치코리아)
001540,10.9,43.14,001540 (안국약품)
199550,-63.89,87.47,199550 (레이저옵텍)
090470,25.41,49.85,090470 (제이스텍)
357580,2.58,66.51,357580 (아모센스)
168360,33.53,75.39,168360 (펨트론)
226440,6.77,48.05,226440 (한송네오텍)
064240,23.17,67.2,064240 (홈캐스트)
065710,16.83,42.6,065710 (서호전기)
456010,-99.74,59.71,456010 (아이씨티케이)
173130,51.58,60.06,173130 (오파스넷)
033310,29.85,65.57,033310 (엠투엔)
462510,-99.46,81.61,462510 (라메디텍)
187870,16.46,49.67,187870 (디바이스이엔지)
302550,24.72,65.19,302550 (리메드)
451220,-16.85,94.62,451220 (아이엠티)
417790,-35.71,44.46,417790 (트루엔)
232680,49.98,80.3,232680 (라온테크)
263600,10.95,53.17,263600 (덕우전자)
408920,15.12,52.27,408920 (메쎄이상)
226400,28.19,69.3,226400 (오스테오닉)
289080,6.0,61.67,289080 (SV인베스트먼트)
234300,2.12,60.83,234300 (에스트래픽)
250060,31.88,68.63,250060 (모비스)
054800,3.91,30.66,054800 (아이디스홀딩스)
124500,23.86,73.94,124500 (아이티센)
021320,-4.56,36.56,021320 (KCC건설)
238090,2.53,63.02,238090 (앤디포스)
389500,-9.66,75.82,389500 (에스비비테크)
023440,20.75,59.12,023440 (제이스코홀딩스)
123420,8.91,56.31,123420 (위메이드플레이)
019010,12.45,35.23,019010 (베뉴지)
054780,21.48,56.23,054780 (키이스트)
170030,14.71,49.24,170030 (현대공업)
102370,-32.18,72.06,102370 (케이옥션)
066410,16.51,73.95,066410 (버킷스튜디오)
408900,-35.78,75.44,408900 (스튜디오미르)
419530,-22.12,64.31,419530 (SAMG엔터)
223250,2.79,60.63,223250 (드림씨아이에스)
403490,-14.46,77.92,403490 (우듬지팜)
024840,8.95,63.95,024840 (KBI메탈)
159580,6.57,54.54,159580 (제로투세븐)
452400,-90.88,56.25,452400 (이닉스)
119850,13.27,49.13,119850 (지엔씨에너지)
217730,2.58,62.48,217730 (강스템바이오텍)
033170,8.74,54.29,033170 (시그네틱스)
306620,17.37,53.81,306620 (네온테크)
036010,16.6,45.64,036010 (아비코전자)
382480,-21.29,58.43,382480 (지아이텍)
263860,17.93,51.21,263860 (지니언스)
103840,24.43,60.49,103840 (우양)
041910,24.98,57.04,041910 (폴라리스AI파마)
083500,11.13,58.83,083500 (에프엔에스테크)
216050,4.87,47.55,216050 (인크로스)
104540,-0.74,39.07,104540 (코렌텍)
017510,19.37,57.0,017510 (세명전기)
452190,-24.53,105.49,452190 (한빛레이저)
294630,32.78,82.59,294630 (서남)
096630,18.44,66.56,096630 (에스코넥)
288620,1.18,59.51,288620 (에스퓨얼셀)
009780,36.04,57.02,009780 (엠에스씨)
067370,31.91,68.51,067370 (선바이오)
407400,12.34,82.36,407400 (꿈비)
073560,-1.78,40.65,073560 (우리손에프앤지)
446540,-8.92,68.77,446540 (메가터치)
032850,19.02,56.79,032850 (비트컴퓨터)
050110,7.33,49.84,050110 (캠시스)
317850,25.79,70.05,317850 (대모)
053260,16.09,46.48,053260 (금강철강)
067290,13.0,53.78,067290 (JW신약)
199430,-92.38,80.13,199430 (케이엔알시스템)
317770,33.25,76.68,317770 (엑스페릭스)
014200,27.64,68.09,014200 (광림)
320000,36.32,66.61,320000 (한울반도체)
203690,11.86,67.69,203690 (스피어파워)
351330,-8.39,61.84,351330 (이삭엔지니어링)
251630,7.12,53.77,251630 (브이원텍)
141000,1.1,44.52,141000 (비아트론)
340360,17.66,66.13,340360 (다보링크)
180400,27.34,65.29,180400 (DXVX)
185490,19.5,75.97,185490 (아이진)
027830,30.42,63.32,027830 (대성창투)
452160,-48.74,109.14,452160 (제이엔비)
006140,18.24,42.08,006140 (피제이전자)
153710,3.8,55.89,153710 (옵티팜)
012790,22.62,50.6,012790 (신일제약)
302430,5.35,53.11,302430 (이노메트리)
007820,4.7,41.74,007820 (에스엠코어)
122310,-3.37,41.02,122310 (제노레이)
322180,16.99,65.28,322180 (티라유텍)
052790,15.68,63.78,052790 (액토즈소프트)
950200,-9.62,64.18,950200 (소마젠)
104620,0.29,52.14,104620 (노랑풍선)
263690,17.69,53.04,263690 (디알젬)
101170,13.72,52.83,101170 (우림피티에스)
142280,14.69,67.12,142280 (녹십자엠에스)
064850,33.14,60.25,064850 (에프앤가이드)
105740,13.67,46.54,105740 (디케이락)
127980,-41.41,57.67,127980 (화인써키트)
065530,17.46,44.27,065530 (와이어블)
043260,12.04,47.19,043260 (성호전자)
027580,8.03,57.08,027580 (상보)
123840,6.47,65.14,123840 (뉴온)
376930,16.03,85.76,376930 (노을)
037440,6.24,45.49,037440 (희림)
900100,11.74,76.98,900100 (애머릿지)
204840,18.89,72.64,204840 (지엘팜텍)
352910,-19.04,55.98,352910 (오비고)
340930,-24.54,58.0,340930 (유일에너테크)
020710,14.46,46.61,020710 (시공테크)
208140,19.64,52.23,208140 (정다운)
054040,15.02,40.95,054040 (한국컴퓨터)
106080,2.05,57.09,106080 (하이소닉)
093190,8.2,29.65,093190 (빅솔론)
059120,22.16,58.12,059120 (아진엑스텍)
053450,5.72,45.57,053450 (세코닉스)
200230,25.77,76.63,200230 (텔콘RF제약)
095270,27.85,62.53,095270 (웨이브일렉트로)
004650,3.37,39.7,004650 (창해에탄올)
036640,13.54,43.59,036640 (HRS)
038680,28.15,56.47,038680 (에스넷)
099220,8.21,62.34,099220 (SDN)
036090,20.84,69.39,036090 (위지트)
010170,3.18,51.05,010170 (대한광통신)
023460,13.43,42.12,023460 (CNH)
263540,-12.0,47.18,263540 (어스앤에어로스페이스)
073570,1.24,70.46,073570 (리튬포어스)
171120,4.22,45.11,171120 (라이온켐텍)
234920,14.59,69.37,234920 (자이글)
024910,15.74,48.17,024910 (경창산업)
294140,13.51,85.57,294140 (레몬)
383930,50.84,96.53,383930 (디티앤씨알오)
355150,17.17,48.0,355150 (코스텍시스)
126880,4.5,49.21,126880 (제이엔케이글로벌)
215100,18.07,62.51,215100 (로보로보)
054930,18.51,56.84,054930 (유신)
036120,37.89,66.93,036120 (SCI평가정보)
128660,18.68,47.62,128660 (피제이메탈)
225190,-6.86,24.69,225190 (LK삼양)
265560,6.37,59.48,265560 (영화테크)
900340,16.43,65.65,900340 (윙입푸드)
189980,-7.67,45.86,189980 (흥국에프엔비)
347000,4.34,56.94,347000 (센코)
011370,12.3,48.73,011370 (서한)
010470,28.93,55.08,010470 (오리콤)
241790,13.1,43.94,241790 (티이엠씨씨엔에스)
307930,12.38,72.84,307930 (컴퍼니케이)
052710,13.93,51.95,052710 (아모텍)
331380,14.5,45.66,331380 (포커스에이치엔에스)
237820,18.01,71.39,237820 (플레이디)
069920,27.17,65.2,069920 (아이에스이커머스)
369370,-7.5,49.16,369370 (블리츠웨이스튜디오)
109860,9.41,34.64,109860 (동일금속)
222810,5.38,83.86,222810 (세토피아)
241520,21.58,58.39,241520 (DSC인베스트먼트)
049430,15.45,35.2,049430 (코메론)
049180,5.52,72.34,049180 (셀루메드)
115160,-7.07,41.2,115160 (휴맥스)
187420,4.51,62.46,187420 (제노포커스)
348350,-11.18,54.05,348350 (위드텍)
234100,51.94,95.98,234100 (폴라리스세원)
347740,-10.75,50.25,347740 (피엔케이피부임상연구센타)
158430,-7.14,47.02,158430 (아톤)
048430,24.32,60.84,048430 (유라테크)
080530,6.14,57.71,080530 (코디)
078890,9.78,46.53,078890 (가온그룹)
241770,-14.1,42.68,241770 (메카로)
352700,-23.14,41.37,352700 (씨앤투스)
365270,-22.77,78.32,365270 (큐라클)
217190,23.91,55.6,217190 (제너셈)
223310,-5.93,61.04,223310 (딥마인드)
260660,-4.66,49.82,260660 (알리코제약)
222160,121.17,104.41,222160 (NPX)
308080,-42.97,49.82,308080 (바이젠셀)
053350,13.57,48.11,053350 (이니텍)
088130,15.33,47.3,088130 (동아엘텍)
101330,14.26,53.2,101330 (모베이스)
339950,11.42,56.54,339950 (아이비김영)
036670,14.94,45.08,036670 (KCI)
246720,10.35,64.12,246720 (아스타)
396300,-23.22,53.14,396300 (세아메카닉스)
039240,19.57,43.0,039240 (경남스틸)
032540,9.83,35.99,032540 (TJ미디어)
094850,7.65,42.99,094850 (참좋은여행)
377480,-15.7,70.41,377480 (마음AI)
033830,12.69,50.44,033830 (티비씨)
082210,11.16,52.19,082210 (옵트론텍)
065130,5.1,43.44,065130 (탑엔지니어링)
087260,15.93,60.86,087260 (모바일어플라이언스)
049550,8.4,48.98,049550 (잉크테크)
307180,18.2,48.13,307180 (아이엘사이언스)
155650,16.79,51.8,155650 (와이엠씨)
236810,-15.29,68.97,236810 (엔비티)
002230,8.01,43.34,002230 (피에스텍)
057680,6.4,63.29,057680 (티사이언티픽)
299660,-7.72,77.71,299660 (셀리드)
378800,-30.19,83.44,378800 (샤페론)
090410,3.03,50.24,090410 (덕신이피씨)
053980,13.8,52.33,053980 (오상자이엘)
024800,15.27,54.38,024800 (유성티엔에스)
109960,54.2,147.88,109960 (AP헬스케어)
201490,6.89,54.81,201490 (미투온)
017480,8.22,37.21,017480 (삼현철강)
263800,22.46,69.73,263800 (데이타솔루션)
442900,3.8,3.95,442900 (미래에셋드림스팩1호)
130580,14.12,42.17,130580 (나이스디앤비)
389140,-41.36,78.38,389140 (포바이포)
011320,21.05,51.67,011320 (유니크)
041520,9.51,49.06,041520 (이엘씨)
241820,26.53,83.53,241820 (피씨엘)
160550,2.64,55.67,160550 (NEW)
049480,31.27,66.19,049480 (오픈베이스)
105760,-85.95,55.37,105760 (포스뱅크)
094970,25.88,55.04,094970 (제이엠티)
241840,13.99,64.57,241840 (에이스토리)
321370,-46.27,70.16,321370 (센서뷰)
086040,19.36,57.93,086040 (바이오톡스텍)
270870,0.98,46.27,270870 (뉴트리)
140430,-41.24,139.27,140430 (카티스)
064480,19.58,50.5,064480 (브리지텍)
368600,-21.59,53.11,368600 (아이씨에이치)
204610,-23.11,41.16,204610 (티쓰리)
336060,3.18,51.31,336060 (웨이버스)
054920,20.73,56.47,054920 (한컴위드)
025550,17.99,54.5,025550 (한국선재)
129920,-26.18,68.05,129920 (대성하이텍)
043220,15.33,77.05,043220 (티에스넥스젠)
037330,11.87,49.59,037330 (인지디스플레)
222040,-2.04,53.92,222040 (코스맥스엔비티)
327260,1.24,56.95,327260 (RF머트리얼즈)
192250,5.68,51.6,192250 (케이사인)
136410,-13.17,54.6,136410 (아셈스)
205500,-0.59,67.83,205500 (액션스퀘어)
071670,6.48,53.51,071670 (에이테크솔루션)
038070,19.91,52.47,038070 (서린바이오)
066310,22.43,51.84,066310 (큐에스아이)
361570,-36.79,55.71,361570 (알비더블유)
052770,3.97,60.7,052770 (아이톡시)
377030,-26.79,70.65,377030 (맥스트)
101000,26.27,113.12,101000 (KS인더스트리)
007720,13.09,51.67,007720 (대명소노시즌)
250000,10.98,60.12,250000 (보라티알)
256630,1.35,44.26,256630 (포인트엔지니어링)
041460,23.63,58.91,041460 (한국전자인증)
115500,29.67,68.55,115500 (케이씨에스)
239610,0.52,53.68,239610 (에이치엘사이언스)
109670,-73.64,112.77,109670 (씨싸이트)
271830,-46.79,54.08,271830 (팸텍)
224110,28.8,61.72,224110 (에이텍모빌리티)
066670,11.74,47.33,066670 (디티씨)
032940,14.7,47.82,032940 (원익)
304840,0.91,81.82,304840 (피플바이오)
008830,27.26,54.28,008830 (대동기어)
277070,-2.18,58.68,277070 (린드먼아시아)
064520,-3.55,55.9,064520 (테크엘)
080000,6.78,51.18,080000 (에스엔유)
196300,18.05,59.69,196300 (애니젠)
363260,-17.74,65.35,363260 (모비데이즈)
317830,14.29,74.44,317830 (에스피시스템스)
265740,-11.25,43.89,265740 (엔에프씨)
046120,13.22,64.97,046120 (오르비텍)
417970,-36.95,47.79,417970 (모델솔루션)
066130,26.08,57.94,066130 (하츠)
097780,13.26,59.24,097780 (에코볼트)
033320,23.27,61.23,033320 (제이씨현시스템)
044060,19.71,59.31,044060 (조광ILI)
150900,11.09,49.58,150900 (파수)
001840,20.93,66.81,001840 (이화공영)
263700,-14.34,57.91,263700 (케어랩스)
050960,10.63,55.57,050960 (수산아이앤티)
033540,13.59,49.03,033540 (파라텍)
046390,21.44,56.95,046390 (삼화네트웍스)
069540,10.6,54.96,069540 (빛과전자)
017650,20.11,40.05,017650 (대림제지)
042110,1.81,45.98,042110 (에스씨디)
127120,9.88,66.82,127120 (디엔에이링크)
290740,5.47,45.54,290740 (액트로)
065950,12.48,56.46,065950 (웰크론)
330730,-9.97,50.57,330730 (스톤브릿지벤처스)
142760,24.19,75.35,142760 (모아라이프플러스)
115440,10.21,50.12,115440 (우리넷)
225220,20.07,66.15,225220 (제놀루션)
052220,13.23,49.91,052220 (iMBC)
321260,-5.16,54.37,321260 (프로이천)
063440,17.01,68.32,063440 (SM Life Design)
187660,-14.36,65.79,187660 (에이디엠코리아)
347860,-21.5,76.61,347860 (알체라)
088800,5.96,58.49,088800 (에이스테크)
171010,17.27,55.1,171010 (램테크놀러지)
288330,-10.07,68.87,288330 (브릿지바이오테라퓨틱스)
072990,6.28,41.51,072990 (에이치시티)
038880,-0.96,47.03,038880 (아이에이)
089790,12.52,50.53,089790 (제이티)
060850,-5.64,37.7,060850 (영림원소프트랩)
359090,-13.69,41.39,359090 (씨엔알리서치)
242040,11.8,50.0,242040 (나무기술)
217500,12.69,50.28,217500 (러셀)
039830,18.2,47.8,039830 (오로라)
311390,15.28,64.91,311390 (네오크레마)
363250,5.1,69.59,363250 (진시스템)
081150,17.99,53.68,081150 (티플랙스)
024740,13.77,52.59,024740 (한일단조)
051490,14.25,45.81,051490 (나라엠앤디)
015710,18.78,51.54,015710 (코콤)
413640,0.9,83.16,413640 (비아이매트릭스)
450520,-68.99,93.49,450520 (인스웨이브시스템즈)
094840,6.71,46.52,094840 (슈프리마에이치큐)
007370,18.91,51.11,007370 (진양제약)
189690,4.44,42.33,189690 (포시에스)
054540,6.24,44.11,054540 (삼영엠텍)
163730,-23.28,54.4,163730 (핑거)
087600,-0.46,53.55,087600 (픽셀플러스)
214270,-2.87,66.03,214270 (FSN)
168330,-8.89,65.07,168330 (내츄럴엔도텍)
323350,39.93,88.85,323350 (다원넥스뷰)
084180,19.65,58.16,084180 (수성웹툰)
038010,30.85,56.73,038010 (제일테크노스)
053270,22.58,53.01,053270 (구영테크)
214870,4.44,58.76,214870 (뉴지랩파마)
123570,15.07,51.38,123570 (이엠넷)
010240,18.59,48.31,010240 (흥국)
406820,-22.61,81.49,406820 (뷰티스킨)
220180,16.23,78.15,220180 (핸디소프트)
038870,14.16,59.15,038870 (에코바이오)
246960,0.47,55.47,246960 (SCL사이언스)
044960,25.34,56.79,044960 (이글벳)
355390,-53.17,99.15,355390 (크라우드웍스)
373110,-99.73,63.4,373110 (엑셀세라퓨틱스)
072470,21.59,55.53,072470 (우리산업홀딩스)
115310,3.64,36.53,115310 (인포바인)
227610,5.34,70.88,227610 (아우딘퓨쳐스)
347770,-5.05,56.39,347770 (핌스)
219750,21.1,68.68,219750 (한국비티비)
032790,-0.03,68.94,032790 (엠젠솔루션)
219420,46.44,74.99,219420 (링크제니시스)
314140,-33.09,46.27,314140 (알피바이오)
049080,5.02,54.91,049080 (기가레인)
170790,5.68,46.76,170790 (파이오링크)
100030,14.64,52.94,100030 (인지소프트)
004780,8.45,35.35,004780 (대륙제관)
039420,14.75,54.58,039420 (케이엘넷)
129890,-24.56,54.5,129890 (앱코)
073640,13.9,64.63,073640 (테라사이언스)
122350,2.85,43.15,122350 (삼기)
306040,-8.9,44.83,306040 (에스제이그룹)
096350,8.36,58.92,096350 (대창솔루션)
067170,14.16,47.61,067170 (오텍)
037370,11.48,59.53,037370 (EG)
033130,10.11,50.14,033130 (디지틀조선)
037350,10.26,39.93,037350 (성도이엔지)
019990,18.14,59.97,019990 (에너토크)
092300,7.6,44.67,092300 (현우산업)
056730,-10.41,59.67,056730 (CNT85)
417860,-34.61,80.4,417860 (오브젠)
043910,8.18,67.27,043910 (자연과환경)
214610,11.9,81.44,214610 (미코바이오메드)
212560,17.96,55.71,212560 (네오오토)
014970,27.61,60.1,014970 (삼륭물산)
039290,20.85,59.23,039290 (인포뱅크)
024950,1.35,43.03,024950 (삼천리자전거)
417840,-1.93,65.15,417840 (저스템)
066900,11.99,44.86,066900 (디에이피)
068050,16.83,53.61,068050 (팬엔터테인먼트)
303530,-6.09,63.35,303530 (이노뎁)
376290,-23.22,33.87,376290 (씨유테크)
100590,1.85,55.37,100590 (머큐리)
226360,-5.87,62.36,226360 (KH 건설)
052670,23.52,56.59,052670 (제일바이오)
290090,-38.3,50.18,290090 (트윔)
007680,-7.52,41.13,007680 (대원)
033560,5.37,47.88,033560 (블루콤)
014190,21.88,62.7,014190 (원익큐브)
950110,5.5,42.44,950110 (SBI핀테크솔루션즈)
014570,22.53,52.14,014570 (고려제약)
240600,-59.82,79.72,240600 (유진테크놀로지)
238490,-2.91,52.84,238490 (힘스)
277410,6.13,50.16,277410 (인산가)
227950,4.09,61.16,227950 (엔투텍)
254120,13.54,54.2,254120 (자비스)
067920,2.02,33.83,067920 (이글루)
301300,-11.67,63.34,301300 (바이브컴퍼니)
008370,10.48,39.68,008370 (원풍)
276730,-27.66,60.75,276730 (제주맥주)
037230,23.29,54.92,037230 (한국팩키지)
256150,1.28,39.73,256150 (한독크린텍)
440290,-87.13,50.69,440290 (HB인베스트먼트)
419120,-36.4,50.99,419120 (산돌)
057540,6.96,55.49,057540 (옴니시스템)
049120,14.02,61.56,049120 (파인디앤씨)
196450,-6.76,62.66,196450 (코아시아씨엠)
109820,30.83,72.28,109820 (진매트릭스)
307280,2.1,39.17,307280 (원바이오젠)
032680,29.29,63.14,032680 (소프트센)
022220,1.81,42.91,022220 (TKG애강)
016100,20.62,62.72,016100 (리더스코스메틱)
088910,1.99,34.34,088910 (동우팜투테이블)
099520,6.28,53.67,099520 (ITX-AI)
042040,17.33,76.48,042040 (케이피엠테크)
053620,5.65,33.22,053620 (태양)
052900,12.92,59.08,052900 (KX하이텍)
204020,-3.14,45.88,204020 (그리티)
100660,18.35,54.85,100660 (서암기계공업)
094940,37.85,69.46,094940 (푸른기술)
053160,34.18,62.43,053160 (프리엠스)
089530,-6.67,66.07,089530 (에이티세미콘)
098120,30.91,57.67,098120 (마이크로컨텍솔)
057030,9.97,56.61,057030 (YBM넷)
025440,13.06,57.71,025440 (DH오토웨어)
245620,-13.91,75.84,245620 (EDGC)
019540,22.77,48.52,019540 (일지테크)
062860,3.05,43.99,062860 (티엘아이)
122690,7.23,49.81,122690 (서진오토모티브)
066910,10.2,56.92,066910 (손오공)
004590,17.42,40.09,004590 (한국가구)
318020,-16.72,55.96,318020 (포인트모바일)
290380,-2.54,59.31,290380 (대유)
097870,24.16,57.73,097870 (효성오앤비)
104200,5.46,55.13,104200 (NHN벅스)
046940,23.16,65.32,046940 (우원개발)
016600,9.35,53.35,016600 (큐캐피탈)
353590,-16.83,65.14,353590 (오토앤)
376180,50.18,94.17,376180 (피코그램)
073110,12.84,55.25,073110 (엘엠에스)
288980,19.7,90.29,288980 (모아데이타)
083660,12.6,63.47,083660 (CSA 코스믹)
053290,19.61,60.7,053290 (NE능률)
013720,27.36,64.45,013720 (CBI)
043340,8.27,51.5,043340 (에쎈테크)
291650,-16.39,64.62,291650 (압타머사이언스)
068330,29.06,59.9,068330 (일신바이오)
263770,26.83,69.44,263770 (유에스티)
049630,11.88,64.64,049630 (재영솔루텍)
007530,23.29,50.03,007530 (와이엠)
005670,25.15,47.47,005670 (푸드웰)
040610,17.16,51.16,040610 (SG&G)
070300,13.64,52.88,070300 (엑스큐어)
217480,-23.56,61.67,217480 (에스디생명공학)
024830,2.49,35.89,024830 (세원물산)
056700,-0.1,54.68,056700 (신화인터텍)
405920,-34.13,68.14,405920 (나라셀라)
047770,-1.86,75.08,047770 (코데즈컴바인)
303030,13.5,66.01,303030 (지니틱스)
003310,28.21,61.21,003310 (대주산업)
099390,-35.63,46.85,099390 (브레인즈컴퍼니)
096690,2.73,67.39,096690 (에이루트)
032980,12.69,74.84,032980 (바이온)
148930,-33.99,54.48,148930 (에이치와이티씨)
273060,-0.77,42.58,273060 (와이즈버즈)
039020,2.31,44.28,039020 (이건홀딩스)
412350,-15.92,82.2,412350 (레이저쎌)
080010,6.31,41.21,080010 (이상네트웍스)
023770,22.72,70.12,023770 (플레이위드)
038060,-2.34,49.66,038060 (루멘스)
036170,9.0,58.9,036170 (클라우드에어)
075970,14.99,49.04,075970 (동국알앤에스)
263920,6.12,67.84,263920 (휴엠앤씨)
430690,-44.83,88.65,430690 (한싹)
309930,23.73,61.25,309930 (오하임앤컴퍼니)
189860,28.25,69.65,189860 (서전기전)
037760,15.38,56.38,037760 (쎄니트)
355690,-74.6,86.39,355690 (에이텀)
299170,2.8,39.28,299170 (더블유에스아이)
021880,6.69,62.48,021880 (메이슨캐피탈)
053590,10.41,70.09,053590 (한국테크놀로지)
318000,7.04,69.28,318000 (KBG)
052300,1.32,62.3,052300 (씨티프라퍼티)
134580,14.3,61.86,134580 (탑코미디어)
418250,-66.21,84.57,418250 (시큐레터)
221980,4.26,27.7,221980 (케이디켐)
279600,23.21,60.45,279600 (미디어젠)
377220,-36.94,53.78,377220 (프롬바이오)
039010,22.2,52.66,039010 (현대에이치티)
424980,-39.11,63.33,424980 (마이크로투나노)
037030,-1.84,58.91,037030 (파워넷)
140520,10.51,53.56,140520 (대창스틸)
239340,18.53,60.62,239340 (이스트에이드)
046970,1.57,51.07,046970 (우리로)
285800,-49.55,73.91,285800 (진영)
096610,13.63,61.03,096610 (알에프세미)
200780,3.34,49.88,200780 (비씨월드제약)
389030,-16.68,66.31,389030 (지니너스)
246250,27.08,63.98,246250 (에스엘에스바이오)
137080,-27.4,51.76,137080 (나래나노텍)
101240,9.39,42.25,101240 (씨큐브)
360350,-85.64,96.41,360350 (코셈)
318410,-16.77,31.65,318410 (비비씨)
440320,-49.54,85.41,440320 (오픈놀)
198080,1.56,50.77,198080 (엔피디)
033200,7.77,52.96,033200 (모아텍)
050860,9.23,45.36,050860 (아세아텍)
238120,12.46,59.92,238120 (얼라인드)
101390,4.47,62.77,101390 (아이엠)
195500,6.68,65.06,195500 (마니커에프앤지)
352770,-31.23,67.18,352770 (클리노믹스)
081580,8.48,41.42,081580 (성우전자)
065170,21.69,68.88,065170 (비엘팜텍)
347700,-21.9,71.9,347700 (라이프시맨틱스)
290720,-11.1,55.46,290720 (푸드나무)
376980,-44.54,57.16,376980 (원티드랩)
274400,-74.57,70.66,274400 (이노시뮬레이션)
263810,8.24,59.3,263810 (상신전자)
060540,9.11,45.38,060540 (에스에이티)
139670,23.98,65.79,139670 (키네마스터)
126640,3.45,37.16,126640 (화신정공)
045060,18.83,50.52,045060 (오공)
091590,12.13,49.01,091590 (남화토건)
222110,-9.04,46.42,222110 (팬젠)
405000,-33.36,60.89,405000 (플라즈맵)
377330,-37.22,50.59,377330 (이지트로닉스)
348030,-35.23,53.21,348030 (모비릭스)
048770,30.7,56.11,048770 (TPC)
173940,-5.09,46.02,173940 (에프엔씨엔터)
013810,26.03,68.25,013810 (스페코)
318010,-7.45,45.97,318010 (팜스빌)
189330,74.22,92.0,189330 (씨이랩)
332290,9.86,57.76,332290 (누보)
031310,19.66,54.08,031310 (아이즈비전)
177830,7.16,51.47,177830 (파버나인)
335810,-37.05,48.93,335810 (프리시젼바이오)
016250,10.98,39.83,016250 (SGC E&C)
128540,10.75,71.14,128540 (에코캡)
133750,12.27,62.99,133750 (메가엠디)
066360,-6.11,50.84,066360 (체리부로)
367000,-33.45,55.71,367000 (플래티어)
298060,-27.08,78.06,298060 (에스씨엠생명과학)
419540,-17.51,58.4,419540 (비스토스)
080520,6.68,45.68,080520 (오디텍)
247660,13.93,88.91,247660 (나노씨엠에스)
221800,46.49,95.52,221800 (유투바이오)
246690,18.82,62.96,246690 (TS인베스트먼트)
052600,15.05,46.62,052600 (한네트)
034940,6.18,48.23,034940 (조아제약)
348080,-68.63,82.58,348080 (큐라티스)
276040,-42.73,64.37,276040 (스코넥)
263020,11.94,48.2,263020 (디케이앤디)
018680,19.41,58.11,018680 (서울제약)
438700,-59.61,49.6,438700 (버넥트)
434480,-58.72,68.65,434480 (모니터랩)
448740,0.04,2.86,448740 (삼성스팩8호)
153460,14.53,54.66,153460 (네이블)
373170,-55.91,76.79,373170 (엠아이큐브솔루션)
019770,10.61,58.14,019770 (서연탑메탈)
088290,26.16,68.06,088290 (이원컴포텍)
058110,29.36,75.83,058110 (멕아이씨에스)
036690,18.55,49.36,036690 (코맥스)
051380,26.34,58.59,051380 (피씨디렉트)
085910,2.99,30.79,085910 (네오티스)
114630,2.16,45.36,114630 (폴라리스우노)
109080,9.06,49.31,109080 (옵티시스)
083550,15.95,49.37,083550 (케이엠)
340810,-55.18,63.61,340810 (씨유박스)
024120,4.02,47.82,024120 (KB오토시스)
332370,-10.14,31.51,332370 (아이디피)
036180,2.6,62.78,036180 (지더블유바이텍)
056360,11.76,42.38,056360 (코위버)
049830,16.83,53.02,049830 (승일)
038620,15.73,56.11,038620 (위즈코프)
138070,8.36,46.57,138070 (신진에스엠)
032960,12.79,45.09,032960 (동일기연)
153490,-2.74,48.21,153490 (우리이앤엘)
198940,48.18,102.03,198940 (한주라이트메탈)
222980,9.31,55.84,222980 (한국맥널티)
068100,-93.47,70.02,068100 (케이웨더)
258610,-2.48,73.54,258610 (케일럼)
219550,-8.62,74.29,219550 (디와이디)
147760,9.2,53.07,147760 (피엠티)
111870,-1.81,54.26,111870 (KH 미래물산)
080720,-2.14,61.08,080720 (한국유니온제약)
417180,-23.24,73.83,417180 (핑거스토리)
435620,2.6,6.8,435620 (하나금융25호스팩)
208640,3.82,67.44,208640 (썸에이지)
187220,-5.48,55.62,187220 (디티앤씨)
353190,-14.67,39.14,353190 (휴럼)
262840,-30.15,41.18,262840 (아이퀘스트)
131100,-15.3,68.9,131100 (티엔엔터테인먼트)
024940,32.31,59.5,024940 (PN풍년)
058450,71.81,178.0,058450 (한주에이알티)
130500,13.43,62.87,130500 (GH신소재)
021040,7.2,50.41,021040 (대호특수강)
197140,47.04,90.87,197140 (디지캡)
210120,60.83,98.78,210120 (빅텐츠)
090150,15.05,53.81,090150 (아이윈)
038950,11.78,43.15,038950 (파인디지털)
065060,11.63,66.59,065060 (지엔코)
228340,-5.73,49.02,228340 (동양파일)
053950,6.73,61.86,053950 (경남제약)
138360,5.94,60.4,138360 (협진)
452300,-71.19,83.56,452300 (캡스톤파트너스)
290120,7.75,60.04,290120 (DH오토리드)
032580,13.45,57.81,032580 (피델릭스)
046310,21.0,58.14,046310 (백금T&A)
340440,-1.16,51.84,340440 (세림B&G)
045340,32.86,64.56,045340 (토탈소프트)
267790,-1.0,52.02,267790 (배럴)
192390,3.45,51.68,192390 (윈하이텍)
007770,16.68,53.04,007770 (한일화학)
322780,-5.44,49.55,322780 (코퍼스코리아)
199730,-53.51,45.91,199730 (바이오인프라)
900310,-11.89,53.31,900310 (컬러레이)
009730,2.76,65.2,009730 (이렘)
051780,14.46,66.0,051780 (큐로홀딩스)
036000,4.12,46.13,036000 (예림당)
082660,2.41,69.92,082660 (코스나인)
208860,-3.03,52.19,208860 (엔지스테크널러지)
187270,8.59,51.49,187270 (신화콘텍)
025880,30.48,67.28,025880 (케이씨피드)
052460,26.01,58.2,052460 (아이크래프트)
010280,12.08,51.91,010280 (쌍용정보통신)
169330,-21.84,36.36,169330 (엠브레인)
051390,3.32,38.64,051390 (YW)
048470,21.13,58.61,048470 (대동스틸)
078590,28.28,72.39,078590 (휴림에이텍)
018700,13.96,76.48,018700 (바른손)
065370,23.1,53.07,065370 (위세아이텍)
037400,6.93,50.22,037400 (우리엔터프라이즈)
088280,-82.86,49.35,088280 (쏘닉스)
380540,-7.6,73.9,380540 (옵티코어)
290660,-15.69,60.63,290660 (네오펙트)
065500,-3.22,63.38,065500 (오리엔트정공)
032800,12.2,69.38,032800 (판타지오)
429270,-49.29,79.69,429270 (시지트로닉스)
252500,19.52,62.11,252500 (세화피앤씨)
415380,-94.39,47.31,415380 (스튜디오삼익)
006050,25.23,62.38,006050 (국영지앤엠)
038340,5.27,71.67,038340 (MIT)
089150,18.65,53.45,089150 (케이씨티)
221840,-15.34,39.08,221840 (하이즈항공)
357880,-13.66,73.87,357880 (비트나인)
032750,23.18,50.7,032750 (삼진)
114450,12.53,58.73,114450 (그린생명과학)
303360,-11.35,61.32,303360 (프로티아)
042940,0.19,73.47,042940 (상지건설)
331520,-13.4,39.27,331520 (밸로프)
131220,16.98,56.36,131220 (대한과학)
317120,5.57,64.78,317120 (라닉스)
290520,-19.86,57.62,290520 (신도기연)
203450,17.77,60.91,203450 (유니온커뮤니티)
900270,-11.21,61.9,900270 (헝셩그룹)
131090,14.0,47.6,131090 (시큐브)
002290,20.69,51.01,002290 (삼일기업공사)
021650,13.89,47.35,021650 (한국큐빅)
071850,-4.91,49.61,071850 (캐스텍코리아)
069410,19.97,54.06,069410 (엔텔스)
328380,-7.37,44.77,328380 (솔트웨어)
312610,-15.13,61.35,312610 (에이에프더블류)
099410,21.51,63.54,099410 (동방선기)
222420,-1.04,57.6,222420 (쎄노텍)
356890,-15.43,50.47,356890 (싸이버원)
079000,8.01,35.13,079000 (와토스코리아)
060230,-6.23,66.68,060230 (소니드)
036480,21.28,52.28,036480 (대성미생물)
362990,-88.17,64.9,362990 (드림인사이트)
060380,10.4,41.62,060380 (동양에스텍)
072950,8.07,46.22,072950 (빛샘전자)
001810,5.72,38.71,001810 (무림SP)
117670,-1.62,62.16,117670 (알파홀딩스)
131760,-12.88,53.49,131760 (파인텍)
289010,-12.33,54.43,289010 (아이스크림에듀)
361670,-21.56,68.22,361670 (삼영에스앤씨)
067010,18.44,44.88,067010 (이씨에스)
115530,4.04,58.79,115530 (씨엔플러스)
065440,18.04,64.94,065440 (이루온)
045520,20.62,51.74,045520 (크린앤사이언스)
229000,8.0,76.54,229000 (젠큐릭스)
297570,10.86,60.46,297570 (알로이스)
452980,4.98,4.05,452980 (신한제11호스팩)
190650,5.94,53.13,190650 (코리아에셋투자증권)
238200,-12.14,49.88,238200 (비피도)
127710,-2.09,52.62,127710 (아시아경제)
286750,5.15,60.83,286750 (나노브릭)
372800,-20.59,66.67,372800 (아이티아이즈)
054180,4.68,82.72,054180 (메디콕스)
060900,-8.67,60.28,060900 (DGP)
020180,24.54,58.81,020180 (대신정보통신)
076610,30.05,131.63,076610 (해성옵틱스)
148780,58.57,108.24,148780 (비큐AI)
054300,0.12,68.18,054300 (팬스타엔터프라이즈)
368970,-35.54,43.14,368970 (오에스피)
031510,13.23,49.14,031510 (오스템)
354200,-33.12,66.8,354200 (엔젠바이오)
290270,3.11,58.24,290270 (휴네시온)
159910,86.09,261.08,159910 (스킨앤스킨)
119500,13.6,51.9,119500 (포메탈)
093380,13.76,43.77,093380 (풍강)
083470,-9.55,59.08,083470 (이엠앤아이)
060240,13.21,75.82,060240 (스타코링크)
075130,10.51,45.81,075130 (플랜티넷)
439250,-16.35,11.94,439250 (삼성스팩7호)
115610,20.69,66.98,115610 (이미지스)
040160,2.79,47.75,040160 (누리플렉스)
351320,-0.68,52.78,351320 (에스에이티이엔지)
045510,18.36,59.53,045510 (정원엔시스)
016920,8.58,48.28,016920 (카스)
035620,14.84,65.23,035620 (바른손이앤에이)
076080,9.63,55.21,076080 (웰크론한텍)
900110,-9.55,55.38,900110 (이스트아시아홀딩스)
006920,19.55,57.72,006920 (모헨즈)
079170,14.78,45.73,079170 (한창산업)
047080,10.52,59.18,047080 (한빛소프트)
196490,1.27,65.09,196490 (디에이테크놀로지)
052860,-2.54,47.29,052860 (아이앤씨)
146060,-76.29,60.35,146060 (율촌)
095910,-3.34,46.65,095910 (에스에너지)
115480,-5.12,54.38,115480 (씨유메디칼)
089140,16.94,62.08,089140 (넥스턴바이오)
009620,23.46,71.27,009620 (삼보산업)
012620,12.1,37.08,012620 (원일특강)
237750,2.95,48.68,237750 (피앤씨테크)
104040,24.24,60.42,104040 (대성파인텍)
317240,-8.35,62.69,317240 (TS트릴리온)
086060,18.64,55.55,086060 (진바이오텍)
318160,-46.71,61.2,318160 (셀바이오휴먼텍)
039310,5.03,44.71,039310 (세중)
143540,4.1,57.48,143540 (영우디에스피)
184230,-0.49,50.61,184230 (SGA솔루션즈)
028080,0.28,50.03,028080 (휴맥스홀딩스)
094860,6.92,67.8,094860 (네오리진)
012340,-0.7,54.66,012340 (뉴인텍)
333050,-3.63,36.43,333050 (모코엠시스)
193250,6.65,64.81,193250 (링크드)
059100,12.39,56.18,059100 (아이컴포넌트)
038530,-1.58,70.22,038530 (케이바이오)
299910,-21.68,56.34,299910 (애닉)
043710,0.06,69.1,043710 (서울리거)
054090,13.84,54.23,054090 (삼진엘앤디)
008470,6.26,37.86,008470 (부스타)
089230,-15.03,66.54,089230 (THE E&M)
296640,-30.75,57.93,296640 (이노룰스)
121850,18.68,78.43,121850 (코이즈)
187790,0.35,54.4,187790 (나노)
018620,18.17,55.09,018620 (우진비앤지)
026040,11.46,53.92,026040 (제이에스티나)
208710,4.01,61.38,208710 (바이오로그디바이스)
331920,-27.63,58.92,331920 (셀레믹스)
014100,13.39,60.59,014100 (메디앙스)
045300,16.55,47.48,045300 (성우테크론)
900300,-29.85,65.74,900300 (오가닉티코스메틱)
044480,17.78,65.92,044480 (빌리언스)
001000,18.93,62.69,001000 (신라섬유)
103230,15.08,54.75,103230 (에스앤더블류)
137940,7.62,55.76,137940 (넥스트아이)
148250,18.49,62.9,148250 (알엔투테크놀로지)
177350,15.86,67.39,177350 (베셀)
017000,17.64,60.77,017000 (신원종합개발)
092600,10.52,61.49,092600 (앤씨앤)
073190,11.2,45.27,073190 (듀오백)
068940,10.33,57.34,068940 (셀피글로벌)
258790,6.2,52.45,258790 (소프트캠프)
179530,-3.19,74.3,179530 (애드바이오텍)
215480,10.45,62.27,215480 (토박스코리아)
043100,8.81,67.78,043100 (솔고바이오)
083640,13.54,63.13,083640 (인콘)
154030,17.36,68.18,154030 (아시아종묘)
451700,-0.35,4.47,451700 (엔에이치스팩29호)
072520,2.98,73.02,072520 (제넨바이오)
049470,1.47,52.53,049470 (SGA)
365900,-36.84,46.48,365900 (브이씨)
032080,14.06,52.1,032080 (아즈텍WB)
080470,18.26,50.76,080470 (성창오토텍)
091340,4.8,41.23,091340 (S&K폴리텍)
033050,3.16,49.76,033050 (제이엠아이)
101400,-5.63,56.72,101400 (엔시트론)
123010,38.45,102.26,123010 (아이윈플러스)
035200,19.64,56.86,035200 (프럼파스트)
113810,16.59,69.8,113810 (디젠스)
035460,18.2,59.86,035460 (기산텔레콤)
062970,-2.78,70.42,062970 (피피아이)
291810,-48.59,60.71,291810 (핀텔)
131180,4.01,41.76,131180 (딜리)
208350,-4.21,42.55,208350 (지란지교시큐리티)
025870,28.62,63.69,025870 (신라에스지)
032280,14.56,48.87,032280 (삼일)
154040,-5.79,52.15,154040 (다산솔루에타)
030350,-4.0,64.32,030350 (드래곤플라이)
110020,1.0,72.04,110020 (전진바이오팜)
900260,-19.78,57.3,900260 (로스웰)
098660,17.87,55.3,098660 (에스티오)
063760,26.39,59.6,063760 (이엘피)
054940,-0.75,55.65,054940 (엑사이엔씨)
044780,14.59,42.17,044780 (에이치케이)
900120,-8.97,57.65,900120 (씨엑스아이)
123330,-3.7,51.77,123330 (제닉)
008290,24.88,67.62,008290 (원풍물산)
002680,12.54,57.84,002680 (한탑)
424760,-20.67,38.23,424760 (벨로크)
035290,-1.37,65.95,035290 (골드앤에스)
377460,-50.25,62.5,377460 (위니아에이드)
352940,-27.46,52.37,352940 (인바이오)
464680,11.5,5.04,464680 (KB제27호스팩)
067730,11.47,63.08,067730 (로지시스)
066430,6.77,89.71,066430 (와이오엠)
310870,-9.8,39.12,310870 (디와이씨)
043200,1.4,64.63,043200 (파루)
050120,3.92,54.16,050120 (ES큐브)
023790,3.75,58.13,023790 (동일철강)
313760,-8.58,83.05,313760 (캐리)
225590,-1.22,40.95,225590 (패션플랫폼)
290560,-68.12,69.74,290560 (신시웨이)
191410,10.05,63.24,191410 (육일씨엔에쓰)
079650,18.71,50.67,079650 (서산)
085810,-10.29,46.99,085810 (알티캐스트)
344860,28.98,83.7,344860 (이노진)
224060,10.34,86.62,224060 (더코디)
043590,-4.86,56.5,043590 (웰킵스하이텍)
050760,11.73,50.25,050760 (에스폴리텍)
020400,16.4,48.46,020400 (대동금속)
900070,1.24,52.1,900070 (글로벌에스엠)
225430,2.74,55.02,225430 (케이엠제약)
054410,22.36,57.07,054410 (케이피티유)
048830,19.74,59.86,048830 (엔피케이)
215790,-14.89,53.58,215790 (이노인스트루먼트)
043090,16.91,75.34,043090 (더테크놀로지)
060260,66.28,151.15,060260 (뉴보텍)
121890,1.93,63.38,121890 (에스디시스템)
065770,9.03,58.03,065770 (CS)
054220,-11.33,54.61,054220 (비츠로시스)
079190,0.68,53.41,079190 (케스피온)
060480,18.48,63.97,060480 (국일신동)
039740,19.26,58.27,039740 (한국정보공학)
258830,-14.56,76.0,258830 (세종메디칼)
065570,-0.86,42.8,065570 (삼영이엔씨)
232830,31.87,93.84,232830 (시큐센)
017250,8.03,46.03,017250 (인터엠)
134060,13.1,58.77,134060 (이퓨쳐)
130740,7.32,49.73,130740 (티피씨글로벌)
468510,-0.11,11.1,468510 (삼성스팩9호)
308100,-15.62,59.72,308100 (까스텔바작)
196700,8.98,63.73,196700 (웹스)
214310,-19.58,76.74,214310 (에스엘에너지)
123750,2.19,47.4,123750 (알톤)
053060,21.92,61.84,053060 (세동)
027040,0.61,48.66,027040 (서울전자통신)
071460,-10.33,57.5,071460 (위니아)
217620,-1.37,59.61,217620 (디딤이앤에프)
317530,-2.52,77.37,317530 (캐리소프트)
067770,8.98,42.53,067770 (세진티에스)
091970,-2.71,50.05,091970 (나노캠텍)
069330,4.05,54.47,069330 (유아이디)
230980,5.97,70.23,230980 (비유테크놀러지)
079950,-1.51,47.83,079950 (인베니아)
250930,-10.17,44.22,250930 (예선테크)
275630,-19.66,46.7,275630 (에스에스알)
188260,-73.48,48.97,188260 (세니젠)
335870,5.84,55.93,335870 (윙스풋)
069140,7.57,58.14,069140 (누리플랜)
019570,27.45,89.95,019570 (플루토스)
215380,-2.0,55.52,215380 (우정바이오)
115570,-0.23,48.29,115570 (스타플렉스)
019660,1.9,70.09,019660 (글로본)
227100,-6.21,84.59,227100 (퀀텀온)
436610,55.71,65.62,436610 (한국제11호스팩)
043360,8.23,45.99,043360 (디지아이)
449020,1.94,5.09,449020 (유안타제13호스팩)
900280,-13.82,64.64,900280 (골든센츄리)
050090,34.32,121.39,050090 (비케이홀딩스)
466910,-20.39,26.7,466910 (엔에이치스팩30호)
101680,-9.26,59.2,101680 (한국정밀기계)
439410,3.89,6.82,439410 (엔에이치스팩26호)
096870,7.75,51.88,096870 (엘디티)
106240,17.78,54.92,106240 (파인테크닉스)
065150,-11.53,49.51,065150 (대산F&B)
084440,31.73,93.69,084440 (유비온)
026910,15.33,50.15,026910 (광진실업)
079970,-4.41,65.51,079970 (투비소프트)
070590,13.45,52.62,070590 (한솔인티큐브)
065420,15.68,64.47,065420 (에스아이리소스)
424140,1.77,7.64,424140 (케이비제21호스팩)
440820,5.3,7.9,440820 (엔에이치스팩27호)
477380,-35.01,37.48,477380 (미래에셋비전스팩4호)
073540,16.88,56.62,073540 (에프알텍)
457390,17.83,9.91,457390 (대신밸런스제15호스팩)
430230,1.79,23.26,430230 (하나금융24호스팩)
011080,11.98,61.11,011080 (형지I&C)
412930,8.91,23.23,412930 (미래에셋비전스팩1호)
106520,-17.12,73.44,106520 (노블엠앤비)
457630,13.28,26.92,457630 (대신밸런스제16호스팩)
406760,1.28,8.8,406760 (하나금융21호스팩)
430220,5.48,9.57,430220 (신영스팩8호)
442310,11.62,17.78,442310 (대신밸런스제14호스팩)
454750,6.59,8.63,454750 (하나28호스팩)
469880,11.79,9.71,469880 (하나30호스팩)
422040,1.52,7.21,422040 (엔에이치스팩23호)
244460,-33.49,80.2,244460 (올리패스)
477340,28.22,5.05,477340 (에이치엠씨제7호스팩)
473050,3.66,3.96,473050 (유안타제15호스팩)
421800,9.5,20.55,421800 (교보12호스팩)
418170,5.14,9.1,418170 (하나금융22호스팩)
478440,42.99,8.02,478440 (미래에셋비전스팩6호)
479880,52.49,6.51,479880 (한국제15호스팩)
065690,-8.35,38.67,065690 (파커스)
458320,24.6,14.91,458320 (KB제26호스팩)
471050,6.69,14.99,471050 (대신밸런스제17호스팩)
446750,7.66,7.92,446750 (하나26호스팩)
425290,-17.15,62.65,425290 (삼성스팩6호)
430460,2.59,7.44,430460 (한화플러스제3호스팩)
478390,41.65,8.94,478390 (KB제29호스팩)
481890,136.32,5.23,481890 (엔에이치스팩31호)
446840,5.67,9.04,446840 (키움제8호스팩)
044180,1.11,76.54,044180 (KD)
054630,3.07,67.2,054630 (에이디칩스)
477760,26.85,7.96,477760 (DB금융스팩12호)
438220,12.34,35.6,438220 (대신밸런스제13호스팩)
435380,3.22,9.05,435380 (유안타제10호스팩)
456440,-42.12,35.54,456440 (DB금융스팩11호)
448370,7.74,9.83,448370 (하나27호스팩)
476470,39.72,9.52,476470 (KB제28호스팩)
469900,14.0,6.8,469900 (하나31호스팩)
445970,7.92,8.49,445970 (신영스팩9호)
474660,7.62,7.67,474660 (신한제12호스팩)
454640,4.04,10.17,454640 (하나29호스팩)
477470,42.88,9.75,477470 (미래에셋비전스팩5호)
174880,-23.27,59.05,174880 (장원테크)
446190,-9.9,22.76,446190 (미래에셋비전스팩2호)
430700,2.48,10.31,430700 (유안타제9호스팩)
455250,23.02,14.65,455250 (KB제25호스팩)
446150,14.62,12.38,446150 (유안타제12호스팩)
03481K,-10.81,60.51,03481K (해성산업1우)
474490,9.3,4.17,474490 (유안타제16호스팩)
444920,8.1,7.21,444920 (유안타제11호스팩)
415580,-0.35,9.92,415580 (상상인제3호스팩)
437780,4.72,9.93,437780 (엔에이치스팩24호)
455310,11.43,8.98,455310 (한화플러스제4호스팩)
046070,2.67,50.91,046070 (코다코)
450050,1.8,7.71,450050 (하이제8호스팩)
448830,8.53,14.21,448830 (미래에셋비전스팩3호)
455910,-39.06,37.24,455910 (에스케이증권제9호스팩)
452670,3.12,3.64,452670 (상상인제4호스팩)
478110,38.71,6.51,478110 (이베스트스팩6호)
448760,9.92,13.72,448760 (IBKS제22호스팩)
472220,12.1,7.25,472220 (신영스팩10호)
439730,11.58,13.32,439730 (IBKS제20호스팩)
477530,40.04,6.2,477530 (한국제14호스팩)
433530,8.9,10.83,433530 (키움제7호스팩)
442770,12.32,12.21,442770 (IBKS제21호스팩)
450940,-1.01,8.7,450940 (유안타제14호스팩)
458610,-9.09,17.13,458610 (한국제12호스팩)
464440,16.28,7.56,464440 (한국제13호스팩)
468760,-2.05,10.98,468760 (유진스팩10호)
469480,8.06,6.92,469480 (IBKS제24호스팩)
467930,11.59,8.32,467930 (IBKS제23호스팩)
456490,-62.0,42.6,456490 (교보14호스팩)
445360,5.34,7.92,445360 (비엔케이제1호스팩)
473950,65.48,7.37,473950 (에스케이증권제13호스팩)
440790,8.79,9.98,440790 (교보13호스팩)
462020,-12.45,17.2,462020 (에이치엠씨제6호스팩)
472230,4.33,7.3,472230 (에스케이증권제11호스팩)
473370,9.41,4.11,473370 (비엔케이제2호스팩)
418210,6.17,13.8,418210 (신한제10호스팩)
465320,16.77,7.34,465320 (교보15호스팩)
442130,12.99,15.27,442130 (유진스팩9호)
474930,13.26,9.55,474930 (신한제13호스팩)
475250,7.15,5.18,475250 (하나33호스팩)
435870,1.25,13.98,435870 (에스케이증권제8호스팩)
413600,6.29,35.23,413600 (키움제6호스팩)
457940,-10.26,19.09,457940 (에스케이증권제10호스팩)
473000,12.54,6.62,473000 (에스케이증권제12호스팩)
475240,-29.52,18.37,475240 (하나32호스팩)
323230,-24.44,73.41,323230 (엠에프엠코리아)
438580,3.42,11.2,438580 (엔에이치스팩25호)
021045,29.0,68.25,021045 (대호특수강우)
032685,70.37,88.27,032685 (소프트센우)
204630,2.9,74.09,204630 (스튜디오산타클로스)
