,Return,Std Dev,Symbol(Name)
005930,16.43,26.33,005930 (삼성전자)
000660,25.82,37.56,000660 (SK하이닉스)
373220,-6.07,40.71,373220 (LG에너지솔루션)
005380,11.89,32.49,005380 (현대차)
207940,35.79,39.11,207940 (삼성바이오로직스)
005935,18.17,26.89,005935 (삼성전자우)
000270,19.42,32.16,000270 (기아)
068270,37.66,54.79,068270 (셀트리온)
105560,7.57,30.23,105560 (KB금융)
005490,1.6,31.66,005490 (POSCO홀딩스)
028260,9.41,33.84,028260 (삼성물산)
035420,14.21,35.17,035420 (NAVER)
055550,5.48,28.01,055550 (신한지주)
006400,15.08,38.6,006400 (삼성SDI)
051910,11.41,38.68,051910 (LG화학)
012330,8.31,33.24,012330 (현대모비스)
003670,45.95,44.0,003670 (포스코퓨처엠)
086790,10.75,32.97,086790 (하나금융지주)
032830,2.63,28.47,032830 (삼성생명)
035720,15.03,37.0,035720 (카카오)
066570,5.45,35.04,066570 (LG전자)
000810,8.74,28.37,000810 (삼성화재)
042700,55.65,47.67,042700 (한미반도체)
138040,32.1,36.1,138040 (메리츠금융지주)
402340,23.21,41.49,402340 (SK스퀘어)
011200,1.12,56.85,011200 (HMM)
259960,-6.34,45.61,259960 (크래프톤)
329180,21.01,41.48,329180 (HD현대중공업)
003550,6.29,31.38,003550 (LG)
009150,10.04,35.89,009150 (삼성전기)
018260,-1.48,34.37,018260 (삼성에스디에스)
015760,0.12,28.51,015760 (한국전력)
034020,1.96,45.3,034020 (두산에너빌리티)
012450,16.93,42.15,012450 (한화에어로스페이스)
033780,4.9,22.97,033780 (KT&G)
024110,3.88,27.63,024110 (기업은행)
267260,50.17,57.36,267260 (HD현대일렉트릭)
034730,15.99,36.33,034730 (SK)
017670,7.02,23.87,017670 (SK텔레콤)
009540,8.48,40.36,009540 (HD한국조선해양)
010130,13.84,35.19,010130 (고려아연)
316140,3.57,28.95,316140 (우리금융지주)
096770,8.8,41.77,096770 (SK이노베이션)
323410,-25.32,49.77,323410 (카카오뱅크)
047050,14.14,43.8,047050 (포스코인터내셔널)
086280,12.85,36.22,086280 (현대글로비스)
459580,3.81,0.15,459580 (KODEX CD금리액티브(합성))
030200,1.66,20.81,030200 (KT)
090430,10.53,36.9,090430 (아모레퍼시픽)
010140,4.11,40.75,010140 (삼성중공업)
003490,2.63,35.16,003490 (대한항공)
352820,6.61,51.36,352820 (하이브)
005830,15.09,33.39,005830 (DB손해보험)
010950,8.56,36.38,010950 (S-Oil)
000100,15.84,33.09,000100 (유한양행)
357870,2.24,0.23,357870 (TIGER CD금리투자KIS(합성))
069500,7.39,17.03,069500 (KODEX 200)
005387,16.47,32.42,005387 (현대차2우B)
011070,17.85,43.38,011070 (LG이노텍)
034220,-1.11,36.58,034220 (LG디스플레이)
011790,27.23,42.88,011790 (SKC)
326030,-2.83,43.59,326030 (SK바이오팜)
010120,12.87,38.06,010120 (LS ELECTRIC)
267250,4.86,34.1,267250 (HD현대)
022100,24.69,44.53,022100 (포스코DX)
097950,9.36,31.59,097950 (CJ제일제당)
051900,7.73,35.08,051900 (LG생활건강)
161390,5.19,34.71,161390 (한국타이어앤테크놀로지)
066970,33.93,55.27,066970 (엘앤에프)
088980,9.72,11.32,088980 (맥쿼리인프라)
443060,-80.95,90.69,443060 (HD현대마린솔루션)
423160,3.32,0.13,423160 (KODEX KOFR금리액티브(합성))
241560,13.21,40.3,241560 (두산밥캣)
454910,125.16,76.29,454910 (두산로보틱스)
251270,-5.08,44.35,251270 (넷마블)
001570,66.52,60.28,001570 (금양)
047810,15.44,40.13,047810 (한국항공우주)
005070,56.78,56.58,005070 (코스모신소재)
307950,27.09,48.04,307950 (현대오토에버)
009830,14.72,45.55,009830 (한화솔루션)
180640,37.3,55.47,180640 (한진칼)
028050,2.49,44.32,028050 (삼성E&A)
011170,9.81,42.6,011170 (롯데케미칼)
029780,1.44,27.37,029780 (삼성카드)
006800,-0.0,35.45,006800 (미래에셋증권)
003230,41.1,46.26,003230 (삼양식품)
078930,7.73,31.47,078930 (GS)
021240,9.42,34.54,021240 (코웨이)
036460,6.47,35.21,036460 (한국가스공사)
079550,24.09,45.14,079550 (LIG넥스원)
032640,5.67,30.32,032640 (LG유플러스)
005385,16.04,30.64,005385 (현대차우)
005940,3.93,33.59,005940 (NH투자증권)
006260,8.37,37.99,006260 (LS)
064350,11.6,47.79,064350 (현대로템)
011780,26.45,44.69,011780 (금호석유)
302440,-19.02,55.05,302440 (SK바이오사이언스)
036570,10.23,40.93,036570 (엔씨소프트)
071050,13.03,37.73,071050 (한국금융지주)
360750,20.96,14.67,360750 (TIGER 미국S&P500)
449170,3.65,0.15,449170 (TIGER KOFR금리액티브(합성))
004020,-1.55,36.02,004020 (현대제철)
016360,1.76,29.94,016360 (삼성증권)
133690,22.57,18.23,133690 (TIGER 미국나스닥100)
010620,14.57,43.49,010620 (HD현대미포)
000150,19.67,45.76,000150 (두산)
128940,21.2,44.88,128940 (한미약품)
377300,-44.16,58.24,377300 (카카오페이)
271560,8.41,36.16,271560 (오리온)
007660,44.07,52.59,007660 (이수페타시스)
000720,2.11,39.09,000720 (현대건설)
039490,16.43,37.92,039490 (키움증권)
272210,25.59,44.29,272210 (한화시스템)
001040,11.17,35.01,001040 (CJ)
361610,-23.97,50.89,361610 (SK아이이테크놀로지)
003410,18.33,40.6,003410 (쌍용C&E)
175330,13.46,25.25,175330 (JB금융지주)
001450,9.46,31.79,001450 (현대해상)
381180,31.52,28.0,381180 (TIGER 미국필라델피아반도체나스닥)
035250,3.08,28.64,035250 (강원랜드)
298040,57.36,57.46,298040 (효성중공업)
273130,1.74,3.05,273130 (KODEX 종합채권(AA-이상)액티브)
138930,0.33,28.91,138930 (BNK금융지주)
381170,31.36,23.25,381170 (TIGER 미국테크TOP10 INDXX)
002380,7.04,38.69,002380 (KCC)
004370,8.97,29.98,004370 (농심)
001440,-15.52,56.24,001440 (대한전선)
004990,-0.2,30.66,004990 (롯데지주)
088350,-1.57,35.12,088350 (한화생명)
052690,13.67,49.17,052690 (한전기술)
018880,12.44,39.62,018880 (한온시스템)
002790,13.31,39.65,002790 (아모레G)
278470,28.71,73.06,278470 (에이피알)
081660,16.06,37.68,081660 (휠라홀딩스)
278530,6.84,18.49,278530 (KODEX 200TR)
020150,26.44,51.89,020150 (롯데에너지머티리얼즈)
012750,5.34,26.9,012750 (에스원)
465680,4.34,0.59,465680 (KODEX 24-12 은행채(AA+이상)액티브)
122630,11.9,33.86,122630 (KODEX 레버리지)
008930,23.2,51.83,008930 (한미사이언스)
383220,-2.04,40.79,383220 (F&F)
012510,28.18,49.17,012510 (더존비즈온)
000990,30.13,51.34,000990 (DB하이텍)
102110,7.64,17.56,102110 (TIGER 200)
000880,2.6,34.95,000880 (한화)
028670,-11.44,52.78,028670 (팬오션)
000120,10.66,35.83,000120 (CJ대한통운)
014680,29.8,37.55,014680 (한솔케미칼)
030000,8.26,32.27,030000 (제일기획)
007070,5.26,34.56,007070 (GS리테일)
192820,23.82,47.37,192820 (코스맥스)
008770,13.9,37.54,008770 (호텔신라)
112610,27.34,49.91,112610 (씨에스윈드)
204320,10.57,43.27,204320 (HL만도)
005850,28.66,45.44,005850 (에스엘)
026960,9.28,28.97,026960 (동서)
051915,16.25,37.98,051915 (LG화학우)
073240,7.65,46.74,073240 (금호타이어)
103140,16.42,38.87,103140 (풍산)
023530,-6.05,32.61,023530 (롯데쇼핑)
282330,-3.53,36.86,282330 (BGF리테일)
010060,6.95,48.1,010060 (OCI홀딩스)
007310,12.74,31.0,007310 (오뚜기)
009420,33.81,55.84,009420 (한올바이오파마)
371460,-5.53,33.17,371460 (TIGER 차이나전기차SOLACTIVE)
017800,16.12,50.23,017800 (현대엘리베이)
111770,17.36,39.72,111770 (영원무역)
051600,5.82,36.59,051600 (한전KPS)
280360,2.55,28.92,280360 (롯데웰푸드)
470260,4.94,0.35,470260 (TIGER 24-12 금융채(AA-이상))
018670,15.22,31.75,018670 (SK가스)
455890,4.41,0.24,455890 (KBSTAR 머니마켓액티브)
139480,-5.39,32.19,139480 (이마트)
298050,26.93,46.57,298050 (효성첨단소재)
011210,7.92,43.24,011210 (현대위아)
042670,7.17,47.54,042670 (HD현대인프라코어)
047040,-1.64,38.2,047040 (대우건설)
004170,0.54,35.4,004170 (신세계)
102780,7.95,18.91,102780 (KODEX 삼성그룹)
252670,-14.74,35.63,252670 (KODEX 200선물인버스2X)
000240,9.25,38.26,000240 (한국앤컴퍼니)
214980,1.81,0.18,214980 (KODEX 단기채권PLUS)
298020,17.23,46.25,298020 (효성티앤씨)
161890,17.63,40.52,161890 (한국콜마)
379800,19.83,14.37,379800 (KODEX 미국S&P500TR)
336370,92.75,67.76,336370 (솔루스첨단소재)
000080,-0.35,29.6,000080 (하이트진로)
006280,8.4,39.97,006280 (녹십자)
139130,-1.21,28.91,139130 (DGB금융지주)
457190,257.28,113.4,457190 (이수스페셜티케미컬)
002710,34.81,48.12,002710 (TCC스틸)
003690,4.93,27.24,003690 (코리안리)
453850,-9.36,15.88,453850 (ACE 미국30년국채액티브(H))
385540,1.38,4.38,385540 (KBSTAR 종합채권(A-이상)액티브)
009240,22.54,42.89,009240 (한샘)
336260,63.19,66.06,336260 (두산퓨얼셀)
310970,11.82,19.36,310970 (TIGER MSCI Korea TR)
185750,16.9,43.77,185750 (종근당)
014820,18.27,45.66,014820 (동원시스템즈)
004490,16.75,36.54,004490 (세방전지)
233740,16.47,52.99,233740 (KODEX 코스닥150레버리지)
395400,-3.91,21.97,395400 (SK리츠)
082640,1.79,33.9,082640 (동양생명)
006360,-4.47,41.36,006360 (GS건설)
069620,17.64,45.65,069620 (대웅제약)
292150,9.99,21.38,292150 (TIGER TOP10)
108320,19.15,45.49,108320 (LX세미콘)
315930,17.92,21.67,315930 (KODEX Top5PlusTR)
148020,7.7,16.38,148020 (KBSTAR 200)
009970,12.65,32.09,009970 (영원무역홀딩스)
305720,19.68,35.22,305720 (KODEX 2차전지산업)
305540,23.41,36.3,305540 (TIGER 2차전지테마)
375500,-14.02,33.65,375500 (DL이앤씨)
006040,7.0,29.47,006040 (동원산업)
001120,8.4,39.83,001120 (LX인터내셔널)
103590,19.3,47.16,103590 (일진전기)
145720,30.88,46.95,145720 (덴티움)
004800,8.2,36.7,004800 (효성)
005300,7.6,29.63,005300 (롯데칠성)
004000,6.05,35.58,004000 (롯데정밀화학)
001720,6.53,18.46,001720 (신영증권)
000210,5.89,39.84,000210 (DL)
294870,-13.06,42.67,294870 (HDC현대산업개발)
089860,-15.34,25.38,089860 (롯데렌탈)
082740,12.11,48.2,082740 (한화엔진)
360200,21.15,14.61,360200 (ACE 미국S&P500)
137310,-39.67,53.82,137310 (에스디바이오센서)
034230,18.91,42.93,034230 (파라다이스)
475630,3.84,0.14,475630 (TIGER CD1년금리액티브(합성))
003090,24.11,48.25,003090 (대웅)
069960,-1.11,31.41,069960 (현대백화점)
379810,23.32,19.67,379810 (KODEX 미국나스닥100TR)
353200,36.67,49.06,353200 (대덕전자)
006110,44.2,52.01,006110 (삼아알미늄)
005420,32.97,59.48,005420 (코스모화학)
458730,19.41,10.71,458730 (TIGER 미국배당다우존스)
610063,3.82,0.25,610063 (메리츠 KIS CD금리투자 ETN)
003620,-10.46,42.36,003620 (KG모빌리티)
001740,-0.14,34.15,001740 (SK네트웍스)
267270,14.42,52.83,267270 (HD현대건설기계)
085620,2.39,31.6,085620 (미래에셋생명)
481050,3.95,0.15,481050 (KODEX 1년은행양도성예금증서+액티브(합성))
248070,-3.4,38.83,248070 (솔루엠)
120110,6.68,39.18,120110 (코오롱인더)
365550,0.56,24.9,365550 (ESR켄달스퀘어리츠)
002840,30.27,29.81,002840 (미원상사)
192080,5.86,38.95,192080 (더블유게임즈)
008730,17.85,35.44,008730 (율촌화학)
281820,25.09,48.63,281820 (케이씨텍)
367380,26.86,19.85,367380 (ACE 미국나스닥100)
001800,5.7,31.97,001800 (오리온홀딩스)
300720,10.45,40.11,300720 (한일시멘트)
229640,38.12,50.4,229640 (LS에코에너지)
079160,2.17,40.77,079160 (CJ CGV)
000815,11.06,22.9,000815 (삼성화재우)
456040,-9.36,43.07,456040 (OCI)
039130,8.8,39.63,039130 (하나투어)
396500,19.68,26.01,396500 (TIGER Fn반도체TOP10)
001680,15.71,35.78,001680 (대상)
229200,7.86,26.98,229200 (KODEX 코스닥150)
003540,4.38,27.63,003540 (대신증권)
005180,8.89,30.9,005180 (빙그레)
023590,15.12,41.65,023590 (다우기술)
453540,4.65,1.46,453540 (TIGER 25-10 회사채(A+이상)액티브)
066575,5.93,33.87,066575 (LG전자우)
436140,4.77,5.87,436140 (SOL 종합채권(AA-이상)액티브)
000400,0.8,37.19,000400 (롯데손해보험)
285130,5.98,49.84,285130 (SK케미칼)
006650,20.49,47.49,006650 (대한유화)
093370,18.03,48.19,093370 (후성)
178920,27.28,45.57,178920 (PI첨단소재)
100090,24.62,52.61,100090 (SK오션플랜트)
214320,-0.14,29.38,214320 (이노션)
356540,0.64,4.05,356540 (ACE 종합채권(AA-이상)KIS액티브)
003030,24.78,42.61,003030 (세아제강지주)
089590,-6.5,41.22,089590 (제주항공)
139260,11.81,21.94,139260 (TIGER 200 IT)
476810,5.99,0.85,476810 (KODEX 25-11 은행채(AA-이상)PLUS액티브)
005880,-11.99,57.97,005880 (대한해운)
271940,-33.79,41.95,271940 (일진하이솔루스)
069260,5.99,32.49,069260 (TKG휴켐스)
330590,-11.83,18.65,330590 (롯데리츠)
090460,34.38,51.2,090460 (비에이치)
007340,18.79,31.46,007340 (DN오토모티브)
049770,18.76,36.13,049770 (동원F&B)
009900,12.05,56.28,009900 (명신산업)
192400,3.19,37.63,192400 (쿠쿠홀딩스)
105630,20.53,44.74,105630 (한세실업)
020560,5.55,43.45,020560 (아시아나항공)
157450,2.45,10.94,157450 (TIGER 단기통안채)
458760,12.11,9.81,458760 (TIGER 미국배당+7%프리미엄다우존스)
002350,8.41,37.3,002350 (넥센타이어)
447820,6.36,1.2,447820 (TIGER 24-10 회사채(A+이상)액티브)
195870,27.13,44.49,195870 (해성디에스)
009450,24.78,39.46,009450 (경동나비엔)
001060,19.95,47.18,001060 (JW중외제약)
700026,3.73,0.14,700026 (하나 CD금리투자 ETN)
348950,-4.69,14.75,348950 (제이알글로벌리츠)
153130,1.93,0.34,153130 (KODEX 단기채권)
114090,4.02,38.48,114090 (GKL)
294400,7.87,18.77,294400 (KOSEF 200TR)
550082,3.8,0.17,550082 (N2 KIS CD금리투자 ETN)
032350,6.02,51.29,032350 (롯데관광개발)
268280,16.03,28.34,268280 (미원에스씨)
010780,21.58,41.59,010780 (아이에스동서)
001430,10.48,41.67,001430 (세아베스틸지주)
152100,7.48,16.21,152100 (ARIRANG 200)
530031,7.68,80.59,530031 (삼성 레버리지 WTI원유 선물 ETN)
003240,4.15,31.64,003240 (태광산업)
003960,19.83,41.03,003960 (사조대림)
003850,20.7,40.33,003850 (보령)
000640,7.4,35.76,000640 (동아쏘시오홀딩스)
272580,1.91,0.22,272580 (TIGER 단기채권액티브)
006120,6.93,38.49,006120 (SK디스커버리)
181710,-2.98,39.57,181710 (NHN)
064960,10.43,36.57,064960 (SNT모티브)
003530,3.08,42.9,003530 (한화투자증권)
005440,3.48,30.51,005440 (현대지에프홀딩스)
017860,-87.92,75.82,017860 (DS단석)
001530,21.54,35.48,001530 (DI동일)
003570,8.18,35.02,003570 (SNT다이내믹스)
025540,16.48,36.64,025540 (한국단자)
462010,-23.74,53.5,462010 (TIGER 2차전지소재Fn)
192650,23.07,58.96,192650 (드림텍)
016380,-18.92,62.57,016380 (KG스틸)
014830,13.35,32.32,014830 (유니드)
003160,45.01,59.71,003160 (디아이)
005250,12.72,41.3,005250 (녹십자홀딩스)
403550,-3.88,50.07,403550 (쏘카)
344820,1.27,42.23,344820 (KCC글라스)
381970,-6.54,53.69,381970 (케이카)
030190,25.09,38.62,030190 (NICE평가정보)
161000,19.76,46.06,161000 (애경케미칼)
114800,-4.51,17.55,114800 (KODEX 인버스)
550057,-1.48,10.74,550057 (N2 코스피 변동성 매칭형 양매도 ETN)
019170,37.4,64.56,019170 (신풍제약)
000670,1.93,33.47,000670 (영풍)
006380,-3.69,53.69,006380 (카프로)
368590,25.26,19.85,368590 (KBSTAR 미국나스닥100)
000370,0.21,34.48,000370 (한화손해보험)
500019,7.8,78.88,500019 (신한 레버리지 WTI원유 선물 ETN(H))
057050,-2.26,30.59,057050 (현대홈쇼핑)
314250,36.82,29.63,314250 (KODEX 미국빅테크10(H))
390390,42.97,27.87,390390 (KODEX 미국반도체MV)
170900,0.33,37.7,170900 (동아에스티)
000070,11.48,40.31,000070 (삼양홀딩스)
451540,5.14,4.07,451540 (TIGER 종합채권(AA-이상)액티브)
007700,33.26,50.87,007700 (F&F홀딩스)
272450,-0.45,48.67,272450 (진에어)
003470,-2.7,38.67,003470 (유안타증권)
091180,9.9,25.45,091180 (KODEX 자동차)
016800,8.21,29.37,016800 (퍼시스)
371160,-10.13,35.44,371160 (TIGER 차이나항셍테크)
091160,11.64,25.66,091160 (KODEX 반도체)
329750,5.47,8.93,329750 (TIGER 미국달러단기채권액티브)
196230,1.78,0.21,196230 (KBSTAR 단기통안채)
003280,14.37,66.1,003280 (흥아해운)
091810,-2.56,49.43,091810 (티웨이항공)
030610,-1.06,30.64,030610 (교보증권)
446720,7.47,11.99,446720 (SOL 미국배당다우존스)
476550,-4.47,11.67,476550 (TIGER 미국30년국채프리미엄액티브(H))
001340,21.98,47.4,001340 (백광산업)
950210,-17.39,62.17,950210 (프레스티지바이오파마)
017810,15.34,38.25,017810 (풀무원)
033240,20.44,48.46,033240 (자화전자)
017960,10.92,39.85,017960 (한국카본)
071320,0.62,28.49,071320 (지역난방공사)
293940,5.16,16.33,293940 (신한알파리츠)
075580,34.4,49.13,075580 (세진중공업)
031430,5.03,41.09,031430 (신세계인터내셔날)
002030,15.8,30.36,002030 (아세아)
001200,3.94,38.22,001200 (유진투자증권)
002240,7.63,37.63,002240 (고려제강)
383800,-14.47,20.75,383800 (LX홀딩스)
105190,7.69,18.3,105190 (ACE 200)
293180,7.95,18.81,293180 (HANARO 200)
145990,4.52,37.58,145990 (삼양사)
00680K,-2.12,21.03,00680K (미래에셋증권2우B)
284740,-1.8,38.29,284740 (쿠쿠홈시스)
580058,3.69,0.17,580058 (KB KIS CD금리투자 ETN)
017940,3.89,24.66,017940 (E1)
071970,-13.94,71.05,071970 (STX중공업)
200880,9.62,51.47,200880 (서연이화)
018250,-0.72,42.49,018250 (애경산업)
446770,95.29,25.91,446770 (ACE 글로벌반도체TOP4 Plus SOLACTIVE)
477080,3.84,0.14,477080 (KBSTAR CD금리액티브(합성))
012630,-0.86,39.59,012630 (HDC)
469830,4.6,0.21,469830 (SOL 초단기채권액티브)
005610,21.89,37.86,005610 (SPC삼립)
460860,-24.11,58.13,460860 (동국제강)
329200,4.02,12.92,329200 (TIGER 리츠부동산인프라)
001820,24.57,47.8,001820 (삼화콘덴서)
453810,35.31,13.37,453810 (KODEX 인도Nifty50)
090435,9.08,34.79,090435 (아모레퍼시픽우)
278540,6.79,18.81,278540 (KODEX MSCI Korea TR)
432320,2.82,18.17,432320 (KB스타리츠)
009470,40.52,59.77,009470 (삼화전기)
379780,19.49,14.55,379780 (KBSTAR 미국S&P500)
241590,12.14,48.99,241590 (화승엔터프라이즈)
458250,-12.48,25.97,458250 (TIGER 미국30년국채스트립액티브(합성 H))
010690,21.94,48.91,010690 (화신)
900140,8.58,43.59,900140 (엘브이엠씨홀딩스)
003920,5.26,30.8,003920 (남양유업)
441680,17.1,11.16,441680 (TIGER 미국나스닥100커버드콜(합성))
020000,7.65,36.58,020000 (한섬)
453870,34.36,13.04,453870 (TIGER 인도니프티50)
005389,15.38,26.52,005389 (현대차3우B)
011930,11.51,54.62,011930 (신성이엔지)
183190,11.22,40.64,183190 (아세아시멘트)
377740,-44.07,34.66,377740 (바이오노트)
455850,62.41,32.13,455850 (SOL AI반도체소부장)
005810,12.46,28.5,005810 (풍산홀딩스)
465580,82.11,20.47,465580 (ACE 미국빅테크TOP7 Plus)
161510,9.07,16.22,161510 (ARIRANG 고배당주)
003300,9.56,37.23,003300 (한일홀딩스)
058650,7.88,28.19,058650 (세아홀딩스)
357120,0.85,15.01,357120 (코람코라이프인프라리츠)
385560,-3.97,18.4,385560 (KBSTAR KIS국고채30년Enhanced)
034310,10.29,31.65,034310 (NICE)
474220,97.76,15.6,474220 (TIGER 미국테크TOP10+10%프리미엄)
453340,7.27,23.91,453340 (현대그린푸드)
148070,2.97,5.24,148070 (KOSEF 국고채10년)
093050,-0.62,32.5,093050 (LF)
002960,9.24,20.6,002960 (한국쉘석유)
069660,7.6,17.89,069660 (KOSEF 200)
026890,31.6,53.83,026890 (스틱인베스트먼트)
126560,7.46,38.16,126560 (현대퓨처넷)
286940,6.57,40.2,286940 (롯데이노베이트)
477050,4.1,0.22,477050 (ARIRANG 머니마켓액티브)
094800,5.13,13.98,094800 (맵스리얼티1)
003520,18.83,50.49,003520 (영진약품)
097520,29.1,51.7,097520 (엠씨넥스)
003545,4.44,18.87,003545 (대신증권우)
448730,3.77,9.47,448730 (삼성FN리츠)
108670,-1.02,35.07,108670 (LX하우시스)
520009,22.93,78.14,520009 (미래에셋 레버리지 원유선물혼합 ETN(H))
007810,28.67,51.26,007810 (코리아써키트)
104700,5.99,33.95,104700 (한국철강)
456610,9.69,8.57,456610 (TIGER 미국달러SOFR금리액티브(합성))
033270,23.68,50.28,033270 (유나이티드제약)
467940,6.88,1.08,467940 (KODEX 25-11 회사채(A+이상)액티브)
115390,1.25,40.05,115390 (락앤락)
029530,0.29,24.82,029530 (신도리코)
457480,37.72,41.19,457480 (ACE 테슬라밸류체인액티브)
006405,17.43,35.23,006405 (삼성SDI우)
002310,17.04,34.04,002310 (아세아제지)
003000,10.91,46.85,003000 (부광약품)
006220,14.72,44.68,006220 (제주은행)
451000,5.79,4.81,451000 (ARIRANG 종합채권(AA-이상)액티브)
476450,4.26,0.32,476450 (히어로즈 머니마켓액티브)
249420,14.88,62.0,249420 (일동제약)
123890,-6.22,26.95,123890 (한국자산신탁)
004690,3.47,30.21,004690 (삼천리)
251350,16.09,14.99,251350 (KODEX 선진국MSCI World)
114260,2.89,5.25,114260 (KODEX 국고채3년)
077970,9.32,62.81,077970 (STX엔진)
084690,16.03,38.75,084690 (대상홀딩스)
007460,-8.11,69.03,007460 (에이프로젠)
364980,10.15,37.39,364980 (TIGER 2차전지TOP10)
306200,20.28,41.83,306200 (세아제강)
005090,2.38,35.12,005090 (SGC에너지)
000155,16.36,34.71,000155 (두산우)
093230,2.21,74.46,093230 (이아이디)
455030,9.77,8.56,455030 (KODEX 미국달러SOFR금리액티브(합성))
402970,9.99,13.8,402970 (ACE 미국배당다우존스)
130660,18.27,48.31,130660 (한전산업)
025860,1.6,41.73,025860 (남해화학)
036530,7.43,30.33,036530 (SNT홀딩스)
451800,9.32,16.26,451800 (한화리츠)
226490,8.8,16.26,226490 (KODEX 코스피)
060980,3.03,34.65,060980 (HL홀딩스)
00088K,0.16,20.79,00088K (한화3우B)
007690,10.32,34.01,007690 (국도화학)
024720,26.73,49.34,024720 (콜마홀딩스)
00104K,13.96,31.77,00104K (CJ4우(전환))
479080,4.64,0.18,479080 (1Q 머니마켓액티브)
009290,11.97,35.47,009290 (광동제약)
004700,22.87,36.45,004700 (조광피혁)
001390,17.69,45.97,001390 (KG케미칼)
072710,2.88,23.17,072710 (농심홀딩스)
027410,-5.7,39.78,027410 (BGF)
000500,12.04,38.72,000500 (가온전선)
273140,1.87,0.25,273140 (KODEX 단기변동금리부채권액티브)
000680,4.28,44.45,000680 (LS네트웍스)
126720,-9.64,39.59,126720 (수산인더스트리)
005390,29.96,56.19,005390 (신성통상)
000430,16.07,39.68,000430 (대원강업)
304660,-2.71,16.34,304660 (KODEX 미국30년국채울트라선물(H))
005690,24.26,62.64,005690 (파미셀)
394660,6.42,22.27,394660 (TIGER 글로벌자율주행&전기차SOLACTIVE)
035150,36.92,48.39,035150 (백산)
388420,18.13,28.43,388420 (KBSTAR 비메모리반도체액티브)
251340,-9.25,28.11,251340 (KODEX 코스닥150선물인버스)
003220,22.24,42.99,003220 (대원제약)
001470,-3.3,73.75,001470 (삼부토건)
051905,10.15,32.34,051905 (LG생활건강우)
034120,0.15,36.92,034120 (SBS)
001940,6.46,30.78,001940 (KISCO홀딩스)
570090,3.8,0.18,570090 (한투 KIS CD금리투자 ETN)
298690,-8.23,58.2,298690 (에어부산)
091170,6.0,24.29,091170 (KODEX 은행)
088260,2.25,16.73,088260 (이리츠코크렙)
143860,12.49,28.4,143860 (TIGER 헬스케어)
302190,1.5,4.13,302190 (TIGER 중장기국채)
439870,7.1,15.01,439870 (KODEX 국고채30년액티브)
241180,12.4,16.5,241180 (TIGER 일본니케이225)
361580,11.24,17.11,361580 (KBSTAR 200TR)
472870,-24.7,15.55,472870 (KBSTAR 미국30년국채엔화노출(합성 H))
013890,-18.08,48.89,013890 (지누스)
003580,27.1,65.99,003580 (HLB글로벌)
245710,11.54,19.59,245710 (ACE 베트남VN30(합성))
004430,9.77,44.14,004430 (송원산업)
272550,0.25,28.53,272550 (삼양패키징)
002320,3.88,40.61,002320 (한진)
071055,14.61,29.13,071055 (한국금융지주우)
000480,4.6,30.47,000480 (CR홀딩스)
000540,2.79,34.1,000540 (흥국화재)
226320,-6.81,53.26,226320 (잇츠한불)
423920,96.07,57.65,423920 (TIGER 미국필라델피아반도체레버리지(합성))
011760,10.75,42.47,011760 (현대코퍼레이션)
006340,38.29,60.23,006340 (대원전선)
322000,33.11,64.21,322000 (HD현대에너지솔루션)
122900,-0.72,38.01,122900 (아이마켓코리아)
009680,7.2,37.37,009680 (모토닉)
001250,-0.29,42.48,001250 (GS글로벌)
084010,8.95,43.34,084010 (대한제강)
006390,4.87,58.24,006390 (한일현대시멘트)
017390,5.81,32.25,017390 (서울가스)
439860,5.42,2.08,439860 (KODEX ESG종합채권(A-이상)액티브)
001500,-2.3,30.15,001500 (현대차증권)
001780,15.57,53.59,001780 (알루코)
097230,-15.83,48.33,097230 (HJ중공업)
005500,9.06,33.26,005500 (삼진제약)
001270,2.89,22.92,001270 (부국증권)
138490,10.53,44.59,138490 (코오롱ENP)
058430,14.73,44.44,058430 (포스코스틸리온)
001790,11.11,37.84,001790 (대한제당)
029460,21.36,42.71,029460 (케이씨)
466940,73.29,25.31,466940 (TIGER 은행고배당플러스TOP10)
084680,25.51,62.92,084680 (이월드)
001630,17.66,40.85,001630 (종근당홀딩스)
001510,-3.18,38.34,001510 (SK증권)
012030,11.61,47.21,012030 (DB)
016580,11.25,32.37,016580 (환인제약)
092220,5.81,58.1,092220 (KEC)
394670,-13.17,23.82,394670 (TIGER 글로벌리튬&2차전지SOLACTIVE(합성))
001230,5.25,48.1,001230 (동국홀딩스)
334890,5.74,15.56,334890 (이지스밸류리츠)
000490,17.19,45.19,000490 (대동)
500077,81.01,22.21,500077 (신한 인버스0.5X S&P500 VIX S/T선물 ETN)
015360,5.59,18.2,015360 (예스코홀딩스)
367770,2.46,22.28,367770 (KBSTAR Fn수소경제테마)
449180,21.62,14.97,449180 (KODEX 미국S&P500(H))
005720,2.74,25.52,005720 (넥센)
004560,17.28,48.67,004560 (현대비앤지스틸)
213500,-0.55,28.04,213500 (한솔제지)
117580,14.21,47.37,117580 (대성에너지)
100840,8.63,40.68,100840 (SNT에너지)
102460,15.98,51.68,102460 (이연제약)
018470,24.14,51.99,018470 (조일알미늄)
002150,8.75,43.67,002150 (도화엔지니어링)
034830,6.23,34.49,034830 (한국토지신탁)
214420,3.42,57.26,214420 (토니모리)
004380,21.57,41.68,004380 (삼익THK)
004360,4.63,30.9,004360 (세방)
411060,18.92,13.67,411060 (ACE KRX금현물)
456600,107.55,26.41,456600 (TIMEFOLIO 글로벌AI인공지능액티브)
194370,2.71,47.72,194370 (제이에스코퍼레이션)
005010,11.15,39.48,005010 (휴스틸)
290130,7.51,19.12,290130 (KBSTAR ESG사회책임투자)
092790,6.67,66.99,092790 (넥스틸)
003120,8.82,34.63,003120 (일성아이에스)
570043,53.69,45.71,570043 (한투 레버리지 나스닥 100 ETN)
037710,3.68,22.29,037710 (광주신세계)
092230,3.1,25.97,092230 (KPX홀딩스)
053210,-4.76,33.99,053210 (스카이라이프)
016590,19.86,34.47,016590 (신대양제지)
760005,91.81,20.32,760005 (키움 INDXX 미국테크탑10 ETN)
001130,4.37,28.64,001130 (대한제분)
002810,12.2,26.76,002810 (삼영무역)
449190,38.96,18.01,449190 (KODEX 미국나스닥100(H))
095720,-6.67,39.2,095720 (웅진씽크빅)
091230,12.15,25.45,091230 (TIGER 반도체)
008490,12.33,31.07,008490 (서흥)
007570,6.9,51.34,007570 (일양약품)
448290,21.43,13.25,448290 (TIGER 미국S&P500TR(H))
003350,45.83,62.78,003350 (한국화장품제조)
200250,11.58,17.03,200250 (KOSEF 인도Nifty50(합성))
339770,-25.08,28.63,339770 (교촌에프앤비)
025000,3.74,26.38,025000 (KPX케미칼)
011810,-9.13,74.72,011810 (STX)
404990,-3.8,21.03,404990 (신한서부티엔디리츠)
483280,215.34,16.31,483280 (KODEX 미국AI테크TOP10+15%프리미엄)
002390,10.99,41.55,002390 (한독)
530107,-42.3,57.8,530107 (삼성 인버스 2X 코스닥150 선물 ETN)
009160,8.98,39.75,009160 (SIMPAC)
448880,6.77,0.92,448880 (ACE 24-12 회사채(AA-이상)액티브)
011500,24.36,50.4,011500 (한농화성)
462520,-11.12,87.7,462520 (조선내화)
298000,-0.04,55.35,298000 (효성화학)
078520,15.31,53.26,078520 (에이블씨엔씨)
760009,3.68,0.15,760009 (키움 CD금리투자 ETN)
096760,16.97,44.85,096760 (JW홀딩스)
452260,-29.56,50.31,452260 (한화갤러리아)
462330,-52.1,94.44,462330 (KODEX 2차전지산업레버리지)
271980,0.08,58.33,271980 (제일약품)
422420,2.33,35.09,422420 (KBSTAR 2차전지액티브)
005430,11.45,33.02,005430 (한국공항)
004090,35.97,60.51,004090 (한국석유)
473290,6.18,1.28,473290 (KODEX 26-12 회사채(AA-이상)액티브)
464540,4.95,0.55,464540 (KBSTAR 25-03 회사채(AA-이상)액티브)
037560,-8.36,39.69,037560 (LG헬로비전)
000390,14.07,43.01,000390 (삼화페인트)
295040,7.91,18.89,295040 (SOL 200TR)
000020,8.58,39.92,000020 (동화약품)
005950,15.62,49.49,005950 (이수화학)
272560,2.0,0.36,272560 (KBSTAR 단기국공채액티브)
009155,10.57,31.91,009155 (삼성전기우)
003070,5.46,50.05,003070 (코오롱글로벌)
293480,-9.96,32.39,293480 (하나제약)
039570,-1.62,35.68,039570 (HDC랩스)
005945,4.97,20.51,005945 (NH투자증권우)
008060,5.08,31.96,008060 (대덕)
102260,14.11,35.57,102260 (동성케미컬)
081000,32.2,53.31,081000 (일진다이아)
006060,21.34,43.76,006060 (화승인더)
001460,11.88,28.83,001460 (BYC)
377190,-13.77,15.24,377190 (디앤디플랫폼리츠)
471230,13.44,5.73,471230 (KODEX 국고채10년액티브)
409820,19.54,48.14,409820 (KODEX 미국나스닥100레버리지(합성 H))
109070,-1.14,63.48,109070 (주성코퍼레이션)
036420,8.79,49.23,036420 (콘텐트리중앙)
365780,-0.91,7.01,365780 (ACE 국고채10년)
027970,-4.19,54.35,027970 (한국제지)
071840,-7.87,35.16,071840 (롯데하이마트)
530111,-40.59,106.07,530111 (삼성 레버리지 천연가스 선물 ETN C)
000050,4.29,34.81,000050 (경방)
007160,9.95,38.63,007160 (사조산업)
008350,20.44,53.13,008350 (남선알미늄)
000140,-2.83,32.57,000140 (하이트진로홀딩스)
037270,31.45,59.54,037270 (YG PLUS)
001520,-7.96,51.27,001520 (동양)
417310,-0.75,18.44,417310 (코람코더원리츠)
471990,72.9,38.34,471990 (KODEX AI반도체핵심장비)
466920,37.31,32.42,466920 (SOL 조선TOP3플러스)
004980,14.32,53.75,004980 (성신양회)
092200,18.32,50.96,092200 (디아이씨)
007860,27.4,57.51,007860 (서연)
332940,14.34,20.69,332940 (HANARO MSCI Korea TR)
019680,-1.69,30.42,019680 (대교)
101530,-6.9,42.65,101530 (해태제과식품)
003200,6.6,28.34,003200 (일신방직)
002020,6.12,45.82,002020 (코오롱)
460850,-56.75,43.29,460850 (동국씨엠)
095570,1.42,37.24,095570 (AJ네트웍스)
011785,25.48,37.6,011785 (금호석유우)
002100,16.48,43.9,002100 (경농)
015860,14.63,48.84,015860 (일진홀딩스)
074610,36.86,78.47,074610 (이엔플러스)
484790,-32.65,12.6,484790 (KODEX 미국30년국채액티브(H))
001080,16.14,37.21,001080 (만호제강)
143850,14.21,16.85,143850 (TIGER 미국S&P500선물(H))
097955,10.16,26.3,097955 (CJ제일제당 우)
328370,10.69,19.38,328370 (ARIRANG 코스피TR)
210980,-1.65,41.02,210980 (SK디앤디)
463290,4.58,0.26,463290 (1Q 단기금융채액티브)
090350,18.39,42.85,090350 (노루페인트)
009580,6.55,34.05,009580 (무림P&P)
016610,1.47,29.89,016610 (DB금융투자)
107590,23.6,32.66,107590 (미원홀딩스)
044450,13.87,28.29,044450 (KSS해운)
461950,-26.77,55.62,461950 (KODEX 2차전지핵심소재10 Fn)
267850,31.17,68.86,267850 (아시아나IDT)
010955,3.53,24.49,010955 (S-Oil우)
234080,-1.36,36.24,234080 (JW생명과학)
455860,-16.3,46.76,455860 (SOL 2차전지소부장Fn)
002900,24.0,57.72,002900 (TYM)
372330,-10.25,34.97,372330 (KODEX 차이나항셍테크)
030210,8.3,44.84,030210 (다올투자증권)
006840,11.28,41.59,006840 (AK홀딩스)
016450,15.81,48.51,016450 (한세예스24홀딩스)
471760,79.24,34.24,471760 (TIGER AI반도체핵심공정)
079430,9.42,40.23,079430 (현대리바트)
003555,10.65,24.42,003555 (LG우)
012320,13.55,43.97,012320 (경동인베스트)
025820,27.37,54.54,025820 (이구산업)
192090,8.76,21.38,192090 (TIGER 차이나CSI300)
005680,2.2,28.73,005680 (삼영전자)
028100,7.31,42.08,028100 (동아지질)
100250,11.54,30.24,100250 (진양홀딩스)
395270,15.71,24.17,395270 (HANARO Fn K-반도체)
214390,-5.4,49.1,214390 (경보제약)
450140,-18.53,62.4,450140 (코오롱모빌리티그룹)
083420,18.28,39.98,083420 (그린케미칼)
479730,65.6,20.75,479730 (TIGER 인도빌리언컨슈머)
035510,12.29,38.73,035510 (신세계 I&C)
105840,6.69,48.44,105840 (우진)
134380,10.31,29.81,134380 (미원화학)
317400,1.98,37.33,317400 (자이에스앤디)
363570,-1.07,7.72,363570 (KODEX 장기종합채권(AA-이상)액티브KAP)
570022,30.25,38.45,570022 (한투 레버리지 S&P500 선물 ETN(H))
011280,19.05,45.9,011280 (태림포장)
438330,6.21,2.23,438330 (TIGER 투자등급회사채액티브)
004970,2.31,26.41,004970 (신라교역)
363280,-38.59,41.84,363280 (티와이홀딩스)
475080,8.36,9.98,475080 (KODEX 테슬라인컴프리미엄채권혼합액티브)
000520,20.77,47.89,000520 (삼일제약)
000320,11.77,32.72,000320 (노루홀딩스)
136490,11.75,37.54,136490 (선진)
004250,13.35,34.96,004250 (NPC)
466950,93.97,25.12,466950 (TIGER 글로벌AI액티브)
004710,1.45,48.03,004710 (한솔테크닉스)
282690,2.51,22.98,282690 (동아타이어)
128820,-12.2,53.09,128820 (대성산업)
445290,25.68,22.58,445290 (KODEX K-로봇액티브)
070960,-5.14,44.71,070960 (모나용평)
473330,10.62,9.3,473330 (SOL 미국30년국채커버드콜(합성))
053690,9.48,44.09,053690 (한미글로벌)
02826K,4.3,29.51,02826K (삼성물산우B)
329650,5.1,5.54,329650 (KODEX TRF3070)
033920,9.17,36.32,033920 (무학)
452360,8.44,11.25,452360 (SOL 미국배당다우존스(H))
326240,17.32,22.94,326240 (KBSTAR IT플러스)
068290,33.4,60.56,068290 (삼성출판사)
451600,6.34,13.68,451600 (ARIRANG 국고채30년액티브)
000860,7.16,28.09,000860 (강남제비스코)
011000,26.08,75.78,011000 (진원생명과학)
261260,-5.61,16.21,261260 (KODEX 미국달러선물인버스2X)
011150,24.7,50.22,011150 (CJ씨푸드)
448300,39.52,18.86,448300 (TIGER 미국나스닥100TR(H))
469820,5.13,0.34,469820 (SOL 24-12 회사채(AA-이상)액티브)
011330,-2.57,54.91,011330 (유니켐)
451060,19.91,15.96,451060 (1Q K200액티브)
015890,5.77,32.08,015890 (태경산업)
476850,25.27,16.1,476850 (KoAct 배당성장액티브)
008110,23.97,46.89,008110 (대동전자)
094280,18.44,44.5,094280 (효성ITX)
448540,62.61,18.24,448540 (ACE 엔비디아채권혼합블룸버그)
002620,18.6,54.19,002620 (제일파마홀딩스)
464930,58.75,16.79,464930 (TIGER 글로벌혁신블루칩TOP10)
364960,-10.83,23.27,364960 (TIGER BBIG)
451530,6.33,19.63,451530 (TIGER 국고채30년스트립액티브)
400760,-12.49,17.11,400760 (NH올원리츠)
020120,25.73,59.45,020120 (키다리스튜디오)
132030,4.15,15.84,132030 (KODEX 골드선물(H))
006890,17.82,42.21,006890 (태경케미컬)
462900,26.23,29.02,462900 (KoAct 바이오헬스케어액티브)
461270,6.29,1.4,461270 (ACE 26-06 회사채(AA-이상)액티브)
190620,1.77,0.13,190620 (ACE 단기통안채)
010820,23.41,59.98,010820 (퍼스텍)
000970,10.34,38.82,000970 (한국주철관)
292560,-2.65,10.23,292560 (TIGER 일본엔선물)
138540,5.43,25.29,138540 (TIGER 현대차그룹+펀더멘털)
015230,18.42,31.97,015230 (대창단조)
472160,94.02,20.23,472160 (TIGER 미국테크TOP10 INDXX(H))
010100,18.56,47.78,010100 (한국무브넥스)
248170,3.38,45.02,248170 (샘표식품)
010580,2.69,53.17,010580 (에스엠벡셀)
454780,4.98,4.32,454780 (히어로즈 종합채권(AA-이상)액티브)
244580,2.28,31.04,244580 (KODEX 바이오)
031440,-0.24,31.24,031440 (신세계푸드)
228790,-2.9,30.05,228790 (TIGER 화장품)
00279K,-15.38,31.46,00279K (아모레G3우(전환))
464230,4.18,0.38,464230 (히어로즈 24-09 회사채(AA-이상)액티브)
210540,13.07,47.73,210540 (디와이파워)
017370,19.48,46.66,017370 (우신시스템)
014280,16.55,43.07,014280 (금강공업)
001750,2.79,22.18,001750 (한양증권)
002170,9.5,29.0,002170 (삼양통상)
008040,2.8,46.59,008040 (사조동아원)
476070,89.23,29.08,476070 (KODEX 글로벌비만치료제TOP2 Plus)
033530,8.5,44.72,033530 (에스제이지세종)
219480,13.5,21.51,219480 (KODEX 미국S&P500선물(H))
003547,4.52,17.69,003547 (대신증권2우B)
014580,16.66,41.75,014580 (태경비케이)
001360,12.77,58.1,001360 (삼성제약)
139990,-44.83,31.69,139990 (아주스틸)
011700,24.97,52.27,011700 (한신기계)
449450,53.44,29.01,449450 (ARIRANG K방산Fn)
000700,6.24,40.33,000700 (유수홀딩스)
015590,4.81,51.28,015590 (KIB플러그에너지)
278620,1.94,0.42,278620 (ARIRANG 단기채권액티브)
012610,9.78,41.93,012610 (경인양행)
007540,23.97,50.28,007540 (샘표)
003830,8.2,29.95,003830 (대한화섬)
570019,-0.47,8.47,570019 (한투 코스피 양매도 5% OTM ETN)
447770,16.06,18.63,447770 (TIGER 테슬라채권혼합Fn)
002990,-11.27,56.76,002990 (금호건설)
024090,8.75,32.62,024090 (디씨엠)
016710,9.25,38.19,016710 (대성홀딩스)
481060,19.9,11.53,481060 (KODEX 미국30년국채+12%프리미엄(합성 H))
008970,15.04,55.19,008970 (동양철관)
006660,13.51,35.03,006660 (삼성공조)
463050,21.97,35.12,463050 (TIMEFOLIO K바이오액티브)
111380,-25.26,51.64,111380 (동인기연)
003720,20.86,46.87,003720 (삼영)
001020,-6.44,54.16,001020 (페이퍼코리아)
004080,6.48,28.49,004080 (신흥)
520026,-1.38,8.63,520026 (미래에셋 코스피 양매도 5% OTM ETN)
462540,5.7,1.01,462540 (SOL 25-09 회사채(AA-이상)액티브)
461460,7.09,6.88,461460 (ARIRANG 국고채10년액티브)
014530,13.19,37.14,014530 (극동유화)
058850,8.07,35.83,058850 (KTcs)
004140,19.94,57.99,004140 (동방)
401470,-7.46,26.5,401470 (KODEX K-메타버스액티브)
003650,6.83,22.35,003650 (미창석유)
123690,27.01,60.37,123690 (한국화장품)
013570,11.38,42.62,013570 (디와이)
007210,19.09,49.17,007210 (벽산)
024900,31.37,56.49,024900 (덕양산업)
009270,10.16,51.06,009270 (신원)
372910,-17.12,57.67,372910 (한컴라이프케어)
089470,6.54,39.15,089470 (HDC현대EP)
001045,12.39,28.94,001045 (CJ우)
480260,9.38,1.19,480260 (TIGER 27-04회사채(A+이상)액티브)
275980,10.13,20.06,275980 (TIGER 글로벌4차산업혁신기술(합성 H))
008700,32.47,60.07,008700 (아남전자)
009070,15.92,48.68,009070 (KCTC)
012800,18.19,54.1,012800 (대창)
305080,3.79,9.54,305080 (TIGER 미국채10년선물)
304940,19.58,24.35,304940 (KODEX 미국나스닥100선물(H))
486290,148.2,10.77,486290 (TIGER 미국나스닥100+15%프리미엄초단기)
438570,5.98,7.66,438570 (SOL 국고채10년)
473440,4.59,1.79,473440 (ACE 11월만기자동연장회사채AA-이상액티브)
325020,14.41,19.41,325020 (KODEX 배당가치)
472150,43.16,13.68,472150 (TIGER 배당프리미엄액티브)
033180,13.56,63.64,033180 (KH 필룩스)
003460,0.0,19.23,003460 (유화증권)
077500,25.65,45.74,077500 (유니퀘스트)
484890,4.14,0.12,484890 (SOL 머니마켓액티브)
530036,-25.01,92.37,530036 (삼성 인버스 2X WTI원유 선물 ETN)
055490,11.76,48.84,055490 (테이팩스)
017550,21.54,53.02,017550 (수산중공업)
002210,27.69,57.79,002210 (동성제약)
182480,7.58,20.03,182480 (TIGER 미국MSCI리츠(합성 H))
000180,6.86,38.84,000180 (성창기업지주)
412770,3.46,24.78,412770 (TIGER 글로벌메타버스액티브)
002720,29.92,61.91,002720 (국제약품)
364970,-7.65,28.29,364970 (TIGER 바이오TOP10)
120030,37.37,54.13,120030 (조선선재)
014160,21.14,50.71,014160 (대영포장)
063160,14.32,48.26,063160 (종근당바이오)
004830,35.84,68.49,004830 (덕성)
277630,6.7,17.39,277630 (TIGER 코스피)
350520,1.0,13.01,350520 (이지스레지던스리츠)
396690,-17.59,21.76,396690 (미래에셋글로벌리츠)
385550,2.84,0.35,385550 (KBSTAR 단기종합채권(AA-이상)액티브)
017900,6.92,43.1,017900 (광전자)
214330,-3.4,58.36,214330 (금호에이치티)
008260,10.38,40.09,008260 (NI스틸)
011690,11.65,57.11,011690 (와이투솔루션)
475260,4.6,0.5,475260 (ACE 2월만기자동연장회사채AA-이상액티브)
013580,4.83,40.63,013580 (계룡건설)
019440,-2.44,32.57,019440 (세아특수강)
002700,25.9,53.37,002700 (신일전자)
570082,-41.86,58.35,570082 (한투 인버스 2X 코스닥150선물 ETN)
480310,119.74,25.58,480310 (TIGER 글로벌온디바이스AI)
401170,-13.0,28.46,401170 (KBSTAR iSelect메타버스)
456880,9.1,8.08,456880 (ACE 미국달러SOFR금리(합성))
012600,3.83,53.68,012600 (청호ICT)
267290,3.07,33.9,267290 (경동도시가스)
228800,-0.82,26.31,228800 (TIGER 여행레저)
012690,30.94,58.58,012690 (모나리자)
480020,252.56,21.72,480020 (ACE 미국빅테크7+ 15%프리미엄분배(합성))
264900,-4.56,40.69,264900 (크라운제과)
302450,8.03,18.12,302450 (KBSTAR 코스피)
332930,14.4,20.19,332930 (HANARO 200TR)
004150,-1.55,31.8,004150 (한솔홀딩스)
016740,6.35,45.56,016740 (두올)
395290,-7.3,31.75,395290 (HANARO Fn K-POP&미디어)
003610,12.36,35.75,003610 (방림)
458210,3.67,0.26,458210 (히어로즈 CD금리액티브(합성))
472920,8.83,3.31,472920 (HK 종합채권(AA-이상)액티브)
034590,2.06,15.65,034590 (인천도시가스)
004310,14.6,46.57,004310 (현대약품)
610061,23.62,40.98,610061 (메리츠 3X 레버리지 국채30년 ETN)
466400,6.78,0.86,466400 (1Q 25-08 회사채(A+이상)액티브)
023450,22.59,40.68,023450 (동남합성)
470320,5.25,0.29,470320 (BNK 24-11 회사채(AA-이상)액티브)
163560,7.76,42.44,163560 (동일고무벨트)
006490,16.19,67.26,006490 (인스코비)
005960,-12.2,50.3,005960 (동부건설)
047400,23.86,56.08,047400 (유니온머티리얼)
023800,19.32,50.45,023800 (인지컨트롤스)
500029,20.63,58.33,500029 (신한 레버리지 은 선물 ETN(H))
079980,-3.47,38.28,079980 (휴비스)
023000,-4.29,32.25,023000 (삼원강재)
278240,26.9,64.3,278240 (KBSTAR 코스닥150선물레버리지)
001380,31.23,63.73,001380 (SG글로벌)
363580,15.02,22.11,363580 (KODEX 200IT TR)
400970,-8.52,27.98,400970 (TIGER Fn메타버스)
003480,0.11,40.75,003480 (한진중공업홀딩스)
500082,-49.33,105.8,500082 (신한 블룸버그 2X 천연가스 선물 ETN)
168580,8.79,20.49,168580 (ACE 중국본토CSI300)
032560,8.58,37.82,032560 (황금에스티)
010040,8.95,46.75,010040 (한국내화)
500084,10.31,8.91,500084 (신한 미국달러 SOFR금리 플러스 ETN)
468820,8.41,0.74,468820 (WOORI 25-09 회사채(AA-이상)액티브)
014710,6.0,43.03,014710 (사조씨푸드)
078000,5.3,25.1,078000 (텔코웨어)
309230,19.4,17.24,309230 (ACE 미국WideMoat가치주)
570051,23.25,21.14,570051 (한투 나스닥 100 ETN)
035000,-1.53,24.0,035000 (HS애드)
232080,8.3,27.31,232080 (TIGER 코스닥150)
036580,11.08,42.53,036580 (팜스코)
482730,49.18,6.1,482730 (TIGER 미국S&P500+10%프리미엄초단기)
004840,12.93,44.79,004840 (DRB동일)
034300,7.34,38.34,034300 (신세계건설)
012170,-2.67,74.8,012170 (아센디오)
096775,10.66,34.58,096775 (SK이노베이션우)
013520,22.52,46.06,013520 (화승코퍼레이션)
500083,3.67,0.23,500083 (신한 KOFR금리 ETN)
414780,-19.52,24.32,414780 (TIGER 차이나과창판STAR50(합성))
002450,10.65,41.59,002450 (삼익악기)
002200,9.55,28.28,002200 (한국수출포장)
520063,74.56,23.18,520063 (미래에셋 -0.5X S&P500 VIX S/T선물 ETN(H))
004890,1.9,28.67,004890 (동일산업)
475720,29.68,11.39,475720 (KBSTAR 200위클리커버드콜)
002600,19.06,37.84,002600 (조흥)
007280,1.5,49.81,007280 (한국특강)
282000,1.3,2.16,282000 (KBSTAR 국고채3년선물인버스)
270810,9.77,28.79,270810 (KBSTAR 코스닥150)
227840,-6.02,41.36,227840 (현대코퍼레이션홀딩스)
435420,12.93,7.36,435420 (TIGER 미국나스닥100TR채권혼합Fn)
245340,16.11,15.41,245340 (TIGER 미국다우존스30)
465770,-49.55,94.78,465770 (STX그린로지스)
130730,2.2,0.45,130730 (KOSEF 단기자금)
005740,14.85,44.89,005740 (크라운해태홀딩스)
461260,5.26,0.97,461260 (ACE 25-06 회사채(AA-이상)액티브)
570050,20.18,15.17,570050 (한투 S&P500 선물 ETN)
454320,36.15,28.27,454320 (HANARO CAPEX설비투자iSelect)
044820,15.89,44.45,044820 (코스맥스비티아이)
453010,3.57,0.15,453010 (ARIRANG KOFR금리)
570103,-75.63,27.25,570103 (한투 인버스2X 나스닥100 ETN B)
067830,4.54,28.28,067830 (세이브존I&C)
213610,8.27,19.0,213610 (KODEX 삼성그룹밸류)
004720,27.31,72.8,004720 (팜젠사이언스)
433330,27.81,13.85,433330 (SOL 미국S&P500)
500071,72.24,55.79,500071 (신한 레버리지 코스닥 150 선물 ETN)
325010,13.21,21.27,325010 (KODEX Fn성장)
002460,11.76,38.65,002460 (화성산업)
006880,11.59,52.63,006880 (신송홀딩스)
058860,7.23,37.11,058860 (KTis)
004910,17.47,47.68,004910 (조광페인트)
017040,16.07,52.27,017040 (광명전기)
267770,14.95,36.55,267770 (TIGER 200선물레버리지)
101140,47.12,127.32,101140 (인바이오젠)
157490,7.67,23.29,157490 (TIGER 소프트웨어)
006090,6.89,41.05,006090 (사조오양)
150460,4.63,19.0,150460 (TIGER 중국소비테마)
009200,0.03,34.16,009200 (무림페이퍼)
003060,4.56,69.59,003060 (에이프로젠바이오로직스)
419890,3.59,0.58,419890 (히어로즈 단기채권ESG액티브)
426030,46.26,23.39,426030 (TIMEFOLIO 미국나스닥100액티브)
378850,-2.54,51.29,378850 (화승알앤에이)
009410,5.76,36.33,009410 (태영건설)
007110,22.2,59.81,007110 (일신석재)
016880,-4.39,56.16,016880 (웅진)
244920,-6.76,41.58,244920 (에이플러스에셋)
283580,2.72,19.34,283580 (KODEX 차이나CSI300)
004540,7.72,49.97,004540 (깨끗한나라)
004100,28.8,55.21,004100 (태양금속)
005870,11.6,49.31,005870 (휴니드)
458260,2.48,9.26,458260 (TIGER 미국투자등급회사채액티브(H))
010960,5.56,40.26,010960 (삼호개발)
520057,-42.22,58.02,520057 (미래에셋 인버스 2X 코스닥150 선물 ETN)
092780,16.08,45.29,092780 (동양피스톤)
448600,7.4,1.89,448600 (KBSTAR 25-11 회사채(AA-이상)액티브)
700023,214.13,43.33,700023 (하나 Solactive 2X US Tech Top 10 ETN(H))
007590,3.43,26.23,007590 (동방아그로)
139230,0.69,29.7,139230 (TIGER 200 중공업)
021820,6.0,30.37,021820 (세원정공)
000230,14.82,52.13,000230 (일동홀딩스)
001560,12.25,34.99,001560 (제일연마)
481190,243.14,15.89,481190 (SOL 미국테크TOP10)
472170,45.33,9.61,472170 (TIGER 미국테크TOP10채권혼합)
016090,17.08,48.25,016090 (대현)
477730,42.14,21.74,477730 (KODEX 인도타타그룹)
550044,32.06,34.83,550044 (N2 레버리지 S&P500 ETN)
474590,71.38,27.71,474590 (WOORI 반도체밸류체인액티브)
33626K,36.93,68.8,33626K (두산퓨얼셀1우)
014790,-6.02,43.71,014790 (HL D&I)
476690,53.32,16.35,476690 (TIGER 글로벌비만치료제TOP2Plus)
011300,31.88,59.07,011300 (성안머티리얼스)
438080,10.63,8.48,438080 (ACE 미국S&P500채권혼합액티브)
023810,19.67,43.07,023810 (인팩)
069460,26.83,65.62,069460 (대호에이엘)
007980,17.67,47.75,007980 (TP)
418660,60.01,45.03,418660 (TIGER 미국나스닥100레버리지(합성))
013870,5.68,40.75,013870 (지엠비코리아)
437080,0.21,6.4,437080 (KODEX 미국종합채권ESG액티브(H))
144600,-0.58,28.84,144600 (KODEX 은선물(H))
000105,14.91,31.12,000105 (유한양행우)
003780,19.62,41.79,003780 (진양산업)
092440,0.66,27.16,092440 (기신정기)
005800,3.19,26.73,005800 (신영와코루)
500015,8.04,42.56,500015 (신한 WTI원유 선물 ETN(H))
338100,-7.52,14.45,338100 (NH프라임리츠)
465350,55.78,48.02,465350 (KBSTAR 2차전지TOP10인버스(합성))
000590,15.84,46.99,000590 (CS홀딩스)
000157,24.0,52.72,000157 (두산2우B)
437350,6.94,9.19,437350 (KBSTAR 미국단기투자등급회사채액티브)
434060,17.68,9.98,434060 (KODEX TDF2050액티브)
000220,16.69,50.9,000220 (유유제약)
466930,53.47,26.25,466930 (SOL 자동차TOP3플러스)
284430,4.3,6.86,284430 (KODEX 200미국채혼합)
483230,5.93,0.36,483230 (KBSTAR 25-06 은행채(AA+이상)액티브)
009180,19.04,50.97,009180 (한솔로지스틱스)
004060,17.91,52.44,004060 (SG세계물산)
003925,11.21,41.18,003925 (남양유업우)
204480,11.57,39.55,204480 (TIGER 차이나CSI300레버리지(합성))
000910,14.28,54.36,000910 (유니온)
009810,22.33,70.75,009810 (플레이그램)
006370,2.24,34.31,006370 (대구백화점)
018500,19.15,44.02,018500 (동원금속)
041650,11.43,36.28,041650 (상신브레이크)
465780,7.41,1.64,465780 (마이티 26-09 특수채(AAA)액티브)
252710,-14.07,35.52,252710 (TIGER 200선물인버스2X)
412570,-16.5,79.66,412570 (TIGER 2차전지TOP10레버리지)
452250,-21.79,31.5,452250 (ACE 미국30년국채선물레버리지(합성 H))
03473K,5.25,41.16,03473K (SK우)
520056,74.34,58.33,520056 (미래에셋 레버리지 코스닥150 선물 ETN)
357250,-7.77,13.34,357250 (미래에셋맵스리츠)
204450,-7.48,46.3,204450 (KODEX 차이나H레버리지(H))
031820,15.25,57.61,031820 (콤텍시스템)
461500,13.58,2.85,461500 (HANARO 종합채권(AA-이상)액티브)
004960,0.67,39.92,004960 (한신공영)
580015,40.85,42.29,580015 (KB 레버리지 나스닥 100 ETN)
510019,20.9,64.51,510019 (대신 인버스 천연가스 선물 ETN(H))
475270,4.37,0.5,475270 (ACE 5월만기자동연장회사채AA-이상액티브)
476750,-23.68,14.08,476750 (ACE 미국30년국채엔화노출액티브(H))
002760,16.09,49.11,002760 (보락)
228810,-0.17,28.72,228810 (TIGER 미디어컨텐츠)
002140,33.32,61.17,002140 (고려산업)
075180,3.8,27.83,075180 (새론오토모티브)
195980,1.42,16.91,195980 (ARIRANG 신흥국MSCI(합성 H))
520054,51.19,33.13,520054 (미래에셋 레버리지 코스피200 선물 ETN)
145210,-12.18,70.06,145210 (다이나믹디자인)
078935,7.99,18.48,078935 (GS우)
580021,14.37,63.28,580021 (KB 인버스 천연가스 선물 ETN)
266420,11.32,29.72,266420 (KODEX 헬스케어)
085310,-0.0,51.26,085310 (엔케이)
014440,8.39,41.35,014440 (영보화학)
071090,28.94,61.13,071090 (하이스틸)
027740,4.77,50.38,027740 (마니커)
464240,6.91,1.53,464240 (히어로즈 26-09 회사채(AA-이상)액티브)
114820,2.89,4.92,114820 (TIGER 국채3년)
437070,7.6,8.82,437070 (KODEX 아시아달러채권ESG플러스액티브)
102280,20.48,63.29,102280 (쌍방울)
308170,19.45,68.79,308170 (씨티알모빌리티)
469050,116.67,29.23,469050 (KBSTAR 미국반도체NYSE(H))
003010,17.8,52.89,003010 (혜인)
010660,21.29,52.32,010660 (화천기계)
025560,14.66,68.92,025560 (미래산업)
461490,18.55,5.57,461490 (KBSTAR 글로벌자산배분액티브)
002795,12.47,39.77,002795 (아모레G우)
580010,4.2,14.42,580010 (KB Wise 분할매매 ETN)
155660,10.94,52.24,155660 (DSR)
236350,27.29,32.28,236350 (TIGER 인도니프티50레버리지(합성))
119650,-5.24,54.93,119650 (KC코트렐)
129260,4.93,42.59,129260 (인터지스)
441640,14.21,11.4,441640 (KODEX 미국배당프리미엄액티브)
111110,-9.94,36.28,111110 (호전실업)
001620,7.1,44.88,001620 (케이비아이동국실업)
000850,3.12,27.51,000850 (화천기공)
001290,1.19,45.14,001290 (상상인증권)
269540,14.5,18.27,269540 (ARIRANG 미국S&P500(H))
013360,23.94,60.64,013360 (일성건설)
464310,29.32,17.74,464310 (TIGER 글로벌AI&로보틱스 INDXX)
004450,6.89,28.13,004450 (삼화왕관)
174360,6.72,20.88,174360 (KBSTAR 중국본토대형주CSI100)
118000,9.34,75.63,118000 (에스메디)
013700,20.78,52.75,013700 (까뮤이앤씨)
009770,5.49,25.97,009770 (삼정펄프)
006740,22.55,54.87,006740 (영풍제지)
010640,25.04,43.95,010640 (진양폴리)
000890,3.14,48.28,000890 (보해양조)
004410,16.65,51.61,004410 (서울식품)
001550,18.65,58.39,001550 (조비)
481430,20.11,4.38,481430 (KBSTAR 국고채10년액티브)
480030,66.22,8.95,480030 (ACE 미국500 15%프리미엄분배(합성))
002920,5.91,32.55,002920 (유성기업)
000650,9.79,40.94,000650 (천일고속)
357430,-34.07,18.46,357430 (마스턴프리미어리츠)
414270,-1.09,25.83,414270 (ACE G2전기차&자율주행액티브)
005750,17.53,47.99,005750 (대림B&Co)
017180,15.8,57.05,017180 (명문제약)
011230,17.8,63.67,011230 (삼화전자)
001275,6.35,16.88,001275 (부국증권우)
225040,24.28,33.61,225040 (TIGER 미국S&P500레버리지(합성 H))
580016,22.2,34.21,580016 (KB 레버리지 S&P 500 선물 ETN(H))
002360,13.86,50.42,002360 (SH에너지화학)
500050,34.72,35.97,500050 (신한 레버리지 S&P500 선물 ETN)
480040,251.6,24.76,480040 (ACE 미국반도체15%프리미엄분배(합성))
009190,-5.18,71.75,009190 (대양금속)
421320,17.63,23.64,421320 (ARIRANG 우주항공&UAM iSelect)
423170,47.71,23.98,423170 (SOL 한국형글로벌반도체액티브)
610066,3.59,0.19,610066 (메리츠 KAP 통안채 3개월 ETN)
021050,14.76,60.16,021050 (서원)
465610,223.42,45.59,465610 (ACE 미국빅테크TOP7 Plus레버리지(합성))
019180,24.2,49.28,019180 (티에이치엔)
004270,20.64,54.37,004270 (남성)
136340,2.91,1.36,136340 (KBSTAR 중기우량회사채)
024890,15.63,50.91,024890 (대원화성)
069730,12.18,49.86,069730 (DSR제강)
090080,15.91,56.09,090080 (평화산업)
139280,4.04,16.16,139280 (TIGER 경기방어)
760001,9.82,10.03,760001 (키움 미국달러선물 ETN)
002630,6.35,59.62,002630 (오리엔트바이오)
002220,11.72,37.62,002220 (한일철강)
008870,15.51,45.09,008870 (금비)
009320,6.19,56.85,009320 (대우부품)
004770,32.48,70.6,004770 (써니전자)
100220,4.67,45.26,100220 (비상교육)
442320,52.54,28.59,442320 (KBSTAR 글로벌원자력iSelect)
058730,9.81,41.06,058730 (다스코)
003560,2.62,51.0,003560 (IHQ)
004870,9.46,64.36,004870 (티웨이홀딩스)
008250,4.17,46.97,008250 (이건산업)
465660,89.62,29.41,465660 (TIGER 일본반도체FACTSET)
025750,8.64,47.15,025750 (한솔홈데코)
120115,9.49,32.82,120115 (코오롱인더우)
069640,-0.84,47.29,069640 (한세엠케이)
152380,2.61,5.48,152380 (KODEX 국채선물10년)
500072,-42.28,57.98,500072 (신한 인버스 2X 코스닥 150 선물 ETN)
261220,6.6,42.08,261220 (KODEX WTI원유선물(H))
003080,3.53,30.33,003080 (성보화학)
002880,13.93,57.94,002880 (대유에이텍)
023350,11.25,53.31,023350 (한국종합기술)
458750,15.54,10.08,458750 (TIGER 미국배당+3%프리미엄다우존스)
108450,9.63,19.73,108450 (ACE 삼성그룹섹터가중)
411420,12.8,26.72,411420 (KODEX 미국메타버스나스닥액티브)
026940,12.55,45.02,026940 (부국철강)
009835,25.92,55.87,009835 (한화솔루션우)
33637K,41.21,70.74,33637K (솔루스첨단소재1우)
008420,9.34,43.73,008420 (문배철강)
134790,16.89,57.26,134790 (시디즈)
261240,4.73,13.26,261240 (KODEX 미국달러선물)
395170,-2.49,21.0,395170 (KODEX Fn Top10동일가중)
469150,136.64,33.92,469150 (ACE AI반도체포커스)
315960,19.85,22.52,315960 (KBSTAR 대형고배당10TR)
429000,9.04,13.68,429000 (TIGER 미국S&P500배당귀족)
006805,0.32,26.74,006805 (미래에셋증권우)
004920,19.05,68.57,004920 (씨아이테크)
020760,4.3,53.41,020760 (일진디스플)
051630,27.83,52.51,051630 (진양화학)
006980,16.79,56.0,006980 (우성)
395160,14.26,26.33,395160 (KODEX Fn시스템반도체)
025530,4.59,33.62,025530 (SJM홀딩스)
469580,16.34,7.49,469580 (KBSTAR KP달러채권액티브)
011390,35.17,63.71,011390 (부산산업)
453820,84.37,47.14,453820 (KODEX 인도Nifty50레버리지(합성))
233160,18.08,53.38,233160 (TIGER 코스닥150 레버리지)
308620,2.78,9.58,308620 (KODEX 미국10년국채선물)
091090,-4.73,52.45,091090 (세원이앤씨)
500037,22.76,28.31,500037 (신한 레버리지 금 선물 ETN)
440640,3.81,0.34,440640 (ACE 단기채권알파액티브)
530019,14.62,19.32,530019 (삼성 미국 대형 성장주 ETN)
520070,14.42,8.26,520070 (미래에셋 0.5X 코스피200 선물 ETN)
004440,-12.1,40.24,004440 (삼일씨엔에스)
530061,37.59,62.66,530061 (삼성 레버리지 은 선물 ETN(H))
476800,9.9,8.08,476800 (KODEX 한국부동산리츠인프라)
007610,13.43,50.17,007610 (선도전기)
123700,4.38,37.28,123700 (SJM)
28513K,14.67,60.93,28513K (SK케미칼우)
520067,9.51,24.73,520067 (미래에셋 홍콩H 선물 ETN(H))
610038,-20.76,34.52,610038 (메리츠 레버리지 미국채30년 ETN(H))
256440,1.56,19.8,256440 (ACE 인도네시아MSCI(합성))
005305,8.86,26.46,005305 (롯데칠성우)
295020,1.61,6.24,295020 (KBSTAR 국채선물10년인버스)
520071,6.54,10.84,520071 (미래에셋 0.5X 코스닥150 선물 ETN)
449770,37.25,11.77,449770 (KOSEF 미국S&P500)
470310,-0.25,26.4,470310 (UNICORN 생성형AI강소기업액티브)
403790,5.01,15.65,403790 (마이다스 KoreaStock액티브)
005360,22.11,58.56,005360 (모나미)
011420,12.76,60.54,011420 (갤럭시아에스엠)
245360,4.78,25.35,245360 (TIGER 차이나HSCEI)
099140,1.24,20.55,099140 (KODEX 차이나H)
000725,25.3,66.6,000725 (현대건설우)
455960,8.4,8.81,455960 (KBSTAR 미국달러SOFR금리액티브(합성))
385510,27.29,28.98,385510 (KODEX K-신재생에너지액티브)
218420,8.39,27.74,218420 (KODEX 미국S&P500에너지(합성))
012160,3.22,44.84,012160 (영흥)
397410,4.11,4.48,397410 (KBSTAR 국채선물5년추종인버스)
441800,36.55,16.53,441800 (TIMEFOLIO Korea플러스배당액티브)
049800,21.41,46.88,049800 (우진플라임)
010600,7.78,69.53,010600 (웰바이오텍)
448490,7.23,8.6,448490 (HANARO 32-10 국고채액티브)
014130,21.78,50.04,014130 (한익스프레스)
298770,20.33,17.0,298770 (KODEX 한국대만IT프리미어)
145270,9.03,39.16,145270 (케이탑리츠)
446070,-13.67,56.87,446070 (유니드비티플러스)
479620,124.92,30.92,479620 (SOL 미국AI반도체칩메이커)
448330,11.53,7.4,448330 (KODEX 삼성전자채권혼합Wise)
367760,13.28,25.06,367760 (KBSTAR Fn5G테크)
143210,-12.76,33.14,143210 (핸즈코퍼레이션)
400570,10.56,42.36,400570 (KODEX 유럽탄소배출권선물ICE(H))
300640,3.45,29.07,300640 (KBSTAR 게임테마)
304780,17.35,38.73,304780 (HANARO 200선물레버리지)
003680,8.35,49.47,003680 (한성기업)
322400,2.8,21.83,322400 (HANARO e커머스)
760007,33.04,17.79,760007 (키움 코스피 200 TR ETN)
37550L,-24.87,23.72,37550L (DL이앤씨2우(전환))
006570,3.64,34.41,006570 (대림통상)
012200,8.82,37.79,012200 (계양전기)
012280,17.99,50.47,012280 (영화금속)
441540,16.72,28.16,441540 (HANARO Fn조선해운)
023960,17.62,65.97,023960 (에쓰씨엔지니어링)
203780,11.63,26.72,203780 (TIGER 미국나스닥바이오)
009460,12.67,46.81,009460 (한창제지)
434730,33.2,28.6,434730 (HANARO 원자력iSelect)
407830,3.66,28.49,407830 (에셋플러스 글로벌플랫폼액티브)
447620,18.75,8.71,447620 (SOL 미국TOP5채권혼합40 Solactive)
000215,6.35,33.05,000215 (DL우)
530015,12.84,21.36,530015 (삼성 미국 대형 성장주 ETN(H))
266160,11.26,17.36,266160 (KBSTAR 고배당)
500027,-28.05,90.23,500027 (신한 인버스 2X WTI원유 선물 ETN(H))
475380,0.87,9.89,475380 (KBSTAR 글로벌리얼티인컴)
090370,-9.12,58.96,090370 (메타랩스)
464920,57.87,24.44,464920 (ARIRANG 일본반도체소부장Solactive)
023150,12.47,47.77,023150 (MH에탄올)
700022,80.74,21.15,700022 (하나 Solactive US Tech Top 10 ETN(H))
261270,-2.24,8.14,261270 (KODEX 미국달러선물인버스)
570029,-1.77,9.52,570029 (한투 코스피 양매도 3% OTM ETN)
033250,29.57,68.04,033250 (체시스)
072130,7.47,50.99,072130 (유엔젤)
332500,14.35,19.69,332500 (ACE 200TR)
195930,7.89,19.52,195930 (TIGER 유로스탁스50(합성 H))
465330,-31.93,53.21,465330 (KBSTAR 2차전지TOP10)
271050,-12.77,44.14,271050 (KODEX WTI원유선물인버스(H))
019175,61.94,78.5,019175 (신풍제약우)
010770,11.87,44.03,010770 (평화홀딩스)
580020,-6.99,64.42,580020 (KB 천연가스 선물 ETN(H))
530110,80.92,21.98,530110 (삼성 인버스 0.5X S&P500 VIX S/T선물 ETN)
006125,17.55,42.5,006125 (SK디스커버리우)
483330,228.2,19.59,483330 (ACE 마이크로소프트밸류체인액티브)
570089,80.3,21.32,570089 (한투 인버스 0.5X S&P500 VIX S/T 선물 ETN)
473490,170.84,33.24,473490 (KOSEF 글로벌AI반도체)
469170,-23.93,46.52,469170 (ACE 포스코그룹포커스)
530020,11.97,19.56,530020 (삼성 미국 대형 가치주 ETN)
550066,15.72,14.99,550066 (N2 S&P500 버퍼10% 9월 ETN)
399110,18.62,15.47,399110 (SOL 미국S&P500ESG)
530055,18.45,30.04,530055 (삼성 레버리지 금 선물 ETN(H))
479520,3.69,0.15,479520 (KBSTAR KOFR금리액티브(합성))
469070,-7.08,30.04,469070 (KBSTAR AI&로봇)
530099,19.62,68.0,530099 (삼성 블룸버그 레버리지 WTI원유 선물 ETN)
500018,11.78,21.73,500018 (신한 구리 선물 ETN(H))
500020,26.75,34.81,500020 (신한 레버리지 다우존스지수 선물 ETN(H))
102970,5.1,27.82,102970 (KODEX 증권)
006200,9.73,52.44,006200 (한국전자홀딩스)
483290,2.89,11.13,483290 (KODEX 미국배당+10%프리미엄다우존스)
014990,17.15,67.52,014990 (인디에프)
122260,2.39,1.33,122260 (KOSEF 통안채1년)
319640,10.42,15.8,319640 (TIGER 골드선물(H))
371450,2.98,26.74,371450 (TIGER 글로벌클라우드컴퓨팅INDXX)
700024,72.93,21.71,700024 (하나 -0.5X S&P500 VIX S/T 선물 ETN(H))
426150,4.26,6.88,426150 (WOORI 대한민국국고채액티브)
329670,11.95,11.04,329670 (KODEX TRF7030)
000760,22.57,52.06,000760 (이화산업)
009310,-5.13,47.62,009310 (참엔지니어링)
000040,-3.31,56.99,000040 (KR모터스)
266360,4.85,24.87,266360 (KODEX 미디어&엔터테인먼트)
123320,12.11,33.99,123320 (TIGER 레버리지)
009440,0.46,47.38,009440 (KC그린홀딩스)
458030,3.98,0.24,458030 (WOORI 단기국공채액티브)
610037,-9.3,17.27,610037 (메리츠 미국채30년 ETN(H))
003475,2.06,36.57,003475 (유안타증권우)
227540,3.44,28.67,227540 (TIGER 200 헬스케어)
250730,-1.16,23.4,250730 (KBSTAR 차이나HSCEI(H))
700017,74.42,57.3,700017 (하나 레버리지 코스닥150 선물 ETN)
005030,5.96,53.47,005030 (부산주공)
570081,75.37,58.83,570081 (한투 레버리지 코스닥150선물 ETN)
003465,2.82,28.77,003465 (유화증권우)
002820,2.45,39.97,002820 (SUN&L)
530115,152.04,28.41,530115 (삼성 레버리지 나스닥 100 ETN)
510026,76.53,59.82,510026 (대신 레버리지 코스닥 150 선물 ETN)
005820,12.13,38.61,005820 (원림)
365000,-20.01,29.26,365000 (TIGER 인터넷TOP10)
530106,72.81,57.38,530106 (삼성 레버리지 코스닥150 선물 ETN)
434960,15.95,16.75,434960 (대신343 K200)
015260,7.5,62.84,015260 (에이엔피)
276970,3.85,14.16,276970 (KODEX 미국S&P500배당귀족커버드콜(합성 H))
272910,1.75,2.49,272910 (ACE 중장기국공채액티브)
013000,22.86,65.56,013000 (세우글로벌)
248270,12.39,14.01,248270 (TIGER S&P글로벌헬스케어(합성))
520066,36.73,15.52,520066 (미래에셋 KRX금현물 Auto-KO-C 2810-01 ETN)
453330,29.76,11.36,453330 (KBSTAR 미국S&P500(H))
337160,13.7,20.52,337160 (KODEX 200ESG)
368190,-4.54,24.17,368190 (HANARO Fn K-뉴딜디지털플러스)
464470,6.76,14.78,464470 (ARIRANG 미국채30년액티브)
481180,112.87,18.65,481180 (SOL 미국AI소프트웨어)
530067,14.92,14.2,530067 (삼성 KRX 금현물 ETN)
37550K,-20.92,29.35,37550K (DL이앤씨우)
530104,50.96,32.98,530104 (삼성 레버리지 코스피200 선물 ETN)
500069,50.28,32.94,500069 (신한 레버리지 코스피 200 선물 ETN)
329660,8.67,8.65,329660 (KODEX TRF5050)
570093,-42.48,106.8,570093 (한투 레버리지 천연가스 선물 ETN B)
024070,-0.31,26.25,024070 (WISCOM)
243880,35.67,43.83,243880 (TIGER 200IT레버리지)
336160,1.94,2.03,336160 (KBSTAR 금융채액티브)
530016,9.96,20.92,530016 (삼성 미국 대형 가치주 ETN(H))
123310,-4.28,17.45,123310 (TIGER 인버스)
000950,10.03,46.01,000950 (전방)
093240,9.12,55.79,093240 (형지엘리트)
009140,16.46,47.47,009140 (경인전자)
472830,7.45,9.66,472830 (KBSTAR 미국30년국채커버드콜(합성))
438100,13.5,8.77,438100 (ACE 미국나스닥100채권혼합액티브)
500016,7.95,14.5,500016 (신한 금 선물 ETN(H))
388280,-13.36,19.93,388280 (KBSTAR Fn컨택트대표)
138230,3.07,8.32,138230 (KOSEF 미국달러선물)
261250,6.68,16.51,261250 (KODEX 미국달러선물레버리지)
005320,18.51,66.49,005320 (국동)
570078,20.64,69.16,570078 (한투 블룸버그 레버리지 WTI원유 선물 ETN)
114100,2.88,1.8,114100 (KBSTAR 국고채3년)
363510,1.95,0.29,363510 (SOL KIS단기통안채)
570059,23.72,26.17,570059 (한투 레버리지 금 선물 ETN)
138520,7.1,18.71,138520 (TIGER 삼성그룹펀더멘털)
002690,2.52,43.59,002690 (동일제강)
001140,18.71,72.41,001140 (국보)
520010,17.05,43.81,520010 (미래에셋 원유선물혼합 ETN(H))
463300,-10.35,14.55,463300 (KBSTAR 중국본토CSI300)
001070,11.64,42.32,001070 (대한방직)
500017,10.32,28.46,500017 (신한 은 선물 ETN(H))
160580,4.85,19.97,160580 (TIGER 구리실물)
520076,-84.91,86.42,520076 (미래에셋 1.5X 천연가스 선물 ETN)
550041,30.2,27.78,550041 (N2 미국 IT TOP5 ETN(H))
001465,5.7,37.33,001465 (BYC우)
456680,-51.82,47.36,456680 (TIGER 차이나전기차레버리지(합성))
530113,63.37,19.76,530113 (삼성 레버리지 S&P500 선물 ETN)
610078,94.84,37.6,610078 (메리츠 3X 레버리지 미국채30년 ETN)
445150,15.02,24.2,445150 (KODEX K-친환경선박액티브)
530118,10.28,20.03,530118 (삼성 코스닥 150 TR ETN)
371470,-14.41,28.98,371470 (TIGER 차이나바이오테크SOLACTIVE)
475070,86.71,30.46,475070 (KoAct 글로벌기후테크인프라액티브)
001420,20.64,50.41,001420 (태원물산)
354350,18.89,19.07,354350 (HANARO 글로벌럭셔리S&P(합성))
238720,15.21,19.38,238720 (ACE 일본Nikkei225(H))
011090,15.59,56.61,011090 (에넥스)
453950,70.34,22.81,453950 (TIGER TSMC밸류체인FACTSET)
500004,14.39,41.06,500004 (신한 브렌트원유 선물 ETN(H))
610064,3.59,0.2,610064 (메리츠 KAP 통안채 6개월 ETN)
486240,9.15,17.04,486240 (DAISHIN343 AI반도체&인프라액티브)
002870,8.41,46.07,002870 (신풍)
394350,5.21,24.8,394350 (KOSEF 글로벌퓨처모빌리티)
475280,4.02,0.51,475280 (ACE 8월만기자동연장회사채AA-이상액티브)
332620,-0.56,13.5,332620 (ARIRANG 미국장기우량회사채)
287180,25.74,24.73,287180 (ARIRANG 미국나스닥테크)
152550,40.5,59.82,152550 (한국ANKOR유전)
530100,2.15,71.46,530100 (삼성 블룸버그 인버스 2X WTI원유 선물 ETN)
014910,18.05,59.82,014910 (성문전자)
002410,-14.39,63.7,002410 (범양건영)
003535,23.48,59.7,003535 (한화투자증권우)
000300,-1.2,53.8,000300 (대유플러스)
008775,22.5,46.95,008775 (호텔신라우)
33626L,59.62,80.0,33626L (두산퓨얼셀2우B)
101280,8.48,15.57,101280 (KODEX 일본TOPIX100)
500035,8.8,17.31,500035 (신한 레버리지 미국달러 선물 ETN)
030720,14.68,52.19,030720 (동원수산)
007120,10.01,62.9,007120 (미래아이앤지)
471040,89.56,22.67,471040 (KoAct 글로벌AI&로봇액티브)
133820,-3.81,51.75,133820 (화인베스틸)
152870,6.86,16.15,152870 (파워 200)
520074,-9.01,13.71,520074 (미래에셋 미국 방위산업 TOP3 ETN)
251600,4.81,7.25,251600 (ARIRANG 고배당주채권혼합)
530014,6.84,20.4,530014 (삼성 China A50 선물 ETN(H))
440340,8.4,8.39,440340 (TIGER 글로벌멀티에셋TIF액티브)
438320,-10.68,71.36,438320 (TIGER 차이나항셍테크레버리지(합성 H))
332610,4.56,9.32,332610 (ARIRANG 미국단기회사채(AAA~A))
015020,22.51,67.29,015020 (이스타코)
266370,16.48,24.74,266370 (KODEX IT)
261070,12.29,34.62,261070 (TIGER 코스닥150바이오테크)
530023,12.58,38.46,530023 (삼성 레버리지 China A50 선물 ETN(H))
084870,1.4,51.13,084870 (TBH글로벌)
002420,15.5,53.42,002420 (세기상사)
463640,17.83,19.48,463640 (KODEX 미국S&P500유틸리티)
385720,2.64,17.33,385720 (TIMEFOLIO Kstock액티브)
580025,-18.56,73.66,580025 (KB 레버리지 KRX 2차전지 K-뉴딜 ETN)
610044,135.63,61.02,610044 (메리츠 인버스 천연가스 선물 ETN(H))
520053,134.19,60.28,520053 (미래에셋 인버스 천연가스 선물 ETN(H))
010400,-19.01,40.0,010400 (우진아이엔에스)
385590,-1.16,17.38,385590 (ACE ESG액티브)
359210,10.65,16.67,359210 (KODEX 코스피TR)
004365,8.09,29.49,004365 (세방우)
00499K,-2.89,48.87,00499K (롯데지주우)
008600,14.19,55.91,008600 (윌비스)
084670,-2.54,23.46,084670 (동양고속)
276990,10.64,17.84,276990 (KODEX 글로벌로봇(합성))
610012,18.74,28.68,610012 (메리츠 레버리지 금 선물 ETN(H))
550062,16.14,27.76,550062 (N2 레버리지 금 선물 ETN(H))
474800,42.85,16.7,474800 (KOSEF 미국원유에너지기업)
520050,-6.62,65.56,520050 (미래에셋 인버스 2X 원유선물혼합 ETN(H))
387270,18.67,18.79,387270 (TIGER 글로벌BBIG액티브)
580034,91.61,59.33,580034 (KB 레버리지 FANG 플러스 ETN(H))
001210,-17.78,47.24,001210 (금호전기)
476760,6.11,12.11,476760 (ACE 미국30년국채액티브)
580056,70.93,19.34,580056 (KB 일본 로보틱스 TOP 10 ETN)
326230,-0.71,17.88,326230 (KBSTAR 내수주플러스)
520047,29.02,52.04,520047 (미래에셋 인버스 2X 옥수수 선물 ETN)
385520,3.11,20.4,385520 (KODEX K-미래차액티브)
019685,-1.87,27.97,019685 (대교우B)
375770,1.9,16.06,375770 (KODEX 탄소효율그린뉴딜)
450910,31.49,29.39,450910 (SOL 코스닥150)
279530,6.02,14.64,279530 (KODEX 고배당)
025620,-9.9,79.33,025620 (제이준코스메틱)
469160,54.47,21.72,469160 (ACE 일본반도체)
003495,20.52,49.79,003495 (대한항공우)
289480,3.48,13.67,289480 (TIGER 200커버드콜ATM)
140700,7.75,20.91,140700 (KODEX 보험)
438560,4.29,2.83,438560 (SOL 국고채3년)
261120,-5.51,16.53,261120 (TIGER 미국달러선물인버스2X)
500076,-61.59,54.81,500076 (신한 S&P500 VIX S/T 선물 ETN D)
360140,-0.56,19.55,360140 (KODEX 200롱코스닥150숏선물)
33637L,58.17,88.54,33637L (솔루스첨단소재2우B)
019490,7.67,57.56,019490 (하이트론)
500023,4.91,19.64,500023 (신한 콩 선물 ETN(H))
610002,9.71,9.67,610002 (메리츠 레버리지 인플레이션 국채 ETN)
001685,23.72,40.71,001685 (대상우)
570061,30.26,55.29,570061 (한투 레버리지 은 선물 ETN)
269420,8.14,15.82,269420 (KODEX S&P글로벌인프라(합성))
520065,35.83,38.41,520065 (미래에셋 -2X 미국채울트라30년 선물 ETN)
610007,-4.85,15.29,610007 (메리츠 국채30년 ETN)
210780,8.68,14.99,210780 (TIGER 코스피고배당)
468380,20.83,7.54,468380 (KODEX iShares미국하이일드액티브)
395150,-28.41,28.81,395150 (KODEX Fn웹툰&드라마)
280930,6.38,24.3,280930 (KODEX 미국러셀2000(H))
550088,169.7,28.37,550088 (N2 월간 레버리지 선진국 1등주 ETN)
610022,-7.2,9.11,610022 (메리츠 미국채10년 ETN(H))
570079,2.3,71.87,570079 (한투 블룸버그 인버스 2X WTI원유 선물 ETN)
237350,11.56,21.45,237350 (KODEX 코스피100)
500040,26.38,41.11,500040 (신한 레버리지 구리 선물 ETN)
196030,25.15,35.84,196030 (ACE 일본TOPIX레버리지(H))
002070,3.08,50.29,002070 (비비안)
610008,-11.98,30.53,610008 (메리츠 레버리지 국채30년 ETN)
500009,12.31,17.23,500009 (신한 다우존스지수 선물 ETN(H))
700013,19.79,45.09,700013 (하나 레버리지 콩 선물 ETN(H))
590018,4.62,20.7,590018 (미래에셋 중국 심천 100 ETN)
108675,-1.11,30.31,108675 (LX하우시스우)
276650,21.45,22.57,276650 (KBSTAR 글로벌4차산업IT(합성 H))
088790,9.17,42.62,088790 (진도)
570044,-31.42,53.78,570044 (한투 인버스 2X 나스닥 100 ETN)
610001,6.1,4.91,610001 (메리츠 인플레이션 국채 ETN)
550089,111.62,29.75,550089 (N2 월간 레버리지 코스피 200 선물 ETN)
237370,3.16,5.33,237370 (KODEX 배당성장채권혼합)
277540,8.38,17.53,277540 (ACE 아시아TOP50S&P)
271060,0.71,21.14,271060 (KODEX 3대농산물선물(H))
005110,29.93,74.47,005110 (한창)
239660,1.89,0.52,239660 (ARIRANG 우량회사채50 1년)
417630,2.53,19.13,417630 (TIGER KEDI혁신기업ESG30)
550084,26.68,16.35,550084 (N2 코스피 200 TR ETN)
700012,20.2,50.4,700012 (하나 인버스 2X 옥수수 선물 ETN(H))
354500,12.68,26.26,354500 (ACE 코스닥150)
272570,1.75,2.88,272570 (KBSTAR 중장기국공채액티브)
429760,22.38,14.47,429760 (ARIRANG 미국S&P500)
117680,4.44,25.69,117680 (KODEX 철강)
130680,0.23,32.78,130680 (TIGER 원유선물Enhanced(H))
117700,0.7,28.31,117700 (KODEX 건설)
204210,-0.34,37.86,204210 (스타에스엠리츠)
387280,3.08,26.1,387280 (TIGER 퓨처모빌리티액티브)
044380,10.53,61.18,044380 (주연테크)
300950,-0.66,29.56,300950 (KODEX 게임산업)
550087,73.47,13.09,550087 (N2 선진국 1등주 ETN)
292190,7.85,19.16,292190 (KODEX KRX300)
550059,3.49,8.92,550059 (N2 iSelect 글로벌 EMP ETN(H))
025890,6.6,51.05,025890 (한국주강)
426020,37.2,18.03,426020 (TIMEFOLIO 미국S&P500액티브)
520068,25.58,45.95,520068 (미래에셋 2X 홍콩H 선물 ETN)
610036,14.85,46.79,610036 (메리츠 인버스 2X 대표 농산물 선물 ETN(H))
570072,13.19,42.56,570072 (한투 레버리지 구리 선물 ETN)
550086,19.56,7.5,550086 (N2 미국달러 SOFR금리 플러스 ETN)
169950,7.75,21.37,169950 (KODEX 차이나A50)
352560,9.02,21.28,352560 (KODEX 미국부동산리츠(H))
530116,-48.55,35.75,530116 (삼성 인버스 2X 나스닥 100 ETN)
385600,10.28,32.61,385600 (ACE 2차전지&친환경차액티브)
550074,-78.29,119.09,550074 (N2 블룸버그 2X 천연가스 선물 ETN(H))
010420,8.07,49.19,010420 (한솔PNS)
476030,71.62,13.98,476030 (SOL 미국나스닥100)
610016,25.46,59.22,610016 (메리츠 레버리지 은 선물 ETN(H))
007815,24.72,44.52,007815 (코리아써우)
002355,8.04,29.66,002355 (넥센타이어1우B)
580057,11.58,14.37,580057 (KB 일본 컨슈머 TOP 10 ETN)
500001,3.39,22.54,500001 (신한 K200 USD 선물 바이셀 ETN)
550064,23.52,56.63,550064 (N2 레버리지 은 선물 ETN(H))
005257,43.58,71.05,005257 (녹십자홀딩스2우)
530122,97.56,44.08,530122 (삼성 인버스 2X 항셍테크 ETN(H) B)
211900,8.38,16.45,211900 (KODEX 배당성장)
610065,3.83,0.27,610065 (메리츠 KIS 통안채 1년 ETN)
419430,-22.96,29.01,419430 (KODEX 차이나2차전지MSCI(합성))
520039,5.28,28.08,520039 (미래에셋 코스닥150 선물 ETN)
472350,31.79,24.22,472350 (1Q 차이나H(H))
500091,21.35,3.65,500091 (신한 33-12 국고채 플러스 ETN)
760008,8.39,21.15,760008 (키움 코스닥 150 TR ETN)
084695,35.11,54.02,084695 (대상홀딩스우)
252400,19.67,41.34,252400 (KBSTAR 200선물레버리지)
381560,-0.89,22.15,381560 (HANARO Fn전기&수소차)
610018,0.46,7.36,610018 (메리츠 국채10년 ETN)
411050,16.24,26.0,411050 (ACE 글로벌메타버스테크액티브)
610047,1.28,1.58,610047 (메리츠 인버스 국채3년 ETN)
461600,-7.31,15.49,461600 (SOL 미국30년국채액티브(H))
465670,24.26,13.58,465670 (TIGER 미국캐시카우100)
117460,8.98,26.96,117460 (KODEX 에너지화학)
500088,13.22,1.55,500088 (신한 2X 26-05 은행채(AAA) ETN)
530119,49.5,56.9,530119 (삼성 레버리지 항셍테크 ETN(H) B)
500090,9.92,1.26,500090 (신한 2X 26-05 공사채(AAA) ETN)
310960,11.65,19.18,310960 (TIGER 200TR)
510041,3.19,0.16,510041 (대신 KAP 통안채 3개월 ETN)
510042,3.23,0.19,510042 (대신 KAP 통안채 6개월 ETN)
500089,6.74,0.69,500089 (신한 26-05 공사채(AAA) ETN)
550085,5.46,22.66,550085 (N2 코스닥 150 TR ETN)
475050,-23.07,29.62,475050 (ACE KPOP포커스)
500087,0.6,0.17,500087 (신한 26-05 은행채(AAA) ETN)
001770,13.67,50.2,001770 (SHD)
377990,1.72,28.45,377990 (TIGER Fn신재생에너지)
256750,-1.41,24.57,256750 (KODEX 차이나심천ChiNext(합성))
211560,8.71,16.58,211560 (TIGER 배당성장)
520037,0.98,16.86,520037 (미래에셋 코스피200 선물 ETN)
453080,49.71,16.39,453080 (KOSEF 미국나스닥100(H))
520055,-29.98,32.74,520055 (미래에셋 인버스 2X 코스피200 선물 ETN)
550090,-21.95,41.43,550090 (N2 월간 레버리지 코스닥 150 선물 ETN)
520075,-19.15,23.96,520075 (미래에셋 레버리지 미국 방위산업 TOP3 ETN)
341850,2.38,8.49,341850 (TIGER 리츠부동산인프라채권TR KIS)
448570,22.95,18.16,448570 (FOCUS AI코리아액티브)
446700,7.98,29.74,446700 (KBSTAR 배터리 리사이클링iSelect)
404260,13.31,24.33,404260 (KODEX KRX기후변화솔루션)
442260,26.69,15.92,442260 (마이티 다이나믹퀀트액티브)
460960,18.19,7.8,460960 (ACE 글로벌인컴TOP10 SOLACTIVE)
760004,-2.03,8.39,760004 (키움 인버스 미국달러선물 ETN)
520038,0.82,17.55,520038 (미래에셋 인버스 코스피200 선물 ETN)
500061,0.73,17.43,500061 (신한 인버스 코스피 200 선물 ETN)
364990,-11.51,31.15,364990 (TIGER 게임TOP10)
35320K,21.51,50.67,35320K (대덕전자1우)
000885,25.91,60.29,000885 (한화우)
580043,76.42,57.64,580043 (KB 레버리지 KOSDAQ 150 선물 ETN)
438900,10.22,18.72,438900 (HANARO Fn K-푸드)
530063,24.67,44.13,530063 (삼성 레버리지 구리 선물 ETN(H))
500014,2.32,24.06,500014 (신한 인버스 옥수수 선물 ETN(H))
610028,8.11,44.77,610028 (메리츠 레버리지 구리 선물 ETN(H))
304770,7.01,29.29,304770 (HANARO 코스닥150)
570069,14.95,53.9,570069 (한투 레버리지 플래티넘 선물 ETN)
570047,16.87,15.62,570047 (한투 FTSE100 ETN)
444490,26.14,15.47,444490 (WOORI 미국S&P500)
550069,7.68,44.27,550069 (N2 레버리지 구리 선물 ETN(H))
252420,-14.94,34.98,252420 (KBSTAR 200선물인버스2X)
700009,8.12,45.78,700009 (하나 레버리지 구리 선물 ETN(H))
114460,3.02,6.62,114460 (ACE 국고채3년)
000087,4.03,23.23,000087 (하이트진로2우B)
168490,-9.16,25.54,168490 (한국패러랠)
396510,-16.71,24.73,396510 (TIGER 차이나클린에너지SOLACTIVE)
185680,16.01,31.54,185680 (KODEX 미국S&P바이오(합성))
580039,50.54,33.76,580039 (KB 레버리지 KOSPI 200 선물 ETN)
550076,49.73,28.41,550076 (N2 US 500 월간레버리지 ETN(H))
306950,19.17,37.66,306950 (KODEX KRX300레버리지)
475350,46.37,11.7,475350 (KBSTAR 버크셔포트폴리오TOP10)
469060,129.02,27.06,469060 (KBSTAR 미국반도체NYSE)
391600,-1.25,25.34,391600 (ACE 미국친환경그린테마INDXX)
001795,22.09,44.66,001795 (대한제당우)
376410,1.84,16.16,376410 (TIGER 탄소효율그린뉴딜)
139220,-1.64,27.3,139220 (TIGER 200 건설)
510027,-42.02,57.06,510027 (대신 인버스 2X 코스닥 150 선물 ETN)
453640,17.96,14.18,453640 (KODEX 미국S&P500헬스케어)
463680,49.72,17.63,463680 (KODEX 미국S&P500테크놀로지)
580044,-42.55,57.52,580044 (KB 인버스 2X KOSDAQ 150 선물 ETN)
289260,5.26,20.1,289260 (TIGER MSCI KOREA ESG리더스)
610003,-3.62,9.13,610003 (메리츠 미국 인플레이션 국채 ETN(H))
265690,-6.27,24.86,265690 (ACE 러시아MSCI(합성))
570054,26.82,36.44,570054 (한투 레버리지 유로스탁스50 ETN(H) B)
457700,11.8,12.64,457700 (KODEX 53-09 국고채액티브)
456250,-2.1,19.03,456250 (KODEX 유럽명품TOP10 STOXX)
463250,20.33,30.5,463250 (TIGER 스페이스테크iSelect)
464600,14.31,20.99,464600 (SOL 자동차소부장Fn)
700015,20.29,68.5,700015 (하나 S&P 레버리지 WTI원유 선물 ETN)
396520,-17.22,27.82,396520 (TIGER 차이나반도체FACTSET)
550071,18.74,66.83,550071 (N2 블룸버그 2X WTI원유선물 ETN)
225800,5.62,16.98,225800 (KOSEF 미국달러선물레버리지)
448630,3.98,8.31,448630 (KBSTAR 삼성그룹Top3채권혼합블룸버그)
500065,20.05,68.52,500065 (신한 블룸버그 레버리지 WTI원유 선물 ETN)
580048,-9.78,14.82,580048 (KB CSI 300 ETN)
447430,15.03,12.21,447430 (ACE 주주환원가치주액티브)
520069,-10.3,50.9,520069 (미래에셋 -2X 홍콩H 선물 ETN(H))
530082,21.01,79.74,530082 (삼성 인버스 2X 항셍테크 ETN(H))
500028,-17.55,36.97,500028 (신한 인버스 2X 다우존스지수 선물 ETN(H))
400590,14.43,31.14,400590 (SOL 글로벌탄소배출권선물ICE(합성))
337150,9.91,19.21,337150 (KODEX 200exTOP)
418670,16.33,27.84,418670 (TIGER 글로벌사이버보안INDXX)
137610,-2.45,17.72,137610 (TIGER 농산물선물Enhanced(H))
114470,2.86,1.75,114470 (KOSEF 국고채3년)
000075,10.62,33.77,000075 (삼양홀딩스우)
004835,64.33,82.46,004835 (덕성우)
139250,2.56,26.86,139250 (TIGER 200 에너지화학)
354240,3.63,12.09,354240 (KBSTAR 미국고정배당우선증권ICE TR)
570073,4.86,50.47,570073 (한투 인버스 2X 구리 선물 ETN)
409810,-6.13,24.55,409810 (KODEX 미국나스닥100선물인버스(H))
570065,1.3,41.94,570065 (한투 레버리지 베트남 VN30 선물 ETN(H))
217780,0.55,20.3,217780 (TIGER 차이나CSI300인버스(합성))
500013,0.11,23.46,500013 (신한 옥수수 선물 ETN(H))
159800,7.74,18.76,159800 (마이티 코스피100)
445690,25.13,14.56,445690 (BNK 주주가치액티브)
570060,-1.6,34.43,570060 (한투 인버스 2X 금 선물 ETN)
219390,2.79,37.8,219390 (KBSTAR 미국S&P원유생산기업(합성 H))
520064,-15.75,29.27,520064 (미래에셋 2X 미국채울트라30년 선물 ETN)
610025,21.6,18.22,610025 (메리츠 인버스 2X 미국채10년 ETN(H))
500063,-4.36,29.3,500063 (신한 인버스 코스닥 150 선물 ETN)
457690,5.37,6.77,457690 (KODEX 33-06 국고채액티브)
610040,29.11,35.07,610040 (메리츠 인버스 2X 미국채30년 ETN(H))
520040,-4.54,29.24,520040 (미래에셋 인버스 코스닥150 선물 ETN)
475310,133.47,37.78,475310 (SOL 반도체후공정)
580055,-50.46,104.48,580055 (KB 블룸버그 레버리지 천연가스 선물 ETN)
570055,14.66,13.02,570055 (한투 금 선물 ETN)
182490,2.95,6.4,182490 (TIGER 단기선진하이일드(합성 H))
530088,-17.54,77.54,530088 (삼성 레버리지 KRX 2차전지 K-뉴딜 ETN)
337140,11.61,19.72,337140 (KODEX 코스피대형주)
316670,8.78,28.63,316670 (KOSEF 코스닥150)
183700,3.47,5.48,183700 (KBSTAR 채권혼합)
008500,10.35,46.15,008500 (일정실업)
580049,-16.4,17.76,580049 (KB CSI 500 ETN)
245350,8.16,17.9,245350 (TIGER 유로스탁스배당30)
289040,6.85,18.12,289040 (KODEX MSCI KOREA ESG유니버설)
003075,26.87,66.42,003075 (코오롱글로벌우)
468630,21.27,7.87,468630 (KODEX iShares미국투자등급회사채액티브)
610041,12.41,69.55,610041 (메리츠 블룸버그 레버리지 WTI선물 ETN(H))
195970,3.74,17.14,195970 (ARIRANG 선진국MSCI(합성 H))
580036,10.5,68.17,580036 (KB S&P 레버리지 WTI원유 선물 ETN(H))
570066,-1.71,42.72,570066 (한투 인버스 2X 베트남 VN30 선물 ETN(H))
156080,7.48,19.53,156080 (KODEX MSCI Korea)
100910,7.04,16.92,100910 (KOSEF KRX100)
433500,22.92,25.57,433500 (ACE 원자력테마딥서치)
530114,-24.34,28.41,530114 (삼성 인버스 2X S&P500 선물 ETN)
407820,-14.09,18.74,407820 (에셋플러스 코리아플랫폼액티브)
241390,3.95,7.4,241390 (KBSTAR V&S셀렉트밸류채권혼합)
395750,-0.28,16.98,395750 (ARIRANG ESG가치주액티브)
139270,5.68,22.52,139270 (TIGER 200 금융)
473590,120.7,23.46,473590 (ACE 미국주식베스트셀러)
461340,70.4,22.86,461340 (HANARO 글로벌생성형AI액티브)
006345,61.91,77.85,006345 (대원전선우)
140950,7.03,22.49,140950 (파워 코스피100)
352540,7.43,14.49,352540 (KODEX 일본부동산리츠(H))
475300,-2.34,28.1,475300 (SOL 반도체전공정)
200030,13.24,17.72,200030 (KODEX 미국S&P500산업재(합성))
435040,29.41,15.65,435040 (ACE 글로벌브랜드TOP10블룸버그)
138910,0.67,21.42,138910 (KODEX 구리선물(H))
610067,-51.95,105.45,610067 (메리츠 블룸버그 2X 천연가스선물 ETN(H) B)
167860,2.79,10.65,167860 (KOSEF 국고채10년레버리지)
002025,12.22,42.83,002025 (코오롱우)
253290,2.95,8.92,253290 (KBSTAR 헬스케어채권혼합)
570070,3.17,62.23,570070 (한투 인버스 2X 플래티넘 선물 ETN)
473460,105.65,20.76,473460 (KODEX 미국서학개미)
580052,73.5,66.83,580052 (KB 인버스 2X 밀 선물 ETN)
433970,12.02,7.58,433970 (KODEX TDF2030액티브)
105780,6.89,18.94,105780 (KBSTAR 5대그룹주)
580022,17.05,28.52,580022 (KB 레버리지 금 선물 ETN(H))
500024,-2.23,19.99,500024 (신한 인버스 콩 선물 ETN(H))
140910,2.02,37.63,140910 (에이리츠)
520061,25.55,19.95,520061 (미래에셋 인도네시아 Top5 ETN)
610004,-9.52,18.28,610004 (메리츠 미국레버리지 인플레이션국채ETN(H))
610029,-3.77,45.05,610029 (메리츠 인버스 2X 구리 선물 ETN(H))
467620,8.65,8.13,467620 (히어로즈 25-09 미국채권(AA-이상)액티브)
550070,-3.08,46.29,550070 (N2 인버스 레버리지 구리 선물 ETN(H))
570100,82.99,22.82,570100 (한투 일본종합상사TOP5 ETN)
267440,-1.68,11.17,267440 (KBSTAR 미국장기국채선물(H))
453650,35.49,14.85,453650 (KODEX 미국S&P500금융)
530112,36.38,9.93,530112 (삼성 S&P500 ETN)
570099,43.4,16.71,570099 (한투 S&P 인버스 2X 엔달러 선물 ETN(H))
004255,13.5,37.89,004255 (NPC우)
223190,10.65,17.04,223190 (KODEX 200가치저변동)
415340,-19.5,24.37,415340 (KODEX 차이나과창판STAR50(합성))
395280,-20.99,31.64,395280 (HANARO Fn K-게임)
510015,-4.61,36.61,510015 (대신 밀 선물 ETN(H))
610013,-5.42,45.47,610013 (메리츠 인버스 2X 금 선물 ETN(H))
071950,12.79,63.79,071950 (코아스)
300610,1.34,30.33,300610 (TIGER K게임)
18064K,28.03,64.77,18064K (한진칼우)
004105,52.68,72.46,004105 (태양금속우)
610010,15.8,30.72,610010 (메리츠 인버스 2X 국채30년 ETN)
580014,-16.29,51.93,580014 (KB 인버스 2X 나스닥 100 ETN)
570057,12.57,25.57,570057 (한투 은 선물 ETN)
213630,6.34,16.52,213630 (ARIRANG 미국다우존스고배당주(합성 H))
230480,-5.87,16.66,230480 (KOSEF 미국달러선물인버스2X)
442570,16.63,11.33,442570 (KBSTAR TDF2050액티브)
610039,15.15,17.34,610039 (메리츠 인버스 미국채30년 ETN(H))
422260,-3.37,20.91,422260 (VITA MZ소비액티브)
471780,33.04,21.03,471780 (TIGER 코리아테크액티브)
447660,14.35,9.02,447660 (ARIRANG 애플채권혼합)
292500,7.64,18.55,292500 (SOL KRX300)
45014K,-7.08,85.49,45014K (코오롱모빌리티그룹우)
580054,64.03,37.34,580054 (KB 인버스 2X 콩 선물 ETN)
280320,11.83,26.63,280320 (ACE 미국IT인터넷S&P(합성 H))
550063,-9.62,28.24,550063 (N2 인버스 레버리지 금 선물 ETN(H))
478150,24.2,11.96,478150 (TIMEFOLIO 글로벌우주테크&방산액티브)
610024,11.56,8.98,610024 (메리츠 인버스 미국채10년 ETN(H))
276000,8.86,21.41,276000 (TIGER 글로벌자원생산기업(합성 H))
404540,13.62,24.77,404540 (TIGER KRX기후변화솔루션)
407310,-0.78,20.98,407310 (HANARO 200 TOP10)
510016,-7.21,64.72,510016 (대신 천연가스 선물 ETN(H))
610035,-5.58,46.21,610035 (메리츠 레버리지 대표 농산물 선물 ETN(H))
433980,15.06,8.92,433980 (KODEX TDF2040액티브)
463690,43.21,15.3,463690 (KODEX 미국S&P500커뮤니케이션)
38380K,-27.47,33.9,38380K (LX홀딩스1우)
472840,33.68,17.6,472840 (ITF 200)
140710,2.05,26.75,140710 (KODEX 운송)
500011,3.07,6.96,500011 (신한 달러인덱스 선물 ETN(H))
530109,-61.5,54.92,530109 (삼성 S&P500 VIX S/T 선물 ETN)
570053,14.37,33.46,570053 (한투 인버스 플래티넘 선물 ETN)
411540,-0.9,20.87,411540 (SOL 200 Top10)
520046,-5.18,51.12,520046 (미래에셋 레버리지 옥수수 선물 ETN)
104530,9.49,16.06,104530 (KOSEF 고배당)
610011,10.84,14.11,610011 (메리츠 금 선물 ETN(H))
442580,71.19,28.23,442580 (ARIRANG 글로벌HBM반도체)
530083,9.69,14.4,530083 (삼성 금 선물 ETN(H))
217770,-4.97,44.13,217770 (TIGER 원유선물인버스(H))
570092,-26.25,24.24,570092 (한투 인버스 2X 유로스탁스50 ETN(H) B)
570071,11.8,20.39,570071 (한투 구리 선물 ETN)
580019,59.26,83.7,580019 (KB 인버스 2X 항셍테크 선물 ETN)
195920,11.09,18.3,195920 (TIGER 일본TOPIX(합성 H))
530080,13.08,40.09,530080 (삼성 인버스 항셍테크 ETN(H))
510039,68.1,32.81,510039 (대신 3X 레버리지 국채30년 ETN)
453060,3.72,0.17,453060 (HANARO KOFR금리액티브(합성))
510017,19.05,79.41,510017 (대신 2X 철광석 선물 ETN(H))
510038,-26.16,61.01,510038 (대신 인버스 2X 철광석 선물 ETN(H))
291130,7.75,22.03,291130 (ACE 멕시코MSCI(합성))
500003,-5.69,43.71,500003 (신한 인버스 WTI원유 선물 ETN(H))
550079,16.49,19.56,550079 (N2 S&P500 버퍼10% 12월 ETN(H))
550073,10.29,22.1,550073 (N2 iSelect-WG 그린에너지 ESG ETN)
550078,14.67,9.64,550078 (N2 S&P500 버퍼10% 6월 ETN(H))
181480,6.53,20.62,181480 (ACE 미국다우존스리츠(합성 H))
610009,8.83,15.01,610009 (메리츠 인버스 국채30년 ETN)
700016,2.77,72.12,700016 (하나 S&P 인버스 2X WTI원유 선물 ETN)
365040,10.18,16.61,365040 (TIGER AI코리아그로스액티브)
550077,13.78,9.06,550077 (N2 S&P500 버퍼10% 3월 ETN(H))
550072,2.09,71.89,550072 (N2 블룸버그 -2X WTI원유선물 ETN)
580037,2.09,71.65,580037 (KB S&P 인버스 2X WTI원유 선물 ETN)
500066,2.41,71.86,500066 (신한 블룸버그 인버스 2X WTI원유 선물 ETN)
266410,-2.82,17.8,266410 (KODEX 필수소비재)
700014,-9.54,43.65,700014 (하나 인버스 2X 콩 선물 ETN(H))
530089,13.57,29.32,530089 (삼성 은 선물 ETN(H))
610014,13.46,29.1,610014 (메리츠 은 선물 ETN(H))
461910,168.81,38.17,461910 (ARIRANG 미국테크10레버리지iSelect(합성))
461450,29.41,30.08,461450 (KODEX 코스닥글로벌)
570096,25.55,14.8,570096 (한투 인버스 2X 일본 엔선물 ETN)
530117,37.15,16.48,530117 (삼성 코스피 200 TR ETN)
520043,17.6,46.05,520043 (미래에셋 S&P 유럽탄소배출권 선물 ETN)
471290,3.65,0.18,471290 (HANARO CD금리액티브(합성))
444200,32.33,20.69,444200 (SOL KEDI메가테크액티브)
001067,33.18,60.66,001067 (JW중외제약2우B)
152500,10.22,31.45,152500 (ACE 레버리지)
250780,-8.99,28.05,250780 (TIGER 코스닥150선물인버스)
610070,27.24,15.95,610070 (메리츠 KAP 인버스 2X 일본 엔화 ETN)
500085,36.04,14.12,500085 (신한 코스피 200 TR ETN)
570077,12.7,34.32,570077 (한투 블룸버그 WTI원유 선물 ETN)
449690,27.31,20.29,449690 (TIGER 한중반도체(합성))
530098,14.99,34.81,530098 (삼성 블룸버그 WTI원유 선물 ETN)
500002,-3.21,23.18,500002 (신한 USD K200 선물 바이셀 ETN)
610050,8.19,6.1,610050 (메리츠 레버리지 국채5년 ETN)
570085,16.48,28.1,570085 (한투 블룸버그 인도네시아 대표원자재 ETN)
500056,15.45,43.34,500056 (신한 레버리지 Russell 2000 ETN)
292730,7.45,17.74,292730 (FOCUS KRX300)
500006,-5.04,14.54,500006 (신한 인버스 금 선물 ETN(H))
459750,28.89,11.52,459750 (KBSTAR 글로벌주식분산액티브)
474920,25.52,16.26,474920 (에셋플러스 차이나일등기업포커스10액티브)
449780,28.98,12.83,449780 (KOSEF 미국S&P500(H))
453660,33.19,17.78,453660 (KODEX 미국S&P500경기소비재)
138530,4.36,21.0,138530 (TIGER LG그룹+펀더멘털)
461900,67.22,17.86,461900 (ARIRANG 미국테크10iSelect)
430500,6.8,4.65,430500 (KOSEF 물가채KIS)
005725,12.97,38.84,005725 (넥센우)
483030,22.43,13.42,483030 (KOSEF 미국블록버스터바이오테크의약품+)
610049,6.07,3.03,610049 (메리츠 국채5년 ETN)
145995,1.77,37.73,145995 (삼양사우)
483570,168.69,13.11,483570 (KCGI 미국S&P500 TOP10)
610046,5.84,2.96,610046 (메리츠 레버리지 국채3년 ETN)
500086,17.36,20.02,500086 (신한 코스닥 150 TR ETN)
610042,-3.73,68.93,610042 (메리츠 블룸버그 인버스 2X WTI선물 ETN(H))
440650,5.82,10.21,440650 (ACE 미국달러단기채권액티브)
145850,10.21,19.4,145850 (TREX 펀더멘탈 200)
000225,27.37,57.56,000225 (유유제약1우)
610026,6.3,22.09,610026 (메리츠 구리 선물 ETN(H))
310080,-1.89,26.11,310080 (KBSTAR 중국MSCI China(H))
449580,24.95,12.23,449580 (KBSTAR 미국빅데이터Top3채권혼합iSelect)
610072,13.88,14.27,610072 (메리츠 KAP 레버리지 중국 위안화 ETN)
500041,-13.0,49.12,500041 (신한 인버스 2X 구리 선물 ETN)
610030,13.39,44.04,610030 (메리츠 S&P 유럽탄소배출권 선물 ETN(H))
530095,6.21,23.01,530095 (삼성 구리 선물 ETN(H))
520052,-55.89,60.67,520052 (미래에셋 천연가스 선물 ETN(H))
226980,5.56,19.9,226980 (KODEX 200 중소형)
700011,-11.11,50.36,700011 (하나 레버리지 옥수수 선물 ETN(H))
610045,4.87,1.43,610045 (메리츠 국채3년 ETN)
530120,154.05,12.17,530120 (삼성 나스닥 100 ETN)
570074,13.23,44.44,570074 (한투 S&P 유럽탄소배출권 선물 ETN(H))
520062,11.34,26.92,520062 (미래에셋 인도네시아 금속&에너지 Top5 ETN)
580047,-15.23,64.83,580047 (KB 레버리지 항셍테크 선물 ETN(H) B)
610020,3.8,7.29,610020 (메리츠 인버스 국채10년 ETN)
451670,8.03,26.75,451670 (KBSTAR 국채30년레버리지KAP(합성))
570056,5.58,19.91,570056 (한투 인버스 금 선물 ETN)
610055,5.46,4.46,610055 (메리츠 3X 레버리지 국채3년 ETN)
453630,12.47,14.53,453630 (KODEX 미국S&P500필수소비재)
610057,5.85,9.15,610057 (메리츠 3X 레버리지 국채5년 ETN)
610059,9.91,20.62,610059 (메리츠 3X 레버리지 국채10년 ETN)
500081,7.33,13.13,500081 (신한 S&P 인버스 2X 유로 선물 ETN(H))
610021,5.02,14.69,610021 (메리츠 인버스 2X 국채10년 ETN)
500079,6.39,7.12,500079 (신한 S&P 인버스 유로 선물 ETN(H))
580026,25.04,58.36,580026 (KB 레버리지 은 선물 ETN(H))
476310,40.52,15.23,476310 (KBSTAR 글로벌비만산업TOP2+)
610071,8.42,6.69,610071 (메리츠 KAP 중국 위안화 ETN)
510035,5.13,18.83,510035 (대신 3X 레버리지 국채10년 ETN)
429010,12.83,19.6,429010 (TIGER 미국나스닥넥스트100)
419650,-25.95,35.1,419650 (ARIRANG 글로벌수소&차세대연료전지MV)
510033,4.3,5.73,510033 (대신 국채10년 ETN)
446690,78.13,23.91,446690 (KODEX 아시아AI반도체exChina액티브)
001065,26.28,56.19,001065 (JW중외제약우)
610075,46.29,16.91,610075 (메리츠 3X 레버리지 미국채10년 ETN)
530002,-4.58,21.55,530002 (삼성 인버스 China A50 선물 ETN(H))
225130,13.0,27.37,225130 (ACE 골드선물 레버리지(합성 H))
400580,11.49,43.98,400580 (SOL 유럽탄소배출권선물S&P(H))
500078,4.58,6.24,500078 (신한 S&P 유로 선물 ETN(H))
610077,29.66,12.3,610077 (메리츠 미국채30년 ETN)
480460,14.74,9.26,480460 (WOORI 한국부동산TOP3플러스)
500055,5.2,29.1,500055 (신한 인버스 Russell 2000 ETN)
610074,20.38,6.19,610074 (메리츠 미국채10년 ETN)
253150,16.98,35.49,253150 (ARIRANG 200선물레버리지)
104520,5.89,15.84,104520 (KOSEF 블루칩)
459790,39.91,16.02,459790 (히어로즈 미국성장기업30액티브)
474390,6.93,8.76,474390 (SOL 국고채30년액티브)
570062,-5.99,63.41,570062 (한투 인버스 2X 은 선물 ETN)
500080,4.19,12.65,500080 (신한 S&P 레버리지 유로 선물 ETN(H))
459560,38.04,22.26,459560 (KODEX 테슬라밸류체인FactSet)
481340,27.37,16.57,481340 (KBSTAR 미국30년국채액티브)
510034,1.77,5.87,510034 (대신 인버스 국채10년 ETN)
253250,17.3,34.9,253250 (KOSEF 200선물레버리지)
500008,-5.54,22.09,500008 (신한 인버스 구리 선물 ETN(H))
290080,1.08,15.18,290080 (KBSTAR 200고배당커버드콜ATM)
570058,7.62,34.14,570058 (한투 인버스 은 선물 ETN)
401590,7.58,31.02,401590 (HANARO 글로벌탄소배출권선물ICE(합성))
483020,14.34,92.16,483020 (KOSEF 의료AI)
580064,-7.97,0.91,580064 (KB 인버스 2X 미국채 10년 선물 ETN)
500070,-30.38,32.15,500070 (신한 인버스 2X 코스피 200 선물 ETN)
550061,-18.29,27.88,550061 (N2 인버스 미국 IT TOP5 ETN(H))
122090,7.8,18.33,122090 (ARIRANG 코스피50)
530105,-29.91,32.81,530105 (삼성 인버스 2X 코스피200 선물 ETN)
091220,6.63,25.89,091220 (TIGER 은행)
610051,0.13,2.92,610051 (메리츠 인버스 국채5년 ETN)
550080,24.81,11.76,550080 (N2 US 500 ETN(H))
464060,101.68,28.62,464060 (HANARO 글로벌반도체TOP10 SOLACTIVE)
570063,2.3,22.67,570063 (한투 베트남 VN30 선물 ETN(H))
570052,2.89,26.52,570052 (한투 플래티넘 선물 ETN)
610056,-1.61,4.33,610056 (메리츠 인버스 3X 국채3년 ETN)
530121,-12.25,16.52,530121 (삼성 항셍테크 ETN(H) B)
452440,30.43,14.1,452440 (VITA 밸류알파액티브)
375760,1.82,16.75,375760 (HANARO 탄소효율그린뉴딜)
477490,95.04,14.84,477490 (에셋플러스 글로벌일등기업포커스10액티브)
482870,160.5,11.78,482870 (HANARO 주주가치성장코리아액티브)
610048,-0.93,2.94,610048 (메리츠 인버스 2X 국채3년 ETN)
610058,-2.2,8.96,610058 (메리츠 인버스 3X 국채5년 ETN)
570101,-51.71,14.96,570101 (한투 인버스 나스닥100 ETN B)
550043,-29.48,90.96,550043 (N2 인버스 레버리지 WTI원유 선물 ETN(H))
419420,-12.02,34.73,419420 (KODEX 미국클린에너지나스닥)
580063,0.0,0.0,580063 (KB 레버리지 미국채 10년 선물 ETN)
610076,-24.06,26.41,610076 (메리츠 인버스 3X 미국채10년 ETN)
102960,0.94,31.64,102960 (KODEX 기계장비)
472720,42.34,16.93,472720 (TRUSTON 주주가치액티브)
530092,0.66,17.48,530092 (삼성 인버스 코스피 200 선물 ETN)
139240,1.48,25.05,139240 (TIGER 200 철강소재)
530064,-18.67,44.21,530064 (삼성 인버스 2X 구리 선물 ETN(H))
570064,0.87,22.17,570064 (한투 인버스 베트남 VN30 선물 ETN(H))
610068,-7.35,7.73,610068 (메리츠 KAP 일본 엔화 ETN)
610019,-2.03,14.76,610019 (메리츠 레버리지 국채10년 ETN)
252410,-7.46,17.82,252410 (KBSTAR 200선물인버스)
471460,28.03,10.52,471460 (히어로즈 국고채30년액티브)
610027,0.37,22.8,610027 (메리츠 인버스 구리 선물 ETN(H))
225050,8.69,36.55,225050 (TIGER 유로스탁스레버리지(합성 H))
610073,-6.7,14.97,610073 (메리츠 KAP 인버스 2X 중국 위안화 ETN)
442090,14.17,22.77,442090 (에셋플러스 코리아대장장이액티브)
292160,7.65,18.58,292160 (TIGER KRX300)
580032,8.47,45.33,580032 (KB 레버리지 구리 선물 ETN(H))
510036,-1.6,18.29,510036 (대신 인버스 3X 국채10년 ETN)
368680,-4.43,23.76,368680 (KODEX Fn K-뉴딜디지털플러스)
530096,-0.03,23.08,530096 (삼성 인버스 구리 선물 ETN(H))
610052,-3.2,6.07,610052 (메리츠 인버스 2X 국채5년 ETN)
267490,-4.95,21.67,267490 (KBSTAR 미국장기국채선물레버리지(합성 H))
610079,-42.77,45.76,610079 (메리츠 인버스 3X 미국채30년 ETN)
460270,13.71,8.97,460270 (히어로즈 미국달러SOFR금리액티브(합성))
385710,-2.47,24.09,385710 (TIMEFOLIO 이노베이션액티브)
500036,-10.65,17.13,500036 (신한 인버스 2X 미국달러 선물 ETN)
131890,7.11,18.54,131890 (ACE 삼성그룹동일가중)
333960,13.28,20.68,333960 (ARIRANG KS모멘텀가중TR)
410870,7.21,27.66,410870 (TIMEFOLIO K컬처액티브)
610060,-6.07,19.64,610060 (메리츠 인버스 3X 국채10년 ETN)
464610,-1.44,24.13,464610 (SOL 의료기기소부장Fn)
530060,-1.33,9.25,530060 (삼성 코스피 양매도 5% OTM ETN)
285690,5.71,17.89,285690 (FOCUS ESG리더스)
229720,8.55,17.44,229720 (KODEX KTOP30)
570094,-10.97,7.63,570094 (한투 일본 엔선물 ETN C)
225060,5.8,40.16,225060 (TIGER 이머징마켓MSCI레버리지(합성 H))
004985,42.33,73.28,004985 (성신양회우)
390400,-14.18,26.63,390400 (KODEX 미국스마트모빌리티S&P)
417450,-9.65,27.91,417450 (KBSTAR 글로벌수소경제Indxx)
610034,-1.24,23.11,610034 (메리츠 대표 농산물 선물 ETN(H))
455660,6.17,5.86,455660 (ACE 미국하이일드액티브(H))
379790,12.18,18.38,379790 (KBSTAR 유로스탁스50(H))
364690,14.62,17.37,364690 (KODEX 혁신기술테마액티브)
460660,9.29,11.33,460660 (KBSTAR 미국S&P배당킹)
467540,59.43,30.95,467540 (KOSEF 코스닥글로벌)
441330,-5.69,19.3,441330 (KOSEF 차이나A50커넥트MSCI)
333970,14.33,20.29,333970 (ARIRANG KS밸류가중TR)
261110,6.77,16.75,261110 (TIGER 미국달러선물레버리지)
500012,-1.11,6.88,500012 (신한 인버스 달러인덱스 선물 ETN(H))
610069,-16.85,15.51,610069 (메리츠 KAP 레버리지 일본 엔화 ETN)
139660,-0.87,8.27,139660 (KOSEF 미국달러선물인버스)
445910,22.36,14.26,445910 (TIGER MKF배당귀족)
530084,-3.58,14.37,530084 (삼성 인버스 금 선물 ETN(H))
292050,7.82,18.63,292050 (KBSTAR KRX300)
275280,8.75,20.34,275280 (KODEX MSCI모멘텀)
333950,14.09,20.37,333950 (ARIRANG KS로우사이즈가중TR)
550083,-12.03,38.48,550083 (N2 iSelect 배터리 재활용 Top10 ETN)
183710,5.27,11.31,183710 (KBSTAR 주식혼합)
610017,-13.99,58.49,610017 (메리츠 인버스 2X 은 선물 ETN(H))
244620,7.68,21.62,244620 (KODEX 모멘텀Plus)
550081,-61.64,53.63,550081 (N2 S&P500 VIX S/T 선물 ETN D)
432840,22.48,15.93,432840 (HANARO 미국S&P500)
550065,-14.52,57.73,550065 (N2 인버스 레버리지 은 선물 ETN(H))
411720,20.86,22.02,411720 (KBSTAR 글로벌메타버스Moorgate)
174350,5.62,13.84,174350 (TIGER 로우볼)
00806K,16.75,52.16,00806K (대덕1우)
269370,8.08,14.89,269370 (TIGER S&P글로벌인프라(합성))
570097,-16.59,8.32,570097 (한투 S&P 엔달러 선물 ETN(H))
426410,31.95,23.11,426410 (ARIRANG 미국대체투자Top10MV)
457930,12.45,18.62,457930 (BNK 미래전략기술액티브)
428560,20.91,17.56,428560 (KODEX 미국ETF산업Top10 Indxx)
468370,12.23,7.57,468370 (KODEX iShares미국인플레이션국채액티브)
337120,11.24,18.64,337120 (KODEX Fn멀티팩터)
413930,3.81,16.82,413930 (WOORI AI ESG액티브)
438740,6.93,18.08,438740 (마이다스 KoreaStock중소형액티브)
139320,2.15,16.89,139320 (TIGER 금은선물(H))
580035,-1.15,36.53,580035 (KB S&P 유럽탄소배출권 선물 ETN(H))
399580,-10.14,25.58,399580 (KBSTAR 글로벌클린에너지S&P)
450190,26.79,20.62,450190 (KODEX 한중반도체(합성))
570091,-12.72,12.1,570091 (한투 인버스 유로스탁스50 ETN(H) C)
456200,9.73,8.02,456200 (ARIRANG 미국달러SOFR금리액티브(합성))
289670,1.32,6.14,289670 (ARIRANG 국채선물10년)
433220,28.33,18.69,433220 (에셋플러스 글로벌대장장이액티브)
45226K,-54.31,71.39,45226K (한화갤러리아우)
333940,9.99,18.28,333940 (ARIRANG KS로우볼가중TR)
26490K,7.61,60.91,26490K (크라운제과우)
346000,-2.56,12.18,346000 (HANARO KAP초장기국고채)
367740,15.79,18.59,367740 (HANARO Fn5G산업)
227560,-3.15,16.24,227560 (TIGER 200 생활소비재)
448100,23.06,16.07,448100 (WOORI 200)
108590,7.67,17.01,108590 (TREX 200)
570095,-23.47,14.81,570095 (한투 레버리지 일본 엔선물 ETN C)
479850,136.87,27.62,479850 (HANARO K-뷰티)
580053,-24.63,33.86,580053 (KB 레버리지 콩 선물 ETN)
261060,10.58,27.49,261060 (TIGER 코스닥150IT)
234310,8.44,15.92,234310 (KBSTAR V&S셀렉트밸류)
153270,6.64,16.26,153270 (KOSEF 코스피100)
530094,-4.26,29.49,530094 (삼성 인버스 코스닥 150 선물 ETN)
380340,8.67,23.66,380340 (ACE Fn5G플러스)
610015,-5.37,29.67,610015 (메리츠 인버스 은 선물 ETN(H))
228820,8.68,17.59,228820 (TIGER KTOP30)
371150,-10.93,35.1,371150 (KBSTAR 차이나항셍테크)
261140,9.47,18.15,261140 (TIGER 우선주)
485810,-89.71,15.68,485810 (TIMEFOLIO 글로벌안티에이징바이오액티브)
424460,14.17,15.5,424460 (HANARO 글로벌워터MSCI(합성))
449680,-8.77,20.72,449680 (TIGER 한중전기차(합성))
482030,-3.62,25.37,482030 (KoAct 테크핵심소재공급망액티브)
530090,-6.56,29.13,530090 (삼성 인버스 은 선물 ETN(H))
000325,40.02,65.52,000325 (노루홀딩스우)
192720,7.34,15.46,192720 (파워 고배당저변동성)
510040,-34.69,30.52,510040 (대신 인버스 3X 국채30년 ETN)
269530,9.44,17.79,269530 (ARIRANG S&P글로벌인프라)
375270,4.3,18.38,375270 (KBSTAR 글로벌데이터센터리츠나스닥(합성))
429740,-8.38,12.71,429740 (ARIRANG K리츠Fn)
610032,-8.82,16.43,610032 (메리츠 CSI 300 ETN)
360150,0.94,19.73,360150 (KODEX 코스닥150롱코스피200숏선물)
331910,10.78,21.34,331910 (KOSEF Fn중소형)
419170,24.89,26.31,419170 (HANARO 미국메타버스iSelect)
227570,5.18,17.08,227570 (TIGER 우량가치)
500067,6.23,15.72,500067 (신한 레버리지 10년 국채선물 ETN)
001515,19.86,60.69,001515 (SK증권우)
500010,-9.3,17.32,500010 (신한 인버스 다우존스지수 선물 ETN(H))
435550,17.7,11.47,435550 (히어로즈 TDF2050액티브)
227830,8.25,16.59,227830 (ARIRANG 코스피)
307510,11.24,29.27,307510 (TIGER 의료기기)
138920,3.76,20.4,138920 (KODEX 콩선물(H))
404650,12.73,23.87,404650 (SOL KRX기후변화솔루션)
760006,-31.23,31.17,760006 (키움 KPOP ETN)
304760,9.69,19.45,304760 (HANARO KRX300)
305050,8.19,17.71,305050 (ACE 코스피)
237440,1.01,14.47,237440 (TIGER 경기방어채권혼합)
322410,11.98,17.97,322410 (HANARO 고배당)
580030,5.04,27.19,580030 (KB KOSDAQ 150 선물 ETN)
432600,3.76,3.69,432600 (KBSTAR 국채선물3년)
275290,6.32,17.61,275290 (KODEX MSCI밸류)
166400,4.89,14.13,166400 (TIGER 200커버드콜5%OTM)
510037,-44.43,105.48,510037 (대신 S&P 2X 천연가스 선물 ETN B)
500007,-7.14,28.25,500007 (신한 인버스 은 선물 ETN(H))
570098,-30.67,16.1,570098 (한투 S&P 레버리지 엔달러 선물 ETN(H))
610062,-18.14,40.67,610062 (메리츠 인버스 3X 국채30년 ETN)
500068,0.15,15.87,500068 (신한 인버스 2X 10년 국채선물 ETN)
580028,1.55,17.37,580028 (KB KOSPI 200 선물 ETN)
270800,7.21,21.9,270800 (KBSTAR KQ고배당)
139290,2.4,21.07,139290 (TIGER 200 경기소비재)
373790,12.74,15.0,373790 (KOSEF 미국방어배당성장나스닥)
289250,7.16,17.94,289250 (TIGER MSCI KOREA ESG유니버설)
371130,13.8,42.09,371130 (ACE 베트남VN30선물블룸버그레버리지(H))
157500,9.47,27.18,157500 (TIGER 증권)
251590,7.78,14.06,251590 (ARIRANG 고배당저변동50)
580033,-3.57,46.02,580033 (KB 인버스 2X 구리 선물 ETN(H))
284980,7.97,23.5,284980 (KBSTAR 200금융)
275300,3.11,17.76,275300 (KODEX MSCI퀄리티)
292770,1.42,2.17,292770 (KODEX 국채선물3년인버스)
304670,3.69,16.71,304670 (KODEX 미국30년국채울트라선물인버스(H))
253280,7.82,27.63,253280 (KBSTAR 헬스케어)
252650,5.28,17.46,252650 (KODEX 200동일가중)
460280,-6.88,29.02,460280 (KOSEF Fn유전자혁신기술)
433880,18.61,13.26,433880 (ARIRANG TDF2060액티브)
429990,22.08,20.74,429990 (SOL 한국형글로벌플랫폼&메타버스액티브)
580029,0.97,17.77,580029 (KB 인버스 KOSPI 200 선물 ETN)
117690,5.07,19.93,117690 (TIGER 차이나항셍25)
481200,-67.97,16.44,481200 (SOL 미국테크TOP10인버스(합성))
473640,83.92,31.08,473640 (HANARO 글로벌금채굴기업)
001755,14.69,46.84,001755 (한양증권우)
451150,25.23,12.99,451150 (에셋플러스 글로벌영에이지액티브)
435540,16.87,10.89,435540 (히어로즈 TDF2040액티브)
500057,1.73,51.97,500057 (신한 인버스 2X Russell 2000 ETN)
440910,18.43,18.92,440910 (WOORI 미국우주항공방산)
090355,38.13,64.79,090355 (노루페인트우)
298340,1.64,2.08,298340 (ARIRANG 국채선물3년)
226380,-1.94,19.91,226380 (ACE Fn성장소비주도주)
580023,-9.62,28.86,580023 (KB 인버스 2X 금 선물 ETN(H))
462340,30.79,11.57,462340 (에셋플러스 글로벌다이나믹시니어액티브)
530062,-26.92,61.74,530062 (삼성 인버스 2X 은 선물 ETN(H))
176950,0.85,5.69,176950 (KODEX 국채선물10년인버스)
433870,15.15,10.92,433870 (ARIRANG TDF2050액티브)
143460,7.78,16.91,143460 (ACE 밸류대형)
225030,-11.13,17.51,225030 (TIGER 미국S&P500선물인버스(H))
205720,-11.92,18.58,205720 (ACE 일본TOPIX인버스(합성 H))
280920,7.08,23.37,280920 (ARIRANG 주도업종)
334690,-5.5,39.29,334690 (KBSTAR 팔라듐선물(H))
580017,-5.52,40.02,580017 (KB 인버스 2X S&P 500 선물 ETN)
215620,5.27,13.74,215620 (HK S&P코리아로우볼)
457990,11.01,31.09,457990 (ARIRANG 태양광&ESS Fn)
530056,-13.71,29.9,530056 (삼성 인버스 2X 금 선물 ETN(H))
014825,22.32,54.22,014825 (동원시스템즈우)
435530,12.92,9.14,435530 (히어로즈 TDF2030액티브)
450120,30.21,21.66,450120 (KOSEF SK그룹대표주)
442560,15.39,10.96,442560 (KBSTAR TDF2040액티브)
140580,3.56,17.09,140580 (KBSTAR 우량업종대표주)
411860,12.2,19.0,411860 (KOSEF 독일DAX)
429980,11.17,18.45,429980 (SOL 한국형글로벌전기차&2차전지액티브)
438210,15.46,22.91,438210 (ARIRANG 글로벌인공지능산업MV)
469530,-7.34,8.97,469530 (KBSTAR 미국달러선물인버스)
36328K,-33.88,61.67,36328K (티와이홀딩스우)
580050,-29.61,23.97,580050 (KB STAR 50 ETN)
461580,32.54,31.69,461580 (TIGER 코스닥글로벌)
570023,-21.83,38.16,570023 (한투 인버스 2X S&P500 선물 ETN(H))
610023,-16.47,18.02,610023 (메리츠 레버리지 미국채10년 ETN(H))
433860,10.81,10.35,433860 (ARIRANG TDF2040액티브)
459370,31.12,37.53,459370 (SOL 유럽탄소배출권선물인버스ICE(H))
442550,12.54,10.22,442550 (KBSTAR TDF2030액티브)
437370,-7.45,15.95,437370 (KBSTAR 글로벌농업경제MV)
466810,-20.82,46.23,466810 (BNK 2차전지양극재)
005745,34.64,59.54,005745 (크라운해태홀딩스우)
291890,0.24,20.71,291890 (KODEX MSCI EM선물(H))
404120,19.78,21.81,404120 (TIMEFOLIO 탄소중립액티브)
700018,-42.04,58.63,700018 (하나 인버스 2X 코스닥150 선물 ETN)
433850,9.21,9.75,433850 (ARIRANG TDF2030액티브)
316300,4.11,15.63,316300 (ACE 싱가포르리츠)
450180,-8.24,21.41,450180 (KODEX 한중전기차(합성))
277640,7.21,18.02,277640 (TIGER 코스피대형주)
000145,7.37,42.44,000145 (하이트진로홀딩스우)
189400,7.64,15.4,189400 (ARIRANG 글로벌MSCI(합성 H))
700025,-51.96,105.37,700025 (하나 블룸버그 2X 천연가스 선물 ETN(H) B)
432850,10.95,18.51,432850 (HANARO 글로벌백신치료제MSCI)
415760,-21.0,25.65,415760 (SOL 차이나육성산업액티브(합성))
473500,-5.39,28.93,473500 (KOSEF 글로벌전력반도체)
105010,2.83,23.52,105010 (TIGER 라틴35)
402460,-7.31,23.89,402460 (HANARO Fn K-메타버스MZ)
253160,-14.48,35.3,253160 (ARIRANG 200선물인버스2X)
407160,0.84,18.17,407160 (KCGI 테크미디어텔레콤액티브)
373530,3.63,18.15,373530 (ARIRANG 신흥국MSCI인버스(합성 H))
580031,-4.44,29.18,580031 (KB 인버스 KOSDAQ150 선물 ETN)
00781K,20.44,55.69,00781K (코리아써키트2우B)
008355,59.23,84.05,008355 (남선알미우)
404470,13.19,25.11,404470 (HANARO KRX기후변화솔루션)
437550,2.24,20.51,437550 (히어로즈 글로벌리츠이지스액티브)
314700,3.95,20.13,314700 (HANARO 농업융복합산업)
610043,-55.74,60.21,610043 (메리츠 천연가스 선물 ETN(H))
580051,-29.72,63.25,580051 (KB 레버리지 밀 선물 ETN)
281990,4.95,18.76,281990 (KBSTAR 중소형고배당)
219900,-8.23,37.17,219900 (ACE 중국본토CSI300레버리지(합성))
007575,18.88,61.54,007575 (일양약품우)
428510,5.54,25.24,428510 (KODEX 차이나메타버스액티브)
371870,-10.7,35.74,371870 (ACE 차이나항셍테크)
394340,5.16,24.12,394340 (KOSEF 글로벌디지털경제)
390950,2.34,0.27,390950 (HANARO 단기채권액티브)
277650,5.4,18.69,277650 (TIGER 코스피중형주)
252000,5.57,17.11,252000 (TIGER 200동일가중)
307520,5.26,20.9,307520 (TIGER 지주회사)
261920,-0.48,18.13,261920 (ACE 필리핀MSCI(합성))
000545,35.36,69.04,000545 (흥국화재우)
014285,43.88,69.86,014285 (금강공업우)
253230,-14.67,34.76,253230 (KOSEF 200선물인버스2X)
005965,16.21,72.56,005965 (동부건설우)
391670,1.84,17.06,391670 (HK 베스트일레븐액티브)
004545,43.19,77.08,004545 (깨끗한나라우)
433250,14.9,16.53,433250 (UNICORN R&D 액티브)
301400,5.17,27.9,301400 (ARIRANG 코스닥150)
580040,-31.22,33.01,580040 (KB 인버스 2X KOSPI 200 선물 ETN)
445950,-0.9,18.08,445950 (KOSEF 차이나A50커넥트인버스MSCI(합성 H))
476000,-41.81,25.04,476000 (UNICORN 포스트IPO액티브)
381570,-2.07,27.11,381570 (HANARO Fn친환경에너지)
391680,-2.49,17.04,391680 (HK 하이볼액티브)
530079,-11.74,40.02,530079 (삼성 항셍테크 ETN(H))
610033,-22.41,23.41,610033 (메리츠 STAR 50 ETN)
321410,-0.37,12.29,321410 (KODEX 멀티에셋하이인컴(H))
427110,-6.97,33.59,427110 (KBSTAR Fn창업투자회사)
500030,-16.97,58.34,500030 (신한 인버스 2X 은 선물 ETN(H))
012205,27.37,57.7,012205 (계양전기우)
315270,4.38,22.31,315270 (TIGER 200커뮤니케이션서비스)
009415,37.01,67.69,009415 (태영건설우)
476260,6.63,33.25,476260 (HANARO 반도체핵심공정주도주)
244660,1.45,18.6,244660 (KODEX 퀄리티Plus)
473380,-27.63,25.15,473380 (HANARO K-메디테크)
238670,1.66,5.56,238670 (ARIRANG 스마트베타Quality채권혼합)
011155,44.62,69.51,011155 (CJ씨푸드1우)
580027,-14.28,58.13,580027 (KB 인버스 2X 은 선물 ETN(H))
429870,-6.43,13.09,429870 (히어로즈 리츠이지스액티브)
454180,-17.19,18.61,454180 (KOSEF 차이나내수소비TOP CSI)
266390,0.55,21.44,266390 (KODEX 경기소비재)
373490,13.0,21.57,373490 (KODEX K-이노베이션액티브)
500051,-19.2,45.33,500051 (신한 인버스 2X S&P500 선물 ETN)
244670,1.59,18.68,244670 (KODEX 밸류Plus)
407170,-6.31,16.57,407170 (KCGI 스마트커머스액티브)
416090,-21.44,24.37,416090 (ACE 중국과창판STAR50)
306520,-6.67,19.52,306520 (HANARO 200선물인버스)
500038,-9.03,33.68,500038 (신한 인버스 2X 금 선물 ETN)
448510,-16.46,19.59,448510 (HANARO 글로벌신재생에너지MSCI(합성))
295000,1.27,6.3,295000 (KBSTAR 국채선물10년)
445930,-5.12,31.81,445930 (KOSEF 차이나A50커넥트레버리지MSCI(합성H))
570088,-67.88,46.13,570088 (한투 S&P500 VIX S/T 선물 ETN(H))
469790,53.22,18.96,469790 (KOSEF K-테크TOP10)
000227,43.95,72.05,000227 (유유제약2우B)
395760,-0.08,17.54,395760 (ARIRANG ESG성장주액티브)
426330,12.64,18.72,426330 (KOSEF 미국ETF산업STOXX)
140570,2.53,20.43,140570 (KBSTAR 수출주)
570042,-14.9,30.09,570042 (한투 인버스 나스닥 100 ETN)
139310,-1.61,21.36,139310 (TIGER 금속선물(H))
014915,47.77,77.66,014915 (성문전자우)
413220,-30.42,31.37,413220 (SOL 차이나태양광CSI(합성))
004415,43.37,70.65,004415 (서울식품우)
436180,5.03,18.14,436180 (ARIRANG K-유니콘투자기업액티브)
256450,-1.75,24.51,256450 (ARIRANG 심천차이넥스트(합성))
520011,-11.47,42.77,520011 (미래에셋 인버스 원유선물혼합 ETN(H))
227550,2.49,21.32,227550 (TIGER 200 산업재)
322130,10.08,18.02,322130 (ACE 스마트로우볼)
279540,5.46,15.86,279540 (KODEX 최소변동성)
322120,9.23,19.15,322120 (ACE 스마트퀄리티)
427120,-15.32,29.46,427120 (KBSTAR Fn플랫폼테마)
001527,21.88,74.39,001527 (동양2우B)
397420,0.28,4.69,397420 (KBSTAR 국채선물5년추종)
243890,6.54,48.3,243890 (TIGER 200에너지화학레버리지)
291620,-3.4,29.18,291620 (KOSEF 코스닥150선물인버스)
407300,-14.81,19.82,407300 (HANARO Fn골프테마)
001525,15.64,69.25,001525 (동양우)
266550,6.63,18.33,266550 (ARIRANG 중형주저변동50)
472490,16.95,19.88,472490 (HANARO 미국애그테크)
147970,7.12,17.29,147970 (TIGER 모멘텀)
098560,2.36,16.65,098560 (TIGER 방송통신)
456100,0.87,17.93,456100 (HANARO 유로존국채25년플러스(합성 H))
220130,-7.55,25.21,220130 (SOL 차이나강소기업CSI500(합성 H))
002995,16.57,79.31,002995 (금호건설우)
306530,12.43,58.11,306530 (HANARO 코스닥150선물레버리지)
334700,-3.04,40.06,334700 (KBSTAR 팔라듐선물인버스(H))
301410,-6.83,28.97,301410 (ARIRANG 코스닥150선물인버스)
322150,10.79,20.62,322150 (ACE 스마트하이베타)
291630,7.98,58.04,291630 (KOSEF 코스닥150선물레버리지)
280940,-6.28,14.35,280940 (KODEX 골드선물인버스(H))
550045,-19.25,42.03,550045 (N2 인버스 레버리지 S&P500 ETN)
510025,-64.1,54.7,510025 (대신 S&P500 VIX S/T 선물 ETN)
415920,-26.24,29.62,415920 (ARIRANG 글로벌희토류전략자원기업MV)
253240,-7.27,18.3,253240 (KOSEF 200선물인버스)
145670,-4.29,16.72,145670 (ACE 인버스)
291680,6.28,27.64,291680 (KBSTAR 차이나H선물인버스(H))
465620,-46.16,20.05,465620 (ACE 미국빅테크TOP7 Plus인버스(합성))
275750,-10.51,29.08,275750 (KBSTAR 코스닥150선물인버스)
267450,1.96,12.01,267450 (KBSTAR 미국장기국채선물인버스(H))
500005,-9.8,39.45,500005 (신한 인버스 브렌트원유 선물 ETN(H))
412560,-39.91,46.89,412560 (TIGER BBIG레버리지)
272220,7.12,18.11,272220 (ACE 스마트모멘텀)
333980,11.74,19.06,333980 (ARIRANG KS퀄리티가중TR)
272230,8.35,17.79,272230 (ACE 스마트밸류)
391590,-19.42,22.64,391590 (ACE 미국스팩&IPO INDXX)
402520,2.35,22.71,402520 (FOCUS 혁신기업액티브)
