Cluster,Symbol,Name,MA_Short_Window,MA_Long_Window,RSI_Window,RSI_Buy_Threshold,RSI_Sell_Threshold,Stop_Loss_Percent,Take_Profit_Percent,Average_Return,Symbol_sim_return,Return,Std Dev
93,610038,메리츠 레버리지 미국채30년 ETN(H),5,60,14,24,54,1.0,10.0,-6.16,2.81,-19.03,34.41
93,610038,메리츠 레버리지 미국채30년 ETN(H),5,60,14,24,69,1.0,10.0,-6.16,2.81,-19.03,34.41
93,500028,신한 인버스 2X 다우존스지수 선물 ETN(H),5,60,14,24,69,1.0,10.0,-6.16,-22.55,-17.76,36.93
93,530064,삼성 인버스 2X 구리 선물 ETN(H),5,60,14,24,69,1.0,10.0,-6.16,0.0,-17.95,44.22
93,610062,메리츠 인버스 3X 국채30년 ETN,5,60,14,24,69,1.0,10.0,-6.16,0.0,-19.99,40.52
93,466810,BNK 2차전지양극재,5,60,14,24,69,1.0,10.0,-6.16,0.0,-20.1,45.74
93,570023,한투 인버스 2X S&P500 선물 ETN(H),5,60,14,24,69,1.0,10.0,-6.16,-16.25,-21.96,38.11
93,500051,신한 인버스 2X S&P500 선물 ETN,5,60,14,24,69,1.0,10.0,-6.16,-12.14,-19.36,45.25
93,550045,N2 인버스 레버리지 S&P500 ETN,5,60,14,24,69,1.0,10.0,-6.16,-13.46,-19.14,41.97
93,610038,메리츠 레버리지 미국채30년 ETN(H),5,60,14,24,74,1.0,10.0,-6.16,2.81,-19.03,34.41
93,469170,ACE 포스코그룹포커스,5,60,14,24,74,1.0,10.0,-6.16,0.0,-22.34,46.12
93,010400,우진아이엔에스,5,60,14,24,74,1.0,10.0,-6.16,0.0,-18.51,39.95
93,500028,신한 인버스 2X 다우존스지수 선물 ETN(H),5,60,14,24,74,1.0,10.0,-6.16,-22.55,-17.76,36.93
93,530064,삼성 인버스 2X 구리 선물 ETN(H),5,60,14,24,74,1.0,10.0,-6.16,0.0,-17.95,44.22
93,610062,메리츠 인버스 3X 국채30년 ETN,5,60,14,24,74,1.0,10.0,-6.16,0.0,-19.99,40.52
93,466810,BNK 2차전지양극재,5,60,14,24,74,1.0,10.0,-6.16,0.0,-20.1,45.74
93,570023,한투 인버스 2X S&P500 선물 ETN(H),5,60,14,24,74,1.0,10.0,-6.16,-16.25,-21.96,38.11
93,500051,신한 인버스 2X S&P500 선물 ETN,5,60,14,24,74,1.0,10.0,-6.16,-12.14,-19.36,45.25
93,550045,N2 인버스 레버리지 S&P500 ETN,5,60,14,24,74,1.0,10.0,-6.16,-13.46,-19.14,41.97
93,610038,메리츠 레버리지 미국채30년 ETN(H),5,60,14,24,79,1.0,10.0,-6.16,2.81,-19.03,34.41
93,469170,ACE 포스코그룹포커스,5,60,14,24,79,1.0,10.0,-6.16,0.0,-22.34,46.12
93,010400,우진아이엔에스,5,60,14,24,79,1.0,10.0,-6.16,0.0,-18.51,39.95
93,500028,신한 인버스 2X 다우존스지수 선물 ETN(H),5,60,14,24,79,1.0,10.0,-6.16,-22.55,-17.76,36.93
93,530064,삼성 인버스 2X 구리 선물 ETN(H),5,60,14,24,79,1.0,10.0,-6.16,0.0,-17.95,44.22
93,610062,메리츠 인버스 3X 국채30년 ETN,5,60,14,24,79,1.0,10.0,-6.16,0.0,-19.99,40.52
93,466810,BNK 2차전지양극재,5,60,14,24,79,1.0,10.0,-6.16,0.0,-20.1,45.74
93,570023,한투 인버스 2X S&P500 선물 ETN(H),5,60,14,24,79,1.0,10.0,-6.16,-16.25,-21.96,38.11
93,500051,신한 인버스 2X S&P500 선물 ETN,5,60,14,24,79,1.0,10.0,-6.16,-12.14,-19.36,45.25
93,550045,N2 인버스 레버리지 S&P500 ETN,5,60,14,24,79,1.0,10.0,-6.16,-13.46,-19.14,41.97
93,469170,ACE 포스코그룹포커스,5,60,14,24,69,1.0,10.0,-6.16,0.0,-22.34,46.12
93,010400,우진아이엔에스,5,60,14,24,69,1.0,10.0,-6.16,0.0,-18.51,39.95
93,550045,N2 인버스 레버리지 S&P500 ETN,5,60,14,24,64,1.0,10.0,-6.16,-13.46,-19.14,41.97
93,610062,메리츠 인버스 3X 국채30년 ETN,5,60,14,24,59,1.0,10.0,-6.16,0.0,-19.99,40.52
93,010400,우진아이엔에스,5,60,14,24,54,1.0,10.0,-6.16,0.0,-18.51,39.95
93,500028,신한 인버스 2X 다우존스지수 선물 ETN(H),5,60,14,24,54,1.0,10.0,-6.16,-22.55,-17.76,36.93
93,530064,삼성 인버스 2X 구리 선물 ETN(H),5,60,14,24,54,1.0,10.0,-6.16,0.0,-17.95,44.22
93,610062,메리츠 인버스 3X 국채30년 ETN,5,60,14,24,54,1.0,10.0,-6.16,0.0,-19.99,40.52
93,466810,BNK 2차전지양극재,5,60,14,24,54,1.0,10.0,-6.16,0.0,-20.1,45.74
93,570023,한투 인버스 2X S&P500 선물 ETN(H),5,60,14,24,54,1.0,10.0,-6.16,-16.25,-21.96,38.11
93,500051,신한 인버스 2X S&P500 선물 ETN,5,60,14,24,54,1.0,10.0,-6.16,-12.14,-19.36,45.25
93,550045,N2 인버스 레버리지 S&P500 ETN,5,60,14,24,54,1.0,10.0,-6.16,-13.46,-19.14,41.97
93,610038,메리츠 레버리지 미국채30년 ETN(H),5,60,14,24,59,1.0,10.0,-6.16,2.81,-19.03,34.41
93,469170,ACE 포스코그룹포커스,5,60,14,24,59,1.0,10.0,-6.16,0.0,-22.34,46.12
93,010400,우진아이엔에스,5,60,14,24,59,1.0,10.0,-6.16,0.0,-18.51,39.95
93,530064,삼성 인버스 2X 구리 선물 ETN(H),5,60,14,24,59,1.0,10.0,-6.16,0.0,-17.95,44.22
93,500028,신한 인버스 2X 다우존스지수 선물 ETN(H),5,60,14,24,59,1.0,10.0,-6.16,-22.55,-17.76,36.93
93,466810,BNK 2차전지양극재,5,60,14,24,59,1.0,10.0,-6.16,0.0,-20.1,45.74
93,500028,신한 인버스 2X 다우존스지수 선물 ETN(H),5,60,14,24,64,1.0,10.0,-6.16,-22.55,-17.76,36.93
93,500051,신한 인버스 2X S&P500 선물 ETN,5,60,14,24,64,1.0,10.0,-6.16,-12.14,-19.36,45.25
93,570023,한투 인버스 2X S&P500 선물 ETN(H),5,60,14,24,64,1.0,10.0,-6.16,-16.25,-21.96,38.11
93,466810,BNK 2차전지양극재,5,60,14,24,64,1.0,10.0,-6.16,0.0,-20.1,45.74
93,610062,메리츠 인버스 3X 국채30년 ETN,5,60,14,24,64,1.0,10.0,-6.16,0.0,-19.99,40.52
93,570023,한투 인버스 2X S&P500 선물 ETN(H),5,60,14,24,59,1.0,10.0,-6.16,-16.25,-21.96,38.11
93,530064,삼성 인버스 2X 구리 선물 ETN(H),5,60,14,24,64,1.0,10.0,-6.16,0.0,-17.95,44.22
93,010400,우진아이엔에스,5,60,14,24,64,1.0,10.0,-6.16,0.0,-18.51,39.95
93,469170,ACE 포스코그룹포커스,5,60,14,24,64,1.0,10.0,-6.16,0.0,-22.34,46.12
93,610038,메리츠 레버리지 미국채30년 ETN(H),5,60,14,24,64,1.0,10.0,-6.16,2.81,-19.03,34.41
93,550045,N2 인버스 레버리지 S&P500 ETN,5,60,14,24,59,1.0,10.0,-6.16,-13.46,-19.14,41.97
93,500051,신한 인버스 2X S&P500 선물 ETN,5,60,14,24,59,1.0,10.0,-6.16,-12.14,-19.36,45.25
93,469170,ACE 포스코그룹포커스,5,60,14,24,54,1.0,10.0,-6.16,0.0,-22.34,46.12
93,530064,삼성 인버스 2X 구리 선물 ETN(H),5,120,14,29,54,1.0,10.0,-6.17,0.0,-17.95,44.22
93,610038,메리츠 레버리지 미국채30년 ETN(H),5,120,14,29,54,1.0,10.0,-6.17,0.0,-19.03,34.41
93,469170,ACE 포스코그룹포커스,5,120,14,29,54,1.0,10.0,-6.17,0.0,-22.34,46.12
93,010400,우진아이엔에스,5,120,14,29,54,1.0,10.0,-6.17,9.2,-18.51,39.95
93,500028,신한 인버스 2X 다우존스지수 선물 ETN(H),5,120,14,29,54,1.0,10.0,-6.17,-23.12,-17.76,36.93
93,610062,메리츠 인버스 3X 국채30년 ETN,5,120,14,29,54,1.0,10.0,-6.17,0.0,-19.99,40.52
93,466810,BNK 2차전지양극재,5,120,14,29,54,1.0,10.0,-6.17,0.0,-20.1,45.74
93,500051,신한 인버스 2X S&P500 선물 ETN,5,120,14,29,54,1.0,10.0,-6.17,-14.21,-19.36,45.25
93,550045,N2 인버스 레버리지 S&P500 ETN,5,120,14,29,54,1.0,10.0,-6.17,-14.52,-19.14,41.97
93,570023,한투 인버스 2X S&P500 선물 ETN(H),5,120,14,29,54,1.0,10.0,-6.17,-19.0,-21.96,38.11
93,500028,신한 인버스 2X 다우존스지수 선물 ETN(H),5,120,14,24,64,1.0,10.0,-6.99,-23.12,-17.76,36.93
93,500051,신한 인버스 2X S&P500 선물 ETN,5,120,14,24,59,1.0,10.0,-6.99,-14.21,-19.36,45.25
93,550045,N2 인버스 레버리지 S&P500 ETN,5,120,14,24,59,1.0,10.0,-6.99,-13.58,-19.14,41.97
93,610038,메리츠 레버리지 미국채30년 ETN(H),5,120,14,24,64,1.0,10.0,-6.99,0.0,-19.03,34.41
93,469170,ACE 포스코그룹포커스,5,120,14,24,64,1.0,10.0,-6.99,0.0,-22.34,46.12
93,010400,우진아이엔에스,5,120,14,24,64,1.0,10.0,-6.99,0.0,-18.51,39.95
93,610062,메리츠 인버스 3X 국채30년 ETN,5,120,14,24,64,1.0,10.0,-6.99,0.0,-19.99,40.52
93,530064,삼성 인버스 2X 구리 선물 ETN(H),5,120,14,24,64,1.0,10.0,-6.99,0.0,-17.95,44.22
93,466810,BNK 2차전지양극재,5,120,14,24,59,1.0,10.0,-6.99,0.0,-20.1,45.74
93,466810,BNK 2차전지양극재,5,120,14,24,64,1.0,10.0,-6.99,0.0,-20.1,45.74
93,570023,한투 인버스 2X S&P500 선물 ETN(H),5,120,14,24,64,1.0,10.0,-6.99,-19.0,-21.96,38.11
93,500051,신한 인버스 2X S&P500 선물 ETN,5,120,14,24,64,1.0,10.0,-6.99,-14.21,-19.36,45.25
93,570023,한투 인버스 2X S&P500 선물 ETN(H),5,120,14,24,59,1.0,10.0,-6.99,-19.0,-21.96,38.11
93,530064,삼성 인버스 2X 구리 선물 ETN(H),5,120,14,24,59,1.0,10.0,-6.99,0.0,-17.95,44.22
93,610062,메리츠 인버스 3X 국채30년 ETN,5,120,14,24,59,1.0,10.0,-6.99,0.0,-19.99,40.52
93,610038,메리츠 레버리지 미국채30년 ETN(H),5,120,14,24,69,1.0,10.0,-6.99,0.0,-19.03,34.41
93,500028,신한 인버스 2X 다우존스지수 선물 ETN(H),5,120,14,24,59,1.0,10.0,-6.99,-23.12,-17.76,36.93
93,010400,우진아이엔에스,5,120,14,24,59,1.0,10.0,-6.99,0.0,-18.51,39.95
93,469170,ACE 포스코그룹포커스,5,120,14,24,59,1.0,10.0,-6.99,0.0,-22.34,46.12
93,610038,메리츠 레버리지 미국채30년 ETN(H),5,120,14,24,59,1.0,10.0,-6.99,0.0,-19.03,34.41
93,550045,N2 인버스 레버리지 S&P500 ETN,5,120,14,24,54,1.0,10.0,-6.99,-13.58,-19.14,41.97
93,500051,신한 인버스 2X S&P500 선물 ETN,5,120,14,24,54,1.0,10.0,-6.99,-14.21,-19.36,45.25
93,570023,한투 인버스 2X S&P500 선물 ETN(H),5,120,14,24,54,1.0,10.0,-6.99,-19.0,-21.96,38.11
93,466810,BNK 2차전지양극재,5,120,14,24,54,1.0,10.0,-6.99,0.0,-20.1,45.74
93,610062,메리츠 인버스 3X 국채30년 ETN,5,120,14,24,54,1.0,10.0,-6.99,0.0,-19.99,40.52
93,530064,삼성 인버스 2X 구리 선물 ETN(H),5,120,14,24,54,1.0,10.0,-6.99,0.0,-17.95,44.22
93,500028,신한 인버스 2X 다우존스지수 선물 ETN(H),5,120,14,24,54,1.0,10.0,-6.99,-23.12,-17.76,36.93
93,010400,우진아이엔에스,5,120,14,24,54,1.0,10.0,-6.99,0.0,-18.51,39.95
93,550045,N2 인버스 레버리지 S&P500 ETN,5,120,14,24,64,1.0,10.0,-6.99,-13.58,-19.14,41.97
93,010400,우진아이엔에스,5,120,14,24,69,1.0,10.0,-6.99,0.0,-18.51,39.95
93,469170,ACE 포스코그룹포커스,5,120,14,24,69,1.0,10.0,-6.99,0.0,-22.34,46.12
93,570023,한투 인버스 2X S&P500 선물 ETN(H),5,120,14,24,74,1.0,10.0,-6.99,-19.0,-21.96,38.11
93,550045,N2 인버스 레버리지 S&P500 ETN,5,120,14,24,79,1.0,10.0,-6.99,-13.58,-19.14,41.97
93,500051,신한 인버스 2X S&P500 선물 ETN,5,120,14,24,79,1.0,10.0,-6.99,-14.21,-19.36,45.25
93,570023,한투 인버스 2X S&P500 선물 ETN(H),5,120,14,24,79,1.0,10.0,-6.99,-19.0,-21.96,38.11
93,466810,BNK 2차전지양극재,5,120,14,24,79,1.0,10.0,-6.99,0.0,-20.1,45.74
93,610062,메리츠 인버스 3X 국채30년 ETN,5,120,14,24,79,1.0,10.0,-6.99,0.0,-19.99,40.52
93,530064,삼성 인버스 2X 구리 선물 ETN(H),5,120,14,24,79,1.0,10.0,-6.99,0.0,-17.95,44.22
93,500028,신한 인버스 2X 다우존스지수 선물 ETN(H),5,120,14,24,79,1.0,10.0,-6.99,-23.12,-17.76,36.93
93,010400,우진아이엔에스,5,120,14,24,79,1.0,10.0,-6.99,0.0,-18.51,39.95
93,469170,ACE 포스코그룹포커스,5,120,14,24,79,1.0,10.0,-6.99,0.0,-22.34,46.12
93,610038,메리츠 레버리지 미국채30년 ETN(H),5,120,14,24,79,1.0,10.0,-6.99,0.0,-19.03,34.41
93,550045,N2 인버스 레버리지 S&P500 ETN,5,120,14,24,74,1.0,10.0,-6.99,-13.58,-19.14,41.97
93,500051,신한 인버스 2X S&P500 선물 ETN,5,120,14,24,74,1.0,10.0,-6.99,-14.21,-19.36,45.25
93,466810,BNK 2차전지양극재,5,120,14,24,74,1.0,10.0,-6.99,0.0,-20.1,45.74
93,500028,신한 인버스 2X 다우존스지수 선물 ETN(H),5,120,14,24,69,1.0,10.0,-6.99,-23.12,-17.76,36.93
93,610062,메리츠 인버스 3X 국채30년 ETN,5,120,14,24,74,1.0,10.0,-6.99,0.0,-19.99,40.52
93,530064,삼성 인버스 2X 구리 선물 ETN(H),5,120,14,24,74,1.0,10.0,-6.99,0.0,-17.95,44.22
93,500028,신한 인버스 2X 다우존스지수 선물 ETN(H),5,120,14,24,74,1.0,10.0,-6.99,-23.12,-17.76,36.93
93,010400,우진아이엔에스,5,120,14,24,74,1.0,10.0,-6.99,0.0,-18.51,39.95
93,469170,ACE 포스코그룹포커스,5,120,14,24,74,1.0,10.0,-6.99,0.0,-22.34,46.12
93,610038,메리츠 레버리지 미국채30년 ETN(H),5,120,14,24,74,1.0,10.0,-6.99,0.0,-19.03,34.41
93,550045,N2 인버스 레버리지 S&P500 ETN,5,120,14,24,69,1.0,10.0,-6.99,-13.58,-19.14,41.97
93,500051,신한 인버스 2X S&P500 선물 ETN,5,120,14,24,69,1.0,10.0,-6.99,-14.21,-19.36,45.25
93,570023,한투 인버스 2X S&P500 선물 ETN(H),5,120,14,24,69,1.0,10.0,-6.99,-19.0,-21.96,38.11
93,466810,BNK 2차전지양극재,5,120,14,24,69,1.0,10.0,-6.99,0.0,-20.1,45.74
93,610062,메리츠 인버스 3X 국채30년 ETN,5,120,14,24,69,1.0,10.0,-6.99,0.0,-19.99,40.52
93,530064,삼성 인버스 2X 구리 선물 ETN(H),5,120,14,24,69,1.0,10.0,-6.99,0.0,-17.95,44.22
93,469170,ACE 포스코그룹포커스,5,120,14,24,54,1.0,10.0,-6.99,0.0,-22.34,46.12
93,610038,메리츠 레버리지 미국채30년 ETN(H),5,120,14,24,54,1.0,10.0,-6.99,0.0,-19.03,34.41
93,530064,삼성 인버스 2X 구리 선물 ETN(H),5,60,14,29,54,1.0,10.0,-8.54,-16.1,-17.95,44.22
93,610062,메리츠 인버스 3X 국채30년 ETN,5,60,14,29,54,1.0,10.0,-8.54,0.0,-19.99,40.52
93,469170,ACE 포스코그룹포커스,5,60,14,29,54,1.0,10.0,-8.54,0.0,-22.34,46.12
93,010400,우진아이엔에스,5,60,14,29,54,1.0,10.0,-8.54,8.13,-18.51,39.95
93,500028,신한 인버스 2X 다우존스지수 선물 ETN(H),5,60,14,29,54,1.0,10.0,-8.54,-22.55,-17.76,36.93
93,610038,메리츠 레버리지 미국채30년 ETN(H),5,60,14,29,54,1.0,10.0,-8.54,2.81,-19.03,34.41
93,466810,BNK 2차전지양극재,5,60,14,29,54,1.0,10.0,-8.54,0.0,-20.1,45.74
93,570023,한투 인버스 2X S&P500 선물 ETN(H),5,60,14,29,54,1.0,10.0,-8.54,-27.54,-21.96,38.11
93,500051,신한 인버스 2X S&P500 선물 ETN,5,60,14,29,54,1.0,10.0,-8.54,-12.14,-19.36,45.25
93,550045,N2 인버스 레버리지 S&P500 ETN,5,60,14,29,54,1.0,10.0,-8.54,-18.01,-19.14,41.97
93,466810,BNK 2차전지양극재,5,120,14,29,74,1.0,10.0,-8.66,0.0,-20.1,45.74
93,466810,BNK 2차전지양극재,5,120,14,29,69,1.0,10.0,-8.66,0.0,-20.1,45.74
93,570023,한투 인버스 2X S&P500 선물 ETN(H),5,120,14,29,69,1.0,10.0,-8.66,-19.0,-21.96,38.11
93,500051,신한 인버스 2X S&P500 선물 ETN,5,120,14,29,69,1.0,10.0,-8.66,-14.21,-19.36,45.25
93,550045,N2 인버스 레버리지 S&P500 ETN,5,120,14,29,69,1.0,10.0,-8.66,-14.52,-19.14,41.97
93,610038,메리츠 레버리지 미국채30년 ETN(H),5,120,14,29,74,1.0,10.0,-8.66,0.0,-19.03,34.41
93,469170,ACE 포스코그룹포커스,5,120,14,29,74,1.0,10.0,-8.66,0.0,-22.34,46.12
93,010400,우진아이엔에스,5,120,14,29,74,1.0,10.0,-8.66,-15.79,-18.51,39.95
93,500028,신한 인버스 2X 다우존스지수 선물 ETN(H),5,120,14,29,74,1.0,10.0,-8.66,-23.12,-17.76,36.93
93,530064,삼성 인버스 2X 구리 선물 ETN(H),5,120,14,29,74,1.0,10.0,-8.66,0.0,-17.95,44.22
93,610062,메리츠 인버스 3X 국채30년 ETN,5,120,14,29,74,1.0,10.0,-8.66,0.0,-19.99,40.52
93,469170,ACE 포스코그룹포커스,5,120,14,29,79,1.0,10.0,-8.66,0.0,-22.34,46.12
93,570023,한투 인버스 2X S&P500 선물 ETN(H),5,120,14,29,74,1.0,10.0,-8.66,-19.0,-21.96,38.11
93,500051,신한 인버스 2X S&P500 선물 ETN,5,120,14,29,74,1.0,10.0,-8.66,-14.21,-19.36,45.25
93,550045,N2 인버스 레버리지 S&P500 ETN,5,120,14,29,74,1.0,10.0,-8.66,-14.52,-19.14,41.97
93,610038,메리츠 레버리지 미국채30년 ETN(H),5,120,14,29,79,1.0,10.0,-8.66,0.0,-19.03,34.41
93,530064,삼성 인버스 2X 구리 선물 ETN(H),5,120,14,29,69,1.0,10.0,-8.66,0.0,-17.95,44.22
93,010400,우진아이엔에스,5,120,14,29,79,1.0,10.0,-8.66,-15.79,-18.51,39.95
93,500028,신한 인버스 2X 다우존스지수 선물 ETN(H),5,120,14,29,79,1.0,10.0,-8.66,-23.12,-17.76,36.93
93,530064,삼성 인버스 2X 구리 선물 ETN(H),5,120,14,29,79,1.0,10.0,-8.66,0.0,-17.95,44.22
93,610062,메리츠 인버스 3X 국채30년 ETN,5,120,14,29,79,1.0,10.0,-8.66,0.0,-19.99,40.52
93,466810,BNK 2차전지양극재,5,120,14,29,79,1.0,10.0,-8.66,0.0,-20.1,45.74
93,570023,한투 인버스 2X S&P500 선물 ETN(H),5,120,14,29,79,1.0,10.0,-8.66,-19.0,-21.96,38.11
93,610062,메리츠 인버스 3X 국채30년 ETN,5,120,14,29,69,1.0,10.0,-8.66,0.0,-19.99,40.52
93,500051,신한 인버스 2X S&P500 선물 ETN,5,120,14,29,64,1.0,10.0,-8.66,-14.21,-19.36,45.25
93,500028,신한 인버스 2X 다우존스지수 선물 ETN(H),5,120,14,29,69,1.0,10.0,-8.66,-23.12,-17.76,36.93
93,010400,우진아이엔에스,5,120,14,29,69,1.0,10.0,-8.66,-15.79,-18.51,39.95
93,610038,메리츠 레버리지 미국채30년 ETN(H),5,120,14,29,59,1.0,10.0,-8.66,0.0,-19.03,34.41
93,469170,ACE 포스코그룹포커스,5,120,14,29,59,1.0,10.0,-8.66,0.0,-22.34,46.12
93,010400,우진아이엔에스,5,120,14,29,59,1.0,10.0,-8.66,-15.79,-18.51,39.95
93,500028,신한 인버스 2X 다우존스지수 선물 ETN(H),5,120,14,29,59,1.0,10.0,-8.66,-23.12,-17.76,36.93
93,530064,삼성 인버스 2X 구리 선물 ETN(H),5,120,14,29,59,1.0,10.0,-8.66,0.0,-17.95,44.22
93,610062,메리츠 인버스 3X 국채30년 ETN,5,120,14,29,59,1.0,10.0,-8.66,0.0,-19.99,40.52
93,466810,BNK 2차전지양극재,5,120,14,29,59,1.0,10.0,-8.66,0.0,-20.1,45.74
93,570023,한투 인버스 2X S&P500 선물 ETN(H),5,120,14,29,59,1.0,10.0,-8.66,-19.0,-21.96,38.11
93,500051,신한 인버스 2X S&P500 선물 ETN,5,120,14,29,59,1.0,10.0,-8.66,-14.21,-19.36,45.25
93,550045,N2 인버스 레버리지 S&P500 ETN,5,120,14,29,59,1.0,10.0,-8.66,-14.52,-19.14,41.97
93,610038,메리츠 레버리지 미국채30년 ETN(H),5,120,14,29,64,1.0,10.0,-8.66,0.0,-19.03,34.41
93,469170,ACE 포스코그룹포커스,5,120,14,29,64,1.0,10.0,-8.66,0.0,-22.34,46.12
93,010400,우진아이엔에스,5,120,14,29,64,1.0,10.0,-8.66,-15.79,-18.51,39.95
93,500028,신한 인버스 2X 다우존스지수 선물 ETN(H),5,120,14,29,64,1.0,10.0,-8.66,-23.12,-17.76,36.93
93,530064,삼성 인버스 2X 구리 선물 ETN(H),5,120,14,29,64,1.0,10.0,-8.66,0.0,-17.95,44.22
93,610062,메리츠 인버스 3X 국채30년 ETN,5,120,14,29,64,1.0,10.0,-8.66,0.0,-19.99,40.52
93,466810,BNK 2차전지양극재,5,120,14,29,64,1.0,10.0,-8.66,0.0,-20.1,45.74
93,570023,한투 인버스 2X S&P500 선물 ETN(H),5,120,14,29,64,1.0,10.0,-8.66,-19.0,-21.96,38.11
93,550045,N2 인버스 레버리지 S&P500 ETN,5,120,14,29,79,1.0,10.0,-8.66,-14.52,-19.14,41.97
93,550045,N2 인버스 레버리지 S&P500 ETN,5,120,14,29,64,1.0,10.0,-8.66,-14.52,-19.14,41.97
93,610038,메리츠 레버리지 미국채30년 ETN(H),5,120,14,29,69,1.0,10.0,-8.66,0.0,-19.03,34.41
93,500051,신한 인버스 2X S&P500 선물 ETN,5,120,14,29,79,1.0,10.0,-8.66,-14.21,-19.36,45.25
93,469170,ACE 포스코그룹포커스,5,120,14,29,69,1.0,10.0,-8.66,0.0,-22.34,46.12
93,570023,한투 인버스 2X S&P500 선물 ETN(H),5,60,14,29,74,1.0,10.0,-10.89,-27.54,-21.96,38.11
93,550045,N2 인버스 레버리지 S&P500 ETN,5,60,14,29,59,1.0,10.0,-10.89,-18.01,-19.14,41.97
93,500051,신한 인버스 2X S&P500 선물 ETN,5,60,14,29,64,1.0,10.0,-10.89,-12.14,-19.36,45.25
93,570023,한투 인버스 2X S&P500 선물 ETN(H),5,60,14,29,64,1.0,10.0,-10.89,-27.54,-21.96,38.11
93,469170,ACE 포스코그룹포커스,5,60,14,29,79,1.0,10.0,-10.89,0.0,-22.34,46.12
93,466810,BNK 2차전지양극재,5,60,14,29,64,1.0,10.0,-10.89,0.0,-20.1,45.74
93,610062,메리츠 인버스 3X 국채30년 ETN,5,60,14,29,64,1.0,10.0,-10.89,0.0,-19.99,40.52
93,530064,삼성 인버스 2X 구리 선물 ETN(H),5,60,14,29,64,1.0,10.0,-10.89,-16.1,-17.95,44.22
93,500028,신한 인버스 2X 다우존스지수 선물 ETN(H),5,60,14,29,64,1.0,10.0,-10.89,-22.55,-17.76,36.93
93,010400,우진아이엔에스,5,60,14,29,64,1.0,10.0,-10.89,-15.4,-18.51,39.95
93,469170,ACE 포스코그룹포커스,5,60,14,29,64,1.0,10.0,-10.89,0.0,-22.34,46.12
93,610038,메리츠 레버리지 미국채30년 ETN(H),5,60,14,29,64,1.0,10.0,-10.89,2.81,-19.03,34.41
93,500051,신한 인버스 2X S&P500 선물 ETN,5,60,14,29,59,1.0,10.0,-10.89,-12.14,-19.36,45.25
93,469170,ACE 포스코그룹포커스,5,60,14,29,69,1.0,10.0,-10.89,0.0,-22.34,46.12
93,570023,한투 인버스 2X S&P500 선물 ETN(H),5,60,14,29,59,1.0,10.0,-10.89,-27.54,-21.96,38.11
93,466810,BNK 2차전지양극재,5,60,14,29,59,1.0,10.0,-10.89,0.0,-20.1,45.74
93,610062,메리츠 인버스 3X 국채30년 ETN,5,60,14,29,59,1.0,10.0,-10.89,0.0,-19.99,40.52
93,530064,삼성 인버스 2X 구리 선물 ETN(H),5,60,14,29,59,1.0,10.0,-10.89,-16.1,-17.95,44.22
93,500028,신한 인버스 2X 다우존스지수 선물 ETN(H),5,60,14,29,59,1.0,10.0,-10.89,-22.55,-17.76,36.93
93,010400,우진아이엔에스,5,60,14,29,59,1.0,10.0,-10.89,-15.4,-18.51,39.95
93,469170,ACE 포스코그룹포커스,5,60,14,29,59,1.0,10.0,-10.89,0.0,-22.34,46.12
93,610038,메리츠 레버리지 미국채30년 ETN(H),5,60,14,29,59,1.0,10.0,-10.89,2.81,-19.03,34.41
93,550045,N2 인버스 레버리지 S&P500 ETN,5,60,14,29,74,1.0,10.0,-10.89,-18.01,-19.14,41.97
93,500051,신한 인버스 2X S&P500 선물 ETN,5,60,14,29,74,1.0,10.0,-10.89,-12.14,-19.36,45.25
93,610038,메리츠 레버리지 미국채30년 ETN(H),5,60,14,29,69,1.0,10.0,-10.89,2.81,-19.03,34.41
93,550045,N2 인버스 레버리지 S&P500 ETN,5,60,14,29,64,1.0,10.0,-10.89,-18.01,-19.14,41.97
93,010400,우진아이엔에스,5,60,14,29,69,1.0,10.0,-10.89,-15.4,-18.51,39.95
93,500028,신한 인버스 2X 다우존스지수 선물 ETN(H),5,60,14,29,74,1.0,10.0,-10.89,-22.55,-17.76,36.93
93,550045,N2 인버스 레버리지 S&P500 ETN,5,60,14,29,79,1.0,10.0,-10.89,-18.01,-19.14,41.97
93,500051,신한 인버스 2X S&P500 선물 ETN,5,60,14,29,79,1.0,10.0,-10.89,-12.14,-19.36,45.25
93,570023,한투 인버스 2X S&P500 선물 ETN(H),5,60,14,29,79,1.0,10.0,-10.89,-27.54,-21.96,38.11
93,466810,BNK 2차전지양극재,5,60,14,29,79,1.0,10.0,-10.89,0.0,-20.1,45.74
93,610062,메리츠 인버스 3X 국채30년 ETN,5,60,14,29,79,1.0,10.0,-10.89,0.0,-19.99,40.52
93,530064,삼성 인버스 2X 구리 선물 ETN(H),5,60,14,29,79,1.0,10.0,-10.89,-16.1,-17.95,44.22
93,500028,신한 인버스 2X 다우존스지수 선물 ETN(H),5,60,14,29,79,1.0,10.0,-10.89,-22.55,-17.76,36.93
93,010400,우진아이엔에스,5,60,14,29,79,1.0,10.0,-10.89,-15.4,-18.51,39.95
93,466810,BNK 2차전지양극재,5,60,14,29,74,1.0,10.0,-10.89,0.0,-20.1,45.74
93,530064,삼성 인버스 2X 구리 선물 ETN(H),5,60,14,29,74,1.0,10.0,-10.89,-16.1,-17.95,44.22
93,610062,메리츠 인버스 3X 국채30년 ETN,5,60,14,29,74,1.0,10.0,-10.89,0.0,-19.99,40.52
93,010400,우진아이엔에스,5,60,14,29,74,1.0,10.0,-10.89,-15.4,-18.51,39.95
93,469170,ACE 포스코그룹포커스,5,60,14,29,74,1.0,10.0,-10.89,0.0,-22.34,46.12
93,610038,메리츠 레버리지 미국채30년 ETN(H),5,60,14,29,74,1.0,10.0,-10.89,2.81,-19.03,34.41
93,550045,N2 인버스 레버리지 S&P500 ETN,5,60,14,29,69,1.0,10.0,-10.89,-18.01,-19.14,41.97
93,500051,신한 인버스 2X S&P500 선물 ETN,5,60,14,29,69,1.0,10.0,-10.89,-12.14,-19.36,45.25
93,570023,한투 인버스 2X S&P500 선물 ETN(H),5,60,14,29,69,1.0,10.0,-10.89,-27.54,-21.96,38.11
93,466810,BNK 2차전지양극재,5,60,14,29,69,1.0,10.0,-10.89,0.0,-20.1,45.74
93,610062,메리츠 인버스 3X 국채30년 ETN,5,60,14,29,69,1.0,10.0,-10.89,0.0,-19.99,40.52
93,530064,삼성 인버스 2X 구리 선물 ETN(H),5,60,14,29,69,1.0,10.0,-10.89,-16.1,-17.95,44.22
93,500028,신한 인버스 2X 다우존스지수 선물 ETN(H),5,60,14,29,69,1.0,10.0,-10.89,-22.55,-17.76,36.93
93,610038,메리츠 레버리지 미국채30년 ETN(H),5,60,14,29,79,1.0,10.0,-10.89,2.81,-19.03,34.41
93,530064,삼성 인버스 2X 구리 선물 ETN(H),5,120,14,34,79,1.0,10.0,-13.0,-16.73,-17.95,44.22
93,550045,N2 인버스 레버리지 S&P500 ETN,5,120,14,34,79,1.0,10.0,-13.0,-31.82,-19.14,41.97
93,570023,한투 인버스 2X S&P500 선물 ETN(H),5,120,14,34,79,1.0,10.0,-13.0,-19.0,-21.96,38.11
93,466810,BNK 2차전지양극재,5,120,14,34,79,1.0,10.0,-13.0,0.0,-20.1,45.74
93,610062,메리츠 인버스 3X 국채30년 ETN,5,120,14,34,79,1.0,10.0,-13.0,0.0,-19.99,40.52
93,500051,신한 인버스 2X S&P500 선물 ETN,5,120,14,34,79,1.0,10.0,-13.0,-14.21,-19.36,45.25
93,500028,신한 인버스 2X 다우존스지수 선물 ETN(H),5,120,14,34,79,1.0,10.0,-13.0,-23.12,-17.76,36.93
93,010400,우진아이엔에스,5,120,14,34,79,1.0,10.0,-13.0,-15.79,-18.51,39.95
93,500051,신한 인버스 2X S&P500 선물 ETN,5,120,14,34,64,1.0,10.0,-13.0,-14.21,-19.36,45.25
93,570023,한투 인버스 2X S&P500 선물 ETN(H),5,120,14,34,64,1.0,10.0,-13.0,-19.0,-21.96,38.11
93,466810,BNK 2차전지양극재,5,120,14,34,64,1.0,10.0,-13.0,0.0,-20.1,45.74
93,610062,메리츠 인버스 3X 국채30년 ETN,5,120,14,34,64,1.0,10.0,-13.0,0.0,-19.99,40.52
93,530064,삼성 인버스 2X 구리 선물 ETN(H),5,120,14,34,64,1.0,10.0,-13.0,-16.73,-17.95,44.22
93,500028,신한 인버스 2X 다우존스지수 선물 ETN(H),5,120,14,34,64,1.0,10.0,-13.0,-23.12,-17.76,36.93
93,010400,우진아이엔에스,5,120,14,34,64,1.0,10.0,-13.0,-15.79,-18.51,39.95
93,469170,ACE 포스코그룹포커스,5,120,14,34,64,1.0,10.0,-13.0,0.0,-22.34,46.12
93,610038,메리츠 레버리지 미국채30년 ETN(H),5,120,14,34,64,1.0,10.0,-13.0,-9.33,-19.03,34.41
93,550045,N2 인버스 레버리지 S&P500 ETN,5,120,14,34,59,1.0,10.0,-13.0,-31.82,-19.14,41.97
93,500051,신한 인버스 2X S&P500 선물 ETN,5,120,14,34,59,1.0,10.0,-13.0,-14.21,-19.36,45.25
93,570023,한투 인버스 2X S&P500 선물 ETN(H),5,120,14,34,59,1.0,10.0,-13.0,-19.0,-21.96,38.11
93,466810,BNK 2차전지양극재,5,120,14,34,59,1.0,10.0,-13.0,0.0,-20.1,45.74
93,610062,메리츠 인버스 3X 국채30년 ETN,5,120,14,34,59,1.0,10.0,-13.0,0.0,-19.99,40.52
93,530064,삼성 인버스 2X 구리 선물 ETN(H),5,120,14,34,59,1.0,10.0,-13.0,-16.73,-17.95,44.22
93,500028,신한 인버스 2X 다우존스지수 선물 ETN(H),5,120,14,34,59,1.0,10.0,-13.0,-23.12,-17.76,36.93
93,010400,우진아이엔에스,5,120,14,34,59,1.0,10.0,-13.0,-15.79,-18.51,39.95
93,469170,ACE 포스코그룹포커스,5,120,14,34,59,1.0,10.0,-13.0,0.0,-22.34,46.12
93,610038,메리츠 레버리지 미국채30년 ETN(H),5,120,14,34,59,1.0,10.0,-13.0,-9.33,-19.03,34.41
93,550045,N2 인버스 레버리지 S&P500 ETN,5,120,14,34,64,1.0,10.0,-13.0,-31.82,-19.14,41.97
93,610038,메리츠 레버리지 미국채30년 ETN(H),5,120,14,34,69,1.0,10.0,-13.0,-9.33,-19.03,34.41
93,469170,ACE 포스코그룹포커스,5,120,14,34,69,1.0,10.0,-13.0,0.0,-22.34,46.12
93,010400,우진아이엔에스,5,120,14,34,74,1.0,10.0,-13.0,-15.79,-18.51,39.95
93,469170,ACE 포스코그룹포커스,5,120,14,34,79,1.0,10.0,-13.0,0.0,-22.34,46.12
93,610038,메리츠 레버리지 미국채30년 ETN(H),5,120,14,34,79,1.0,10.0,-13.0,-9.33,-19.03,34.41
93,500051,신한 인버스 2X S&P500 선물 ETN,5,120,14,34,74,1.0,10.0,-13.0,-14.21,-19.36,45.25
93,570023,한투 인버스 2X S&P500 선물 ETN(H),5,120,14,34,74,1.0,10.0,-13.0,-19.0,-21.96,38.11
93,466810,BNK 2차전지양극재,5,120,14,34,74,1.0,10.0,-13.0,0.0,-20.1,45.74
93,610062,메리츠 인버스 3X 국채30년 ETN,5,120,14,34,74,1.0,10.0,-13.0,0.0,-19.99,40.52
93,530064,삼성 인버스 2X 구리 선물 ETN(H),5,120,14,34,74,1.0,10.0,-13.0,-16.73,-17.95,44.22
93,500028,신한 인버스 2X 다우존스지수 선물 ETN(H),5,120,14,34,74,1.0,10.0,-13.0,-23.12,-17.76,36.93
93,469170,ACE 포스코그룹포커스,5,120,14,34,74,1.0,10.0,-13.0,0.0,-22.34,46.12
93,010400,우진아이엔에스,5,120,14,34,69,1.0,10.0,-13.0,-15.79,-18.51,39.95
93,610038,메리츠 레버리지 미국채30년 ETN(H),5,120,14,34,74,1.0,10.0,-13.0,-9.33,-19.03,34.41
93,550045,N2 인버스 레버리지 S&P500 ETN,5,120,14,34,69,1.0,10.0,-13.0,-31.82,-19.14,41.97
93,500051,신한 인버스 2X S&P500 선물 ETN,5,120,14,34,69,1.0,10.0,-13.0,-14.21,-19.36,45.25
93,570023,한투 인버스 2X S&P500 선물 ETN(H),5,120,14,34,69,1.0,10.0,-13.0,-19.0,-21.96,38.11
93,466810,BNK 2차전지양극재,5,120,14,34,69,1.0,10.0,-13.0,0.0,-20.1,45.74
93,610062,메리츠 인버스 3X 국채30년 ETN,5,120,14,34,69,1.0,10.0,-13.0,0.0,-19.99,40.52
93,530064,삼성 인버스 2X 구리 선물 ETN(H),5,120,14,34,69,1.0,10.0,-13.0,-16.73,-17.95,44.22
93,500028,신한 인버스 2X 다우존스지수 선물 ETN(H),5,120,14,34,69,1.0,10.0,-13.0,-23.12,-17.76,36.93
93,550045,N2 인버스 레버리지 S&P500 ETN,5,120,14,34,74,1.0,10.0,-13.0,-31.82,-19.14,41.97
93,469170,ACE 포스코그룹포커스,5,120,14,34,54,1.0,10.0,-13.31,0.0,-22.34,46.12
93,610038,메리츠 레버리지 미국채30년 ETN(H),5,120,14,34,54,1.0,10.0,-13.31,-9.33,-19.03,34.41
93,466810,BNK 2차전지양극재,5,120,14,34,54,1.0,10.0,-13.31,0.0,-20.1,45.74
93,500028,신한 인버스 2X 다우존스지수 선물 ETN(H),5,120,14,34,54,1.0,10.0,-13.31,-23.12,-17.76,36.93
93,530064,삼성 인버스 2X 구리 선물 ETN(H),5,120,14,34,54,1.0,10.0,-13.31,-16.73,-17.95,44.22
93,610062,메리츠 인버스 3X 국채30년 ETN,5,120,14,34,54,1.0,10.0,-13.31,0.0,-19.99,40.52
93,010400,우진아이엔에스,5,120,14,34,54,1.0,10.0,-13.31,-18.88,-18.51,39.95
93,570023,한투 인버스 2X S&P500 선물 ETN(H),5,120,14,34,54,1.0,10.0,-13.31,-19.0,-21.96,38.11
93,500051,신한 인버스 2X S&P500 선물 ETN,5,120,14,34,54,1.0,10.0,-13.31,-14.21,-19.36,45.25
93,550045,N2 인버스 레버리지 S&P500 ETN,5,120,14,34,54,1.0,10.0,-13.31,-31.82,-19.14,41.97
93,550045,N2 인버스 레버리지 S&P500 ETN,5,60,14,34,54,1.0,10.0,-13.42,-30.34,-19.14,41.97
93,610038,메리츠 레버리지 미국채30년 ETN(H),5,60,14,34,54,1.0,10.0,-13.42,2.81,-19.03,34.41
93,469170,ACE 포스코그룹포커스,5,60,14,34,54,1.0,10.0,-13.42,0.0,-22.34,46.12
93,010400,우진아이엔에스,5,60,14,34,54,1.0,10.0,-13.42,-13.57,-18.51,39.95
93,500028,신한 인버스 2X 다우존스지수 선물 ETN(H),5,60,14,34,54,1.0,10.0,-13.42,-22.55,-17.76,36.93
93,530064,삼성 인버스 2X 구리 선물 ETN(H),5,60,14,34,54,1.0,10.0,-13.42,-16.1,-17.95,44.22
93,610062,메리츠 인버스 3X 국채30년 ETN,5,60,14,34,54,1.0,10.0,-13.42,0.0,-19.99,40.52
93,466810,BNK 2차전지양극재,5,60,14,34,54,1.0,10.0,-13.42,0.0,-20.1,45.74
93,570023,한투 인버스 2X S&P500 선물 ETN(H),5,60,14,34,54,1.0,10.0,-13.42,-31.48,-21.96,38.11
93,500051,신한 인버스 2X S&P500 선물 ETN,5,60,14,34,54,1.0,10.0,-13.42,-22.98,-19.36,45.25
93,469170,ACE 포스코그룹포커스,5,60,14,34,59,1.0,10.0,-13.6,0.0,-22.34,46.12
93,610038,메리츠 레버리지 미국채30년 ETN(H),5,60,14,34,59,1.0,10.0,-13.6,2.81,-19.03,34.41
93,610062,메리츠 인버스 3X 국채30년 ETN,5,60,14,34,69,1.0,10.0,-13.6,0.0,-19.99,40.52
93,530064,삼성 인버스 2X 구리 선물 ETN(H),5,60,14,34,69,1.0,10.0,-13.6,-16.1,-17.95,44.22
93,010400,우진아이엔에스,5,60,14,34,74,1.0,10.0,-13.6,-15.4,-18.51,39.95
93,469170,ACE 포스코그룹포커스,5,60,14,34,74,1.0,10.0,-13.6,0.0,-22.34,46.12
93,610038,메리츠 레버리지 미국채30년 ETN(H),5,60,14,34,74,1.0,10.0,-13.6,2.81,-19.03,34.41
93,550045,N2 인버스 레버리지 S&P500 ETN,5,60,14,34,69,1.0,10.0,-13.6,-30.34,-19.14,41.97
93,570023,한투 인버스 2X S&P500 선물 ETN(H),5,60,14,34,69,1.0,10.0,-13.6,-31.48,-21.96,38.11
93,466810,BNK 2차전지양극재,5,60,14,34,69,1.0,10.0,-13.6,0.0,-20.1,45.74
93,500028,신한 인버스 2X 다우존스지수 선물 ETN(H),5,60,14,34,69,1.0,10.0,-13.6,-22.55,-17.76,36.93
93,610062,메리츠 인버스 3X 국채30년 ETN,5,60,14,34,64,1.0,10.0,-13.6,0.0,-19.99,40.52
93,010400,우진아이엔에스,5,60,14,34,69,1.0,10.0,-13.6,-15.4,-18.51,39.95
93,469170,ACE 포스코그룹포커스,5,60,14,34,69,1.0,10.0,-13.6,0.0,-22.34,46.12
93,610038,메리츠 레버리지 미국채30년 ETN(H),5,60,14,34,69,1.0,10.0,-13.6,2.81,-19.03,34.41
93,550045,N2 인버스 레버리지 S&P500 ETN,5,60,14,34,64,1.0,10.0,-13.6,-30.34,-19.14,41.97
93,500051,신한 인버스 2X S&P500 선물 ETN,5,60,14,34,64,1.0,10.0,-13.6,-22.98,-19.36,45.25
93,570023,한투 인버스 2X S&P500 선물 ETN(H),5,60,14,34,64,1.0,10.0,-13.6,-31.48,-21.96,38.11
93,500028,신한 인버스 2X 다우존스지수 선물 ETN(H),5,60,14,34,74,1.0,10.0,-13.6,-22.55,-17.76,36.93
93,530064,삼성 인버스 2X 구리 선물 ETN(H),5,60,14,34,74,1.0,10.0,-13.6,-16.1,-17.95,44.22
93,610062,메리츠 인버스 3X 국채30년 ETN,5,60,14,34,74,1.0,10.0,-13.6,0.0,-19.99,40.52
93,466810,BNK 2차전지양극재,5,60,14,34,74,1.0,10.0,-13.6,0.0,-20.1,45.74
93,570023,한투 인버스 2X S&P500 선물 ETN(H),5,60,14,34,74,1.0,10.0,-13.6,-31.48,-21.96,38.11
93,500051,신한 인버스 2X S&P500 선물 ETN,5,60,14,34,74,1.0,10.0,-13.6,-22.98,-19.36,45.25
93,550045,N2 인버스 레버리지 S&P500 ETN,5,60,14,34,74,1.0,10.0,-13.6,-30.34,-19.14,41.97
93,610038,메리츠 레버리지 미국채30년 ETN(H),5,60,14,34,79,1.0,10.0,-13.6,2.81,-19.03,34.41
93,469170,ACE 포스코그룹포커스,5,60,14,34,79,1.0,10.0,-13.6,0.0,-22.34,46.12
93,010400,우진아이엔에스,5,60,14,34,79,1.0,10.0,-13.6,-15.4,-18.51,39.95
93,500028,신한 인버스 2X 다우존스지수 선물 ETN(H),5,60,14,34,79,1.0,10.0,-13.6,-22.55,-17.76,36.93
93,530064,삼성 인버스 2X 구리 선물 ETN(H),5,60,14,34,79,1.0,10.0,-13.6,-16.1,-17.95,44.22
93,610062,메리츠 인버스 3X 국채30년 ETN,5,60,14,34,79,1.0,10.0,-13.6,0.0,-19.99,40.52
93,466810,BNK 2차전지양극재,5,60,14,34,79,1.0,10.0,-13.6,0.0,-20.1,45.74
93,570023,한투 인버스 2X S&P500 선물 ETN(H),5,60,14,34,79,1.0,10.0,-13.6,-31.48,-21.96,38.11
93,500051,신한 인버스 2X S&P500 선물 ETN,5,60,14,34,79,1.0,10.0,-13.6,-22.98,-19.36,45.25
93,550045,N2 인버스 레버리지 S&P500 ETN,5,60,14,34,79,1.0,10.0,-13.6,-30.34,-19.14,41.97
93,466810,BNK 2차전지양극재,5,60,14,34,64,1.0,10.0,-13.6,0.0,-20.1,45.74
93,500051,신한 인버스 2X S&P500 선물 ETN,5,60,14,34,69,1.0,10.0,-13.6,-22.98,-19.36,45.25
93,530064,삼성 인버스 2X 구리 선물 ETN(H),5,60,14,34,64,1.0,10.0,-13.6,-16.1,-17.95,44.22
93,530064,삼성 인버스 2X 구리 선물 ETN(H),5,60,14,34,59,1.0,10.0,-13.6,-16.1,-17.95,44.22
93,010400,우진아이엔에스,5,60,14,34,64,1.0,10.0,-13.6,-15.4,-18.51,39.95
93,469170,ACE 포스코그룹포커스,5,60,14,34,64,1.0,10.0,-13.6,0.0,-22.34,46.12
93,610038,메리츠 레버리지 미국채30년 ETN(H),5,60,14,34,64,1.0,10.0,-13.6,2.81,-19.03,34.41
93,550045,N2 인버스 레버리지 S&P500 ETN,5,60,14,34,59,1.0,10.0,-13.6,-30.34,-19.14,41.97
93,500051,신한 인버스 2X S&P500 선물 ETN,5,60,14,34,59,1.0,10.0,-13.6,-22.98,-19.36,45.25
93,500028,신한 인버스 2X 다우존스지수 선물 ETN(H),5,60,14,34,64,1.0,10.0,-13.6,-22.55,-17.76,36.93
93,010400,우진아이엔에스,5,60,14,34,59,1.0,10.0,-13.6,-15.4,-18.51,39.95
93,500028,신한 인버스 2X 다우존스지수 선물 ETN(H),5,60,14,34,59,1.0,10.0,-13.6,-22.55,-17.76,36.93
93,570023,한투 인버스 2X S&P500 선물 ETN(H),5,60,14,34,59,1.0,10.0,-13.6,-31.48,-21.96,38.11
93,466810,BNK 2차전지양극재,5,60,14,34,59,1.0,10.0,-13.6,0.0,-20.1,45.74
93,610062,메리츠 인버스 3X 국채30년 ETN,5,60,14,34,59,1.0,10.0,-13.6,0.0,-19.99,40.52
93,550045,N2 인버스 레버리지 S&P500 ETN,5,60,14,44,69,1.0,10.0,-15.84,-27.85,-19.14,41.97
93,469170,ACE 포스코그룹포커스,5,60,14,49,64,1.0,10.0,-15.84,0.0,-22.34,46.12
93,610038,메리츠 레버리지 미국채30년 ETN(H),5,60,14,49,64,1.0,10.0,-15.84,2.81,-19.03,34.41
93,570023,한투 인버스 2X S&P500 선물 ETN(H),5,60,14,44,69,1.0,10.0,-15.84,-29.71,-21.96,38.11
93,010400,우진아이엔에스,5,60,14,49,64,1.0,10.0,-15.84,-15.4,-18.51,39.95
93,500051,신한 인버스 2X S&P500 선물 ETN,5,60,14,44,69,1.0,10.0,-15.84,-22.98,-19.36,45.25
93,530064,삼성 인버스 2X 구리 선물 ETN(H),5,60,14,44,69,1.0,10.0,-15.84,-6.8,-17.95,44.22
93,466810,BNK 2차전지양극재,5,60,14,44,69,1.0,10.0,-15.84,0.0,-20.1,45.74
93,610062,메리츠 인버스 3X 국채30년 ETN,5,60,14,44,69,1.0,10.0,-15.84,-35.97,-19.99,40.52
93,530064,삼성 인버스 2X 구리 선물 ETN(H),5,60,14,49,64,1.0,10.0,-15.84,-6.8,-17.95,44.22
93,500028,신한 인버스 2X 다우존스지수 선물 ETN(H),5,60,14,44,69,1.0,10.0,-15.84,-22.55,-17.76,36.93
93,010400,우진아이엔에스,5,60,14,44,69,1.0,10.0,-15.84,-15.4,-18.51,39.95
93,469170,ACE 포스코그룹포커스,5,60,14,44,69,1.0,10.0,-15.84,0.0,-22.34,46.12
93,610038,메리츠 레버리지 미국채30년 ETN(H),5,60,14,44,69,1.0,10.0,-15.84,2.81,-19.03,34.41
93,550045,N2 인버스 레버리지 S&P500 ETN,5,60,14,44,64,1.0,10.0,-15.84,-27.85,-19.14,41.97
93,500051,신한 인버스 2X S&P500 선물 ETN,5,60,14,44,64,1.0,10.0,-15.84,-22.98,-19.36,45.25
93,570023,한투 인버스 2X S&P500 선물 ETN(H),5,60,14,44,64,1.0,10.0,-15.84,-29.71,-21.96,38.11
93,466810,BNK 2차전지양극재,5,60,14,44,64,1.0,10.0,-15.84,0.0,-20.1,45.74
93,610062,메리츠 인버스 3X 국채30년 ETN,5,60,14,44,64,1.0,10.0,-15.84,-35.97,-19.99,40.52
93,500028,신한 인버스 2X 다우존스지수 선물 ETN(H),5,60,14,49,64,1.0,10.0,-15.84,-22.55,-17.76,36.93
93,500051,신한 인버스 2X S&P500 선물 ETN,5,60,14,49,64,1.0,10.0,-15.84,-22.98,-19.36,45.25
93,610062,메리츠 인버스 3X 국채30년 ETN,5,60,14,49,64,1.0,10.0,-15.84,-35.97,-19.99,40.52
93,610038,메리츠 레버리지 미국채30년 ETN(H),5,60,14,44,64,1.0,10.0,-15.84,2.81,-19.03,34.41
93,550045,N2 인버스 레버리지 S&P500 ETN,5,60,14,49,69,1.0,10.0,-15.84,-27.85,-19.14,41.97
93,500051,신한 인버스 2X S&P500 선물 ETN,5,60,14,49,69,1.0,10.0,-15.84,-22.98,-19.36,45.25
93,570023,한투 인버스 2X S&P500 선물 ETN(H),5,60,14,49,69,1.0,10.0,-15.84,-29.71,-21.96,38.11
93,466810,BNK 2차전지양극재,5,60,14,49,69,1.0,10.0,-15.84,0.0,-20.1,45.74
93,610062,메리츠 인버스 3X 국채30년 ETN,5,60,14,49,69,1.0,10.0,-15.84,-35.97,-19.99,40.52
93,500028,신한 인버스 2X 다우존스지수 선물 ETN(H),5,60,14,44,64,1.0,10.0,-15.84,-22.55,-17.76,36.93
93,530064,삼성 인버스 2X 구리 선물 ETN(H),5,60,14,49,69,1.0,10.0,-15.84,-6.8,-17.95,44.22
93,466810,BNK 2차전지양극재,5,60,14,49,64,1.0,10.0,-15.84,0.0,-20.1,45.74
93,530064,삼성 인버스 2X 구리 선물 ETN(H),5,60,14,44,64,1.0,10.0,-15.84,-6.8,-17.95,44.22
93,469170,ACE 포스코그룹포커스,5,60,14,44,64,1.0,10.0,-15.84,0.0,-22.34,46.12
93,010400,우진아이엔에스,5,60,14,44,64,1.0,10.0,-15.84,-15.4,-18.51,39.95
93,500028,신한 인버스 2X 다우존스지수 선물 ETN(H),5,60,14,49,69,1.0,10.0,-15.84,-22.55,-17.76,36.93
93,010400,우진아이엔에스,5,60,14,49,69,1.0,10.0,-15.84,-15.4,-18.51,39.95
93,469170,ACE 포스코그룹포커스,5,60,14,49,69,1.0,10.0,-15.84,0.0,-22.34,46.12
93,610038,메리츠 레버리지 미국채30년 ETN(H),5,60,14,49,69,1.0,10.0,-15.84,2.81,-19.03,34.41
93,550045,N2 인버스 레버리지 S&P500 ETN,5,60,14,49,64,1.0,10.0,-15.84,-27.85,-19.14,41.97
93,570023,한투 인버스 2X S&P500 선물 ETN(H),5,60,14,49,64,1.0,10.0,-15.84,-29.71,-21.96,38.11
93,550045,N2 인버스 레버리지 S&P500 ETN,5,60,14,44,54,1.0,10.0,-16.31,-27.85,-19.14,41.97
93,500051,신한 인버스 2X S&P500 선물 ETN,5,60,14,44,54,1.0,10.0,-16.31,-22.98,-19.36,45.25
93,466810,BNK 2차전지양극재,5,60,14,44,54,1.0,10.0,-16.31,0.0,-20.1,45.74
93,610062,메리츠 인버스 3X 국채30년 ETN,5,60,14,44,54,1.0,10.0,-16.31,-35.97,-19.99,40.52
93,530064,삼성 인버스 2X 구리 선물 ETN(H),5,60,14,44,54,1.0,10.0,-16.31,-14.71,-17.95,44.22
93,500028,신한 인버스 2X 다우존스지수 선물 ETN(H),5,60,14,44,54,1.0,10.0,-16.31,-22.55,-17.76,36.93
93,010400,우진아이엔에스,5,60,14,44,54,1.0,10.0,-16.31,-12.17,-18.51,39.95
93,570023,한투 인버스 2X S&P500 선물 ETN(H),5,60,14,44,54,1.0,10.0,-16.31,-29.71,-21.96,38.11
93,610038,메리츠 레버리지 미국채30년 ETN(H),5,60,14,49,54,1.0,10.0,-16.31,2.81,-19.03,34.41
93,610038,메리츠 레버리지 미국채30년 ETN(H),5,60,14,44,54,1.0,10.0,-16.31,2.81,-19.03,34.41
93,469170,ACE 포스코그룹포커스,5,60,14,49,54,1.0,10.0,-16.31,0.0,-22.34,46.12
93,550045,N2 인버스 레버리지 S&P500 ETN,5,60,14,49,54,1.0,10.0,-16.31,-27.85,-19.14,41.97
93,500051,신한 인버스 2X S&P500 선물 ETN,5,60,14,49,54,1.0,10.0,-16.31,-22.98,-19.36,45.25
93,570023,한투 인버스 2X S&P500 선물 ETN(H),5,60,14,49,54,1.0,10.0,-16.31,-29.71,-21.96,38.11
93,466810,BNK 2차전지양극재,5,60,14,49,54,1.0,10.0,-16.31,0.0,-20.1,45.74
93,610062,메리츠 인버스 3X 국채30년 ETN,5,60,14,49,54,1.0,10.0,-16.31,-35.97,-19.99,40.52
93,530064,삼성 인버스 2X 구리 선물 ETN(H),5,60,14,49,54,1.0,10.0,-16.31,-14.71,-17.95,44.22
93,500028,신한 인버스 2X 다우존스지수 선물 ETN(H),5,60,14,49,54,1.0,10.0,-16.31,-22.55,-17.76,36.93
93,469170,ACE 포스코그룹포커스,5,60,14,44,54,1.0,10.0,-16.31,0.0,-22.34,46.12
93,010400,우진아이엔에스,5,60,14,49,54,1.0,10.0,-16.31,-12.17,-18.51,39.95
93,570023,한투 인버스 2X S&P500 선물 ETN(H),5,60,14,39,54,1.0,10.0,-16.45,-29.71,-21.96,38.11
93,466810,BNK 2차전지양극재,5,60,14,39,54,1.0,10.0,-16.45,0.0,-20.1,45.74
93,550045,N2 인버스 레버리지 S&P500 ETN,5,60,14,39,54,1.0,10.0,-16.45,-27.85,-19.14,41.97
93,610062,메리츠 인버스 3X 국채30년 ETN,5,60,14,39,54,1.0,10.0,-16.45,-35.97,-19.99,40.52
93,530064,삼성 인버스 2X 구리 선물 ETN(H),5,60,14,39,54,1.0,10.0,-16.45,-16.1,-17.95,44.22
93,500028,신한 인버스 2X 다우존스지수 선물 ETN(H),5,60,14,39,54,1.0,10.0,-16.45,-22.55,-17.76,36.93
93,010400,우진아이엔에스,5,60,14,39,54,1.0,10.0,-16.45,-12.14,-18.51,39.95
93,469170,ACE 포스코그룹포커스,5,60,14,39,54,1.0,10.0,-16.45,0.0,-22.34,46.12
93,610038,메리츠 레버리지 미국채30년 ETN(H),5,60,14,39,54,1.0,10.0,-16.45,2.81,-19.03,34.41
93,500051,신한 인버스 2X S&P500 선물 ETN,5,60,14,39,54,1.0,10.0,-16.45,-22.98,-19.36,45.25
93,500028,신한 인버스 2X 다우존스지수 선물 ETN(H),5,60,14,49,59,1.0,10.0,-16.68,-22.55,-17.76,36.93
93,010400,우진아이엔에스,5,60,14,49,59,1.0,10.0,-16.68,-15.4,-18.51,39.95
93,500028,신한 인버스 2X 다우존스지수 선물 ETN(H),5,60,14,44,59,1.0,10.0,-16.68,-22.55,-17.76,36.93
93,550045,N2 인버스 레버리지 S&P500 ETN,5,60,14,44,59,1.0,10.0,-16.68,-27.85,-19.14,41.97
93,610038,메리츠 레버리지 미국채30년 ETN(H),5,60,14,44,59,1.0,10.0,-16.68,2.81,-19.03,34.41
93,469170,ACE 포스코그룹포커스,5,60,14,44,59,1.0,10.0,-16.68,0.0,-22.34,46.12
93,010400,우진아이엔에스,5,60,14,44,59,1.0,10.0,-16.68,-15.4,-18.51,39.95
93,530064,삼성 인버스 2X 구리 선물 ETN(H),5,60,14,44,59,1.0,10.0,-16.68,-15.19,-17.95,44.22
93,610062,메리츠 인버스 3X 국채30년 ETN,5,60,14,44,59,1.0,10.0,-16.68,-35.97,-19.99,40.52
93,466810,BNK 2차전지양극재,5,60,14,44,59,1.0,10.0,-16.68,0.0,-20.1,45.74
93,570023,한투 인버스 2X S&P500 선물 ETN(H),5,60,14,44,59,1.0,10.0,-16.68,-29.71,-21.96,38.11
93,500051,신한 인버스 2X S&P500 선물 ETN,5,60,14,44,59,1.0,10.0,-16.68,-22.98,-19.36,45.25
93,530064,삼성 인버스 2X 구리 선물 ETN(H),5,60,14,49,59,1.0,10.0,-16.68,-15.19,-17.95,44.22
93,610062,메리츠 인버스 3X 국채30년 ETN,5,60,14,49,59,1.0,10.0,-16.68,-35.97,-19.99,40.52
93,466810,BNK 2차전지양극재,5,60,14,49,59,1.0,10.0,-16.68,0.0,-20.1,45.74
93,570023,한투 인버스 2X S&P500 선물 ETN(H),5,60,14,49,59,1.0,10.0,-16.68,-29.71,-21.96,38.11
93,500051,신한 인버스 2X S&P500 선물 ETN,5,60,14,49,59,1.0,10.0,-16.68,-22.98,-19.36,45.25
93,550045,N2 인버스 레버리지 S&P500 ETN,5,60,14,49,59,1.0,10.0,-16.68,-27.85,-19.14,41.97
93,610038,메리츠 레버리지 미국채30년 ETN(H),5,60,14,49,59,1.0,10.0,-16.68,2.81,-19.03,34.41
93,469170,ACE 포스코그룹포커스,5,60,14,49,59,1.0,10.0,-16.68,0.0,-22.34,46.12
93,010400,우진아이엔에스,5,60,14,39,64,1.0,10.0,-16.77,-15.4,-18.51,39.95
93,610062,메리츠 인버스 3X 국채30년 ETN,5,60,14,39,59,1.0,10.0,-16.77,-35.97,-19.99,40.52
93,469170,ACE 포스코그룹포커스,5,60,14,39,64,1.0,10.0,-16.77,0.0,-22.34,46.12
93,610038,메리츠 레버리지 미국채30년 ETN(H),5,60,14,39,64,1.0,10.0,-16.77,2.81,-19.03,34.41
93,550045,N2 인버스 레버리지 S&P500 ETN,5,60,14,39,59,1.0,10.0,-16.77,-27.85,-19.14,41.97
93,500051,신한 인버스 2X S&P500 선물 ETN,5,60,14,39,59,1.0,10.0,-16.77,-22.98,-19.36,45.25
93,466810,BNK 2차전지양극재,5,60,14,39,59,1.0,10.0,-16.77,0.0,-20.1,45.74
93,550045,N2 인버스 레버리지 S&P500 ETN,5,60,14,39,79,1.0,10.0,-16.77,-27.85,-19.14,41.97
93,530064,삼성 인버스 2X 구리 선물 ETN(H),5,60,14,39,59,1.0,10.0,-16.77,-16.1,-17.95,44.22
93,500028,신한 인버스 2X 다우존스지수 선물 ETN(H),5,60,14,39,59,1.0,10.0,-16.77,-22.55,-17.76,36.93
93,010400,우진아이엔에스,5,60,14,39,59,1.0,10.0,-16.77,-15.4,-18.51,39.95
93,469170,ACE 포스코그룹포커스,5,60,14,39,59,1.0,10.0,-16.77,0.0,-22.34,46.12
93,610038,메리츠 레버리지 미국채30년 ETN(H),5,60,14,39,59,1.0,10.0,-16.77,2.81,-19.03,34.41
93,530064,삼성 인버스 2X 구리 선물 ETN(H),5,60,14,39,64,1.0,10.0,-16.77,-16.1,-17.95,44.22
93,500051,신한 인버스 2X S&P500 선물 ETN,5,60,14,39,79,1.0,10.0,-16.77,-22.98,-19.36,45.25
93,500028,신한 인버스 2X 다우존스지수 선물 ETN(H),5,60,14,39,64,1.0,10.0,-16.77,-22.55,-17.76,36.93
93,570023,한투 인버스 2X S&P500 선물 ETN(H),5,60,14,39,59,1.0,10.0,-16.77,-29.71,-21.96,38.11
93,610062,메리츠 인버스 3X 국채30년 ETN,5,60,14,39,64,1.0,10.0,-16.77,-35.97,-19.99,40.52
93,610038,메리츠 레버리지 미국채30년 ETN(H),5,60,14,39,79,1.0,10.0,-16.77,2.81,-19.03,34.41
93,530064,삼성 인버스 2X 구리 선물 ETN(H),5,60,14,39,74,1.0,10.0,-16.77,-16.1,-17.95,44.22
93,610062,메리츠 인버스 3X 국채30년 ETN,5,60,14,39,74,1.0,10.0,-16.77,-35.97,-19.99,40.52
93,466810,BNK 2차전지양극재,5,60,14,39,74,1.0,10.0,-16.77,0.0,-20.1,45.74
93,570023,한투 인버스 2X S&P500 선물 ETN(H),5,60,14,39,74,1.0,10.0,-16.77,-29.71,-21.96,38.11
93,500051,신한 인버스 2X S&P500 선물 ETN,5,60,14,39,74,1.0,10.0,-16.77,-22.98,-19.36,45.25
93,466810,BNK 2차전지양극재,5,60,14,39,64,1.0,10.0,-16.77,0.0,-20.1,45.74
93,469170,ACE 포스코그룹포커스,5,60,14,39,79,1.0,10.0,-16.77,0.0,-22.34,46.12
93,010400,우진아이엔에스,5,60,14,39,74,1.0,10.0,-16.77,-15.4,-18.51,39.95
93,010400,우진아이엔에스,5,60,14,39,79,1.0,10.0,-16.77,-15.4,-18.51,39.95
93,500028,신한 인버스 2X 다우존스지수 선물 ETN(H),5,60,14,39,79,1.0,10.0,-16.77,-22.55,-17.76,36.93
93,530064,삼성 인버스 2X 구리 선물 ETN(H),5,60,14,39,79,1.0,10.0,-16.77,-16.1,-17.95,44.22
93,610062,메리츠 인버스 3X 국채30년 ETN,5,60,14,39,79,1.0,10.0,-16.77,-35.97,-19.99,40.52
93,466810,BNK 2차전지양극재,5,60,14,39,79,1.0,10.0,-16.77,0.0,-20.1,45.74
93,570023,한투 인버스 2X S&P500 선물 ETN(H),5,60,14,39,79,1.0,10.0,-16.77,-29.71,-21.96,38.11
93,500028,신한 인버스 2X 다우존스지수 선물 ETN(H),5,60,14,39,74,1.0,10.0,-16.77,-22.55,-17.76,36.93
93,550045,N2 인버스 레버리지 S&P500 ETN,5,60,14,39,74,1.0,10.0,-16.77,-27.85,-19.14,41.97
93,469170,ACE 포스코그룹포커스,5,60,14,39,74,1.0,10.0,-16.77,0.0,-22.34,46.12
93,500028,신한 인버스 2X 다우존스지수 선물 ETN(H),5,60,14,39,69,1.0,10.0,-16.77,-22.55,-17.76,36.93
93,500051,신한 인버스 2X S&P500 선물 ETN,5,60,14,39,64,1.0,10.0,-16.77,-22.98,-19.36,45.25
93,610038,메리츠 레버리지 미국채30년 ETN(H),5,60,14,39,74,1.0,10.0,-16.77,2.81,-19.03,34.41
93,570023,한투 인버스 2X S&P500 선물 ETN(H),5,60,14,39,64,1.0,10.0,-16.77,-29.71,-21.96,38.11
93,550045,N2 인버스 레버리지 S&P500 ETN,5,60,14,39,64,1.0,10.0,-16.77,-27.85,-19.14,41.97
93,610038,메리츠 레버리지 미국채30년 ETN(H),5,60,14,39,69,1.0,10.0,-16.77,2.81,-19.03,34.41
93,010400,우진아이엔에스,5,60,14,39,69,1.0,10.0,-16.77,-15.4,-18.51,39.95
93,469170,ACE 포스코그룹포커스,5,60,14,39,69,1.0,10.0,-16.77,0.0,-22.34,46.12
93,530064,삼성 인버스 2X 구리 선물 ETN(H),5,60,14,39,69,1.0,10.0,-16.77,-16.1,-17.95,44.22
93,610062,메리츠 인버스 3X 국채30년 ETN,5,60,14,39,69,1.0,10.0,-16.77,-35.97,-19.99,40.52
93,466810,BNK 2차전지양극재,5,60,14,39,69,1.0,10.0,-16.77,0.0,-20.1,45.74
93,570023,한투 인버스 2X S&P500 선물 ETN(H),5,60,14,39,69,1.0,10.0,-16.77,-29.71,-21.96,38.11
93,500051,신한 인버스 2X S&P500 선물 ETN,5,60,14,39,69,1.0,10.0,-16.77,-22.98,-19.36,45.25
93,550045,N2 인버스 레버리지 S&P500 ETN,5,60,14,39,69,1.0,10.0,-16.77,-27.85,-19.14,41.97
93,530064,삼성 인버스 2X 구리 선물 ETN(H),5,60,14,49,79,1.0,10.0,-18.28,-31.14,-17.95,44.22
93,500051,신한 인버스 2X S&P500 선물 ETN,5,60,14,49,74,1.0,10.0,-18.28,-22.98,-19.36,45.25
93,500028,신한 인버스 2X 다우존스지수 선물 ETN(H),5,60,14,49,79,1.0,10.0,-18.28,-22.55,-17.76,36.93
93,010400,우진아이엔에스,5,60,14,49,79,1.0,10.0,-18.28,-15.4,-18.51,39.95
93,469170,ACE 포스코그룹포커스,5,60,14,49,79,1.0,10.0,-18.28,0.0,-22.34,46.12
93,610038,메리츠 레버리지 미국채30년 ETN(H),5,60,14,49,79,1.0,10.0,-18.28,2.81,-19.03,34.41
93,550045,N2 인버스 레버리지 S&P500 ETN,5,60,14,49,74,1.0,10.0,-18.28,-27.85,-19.14,41.97
93,010400,우진아이엔에스,5,60,14,49,74,1.0,10.0,-18.28,-15.4,-18.51,39.95
93,570023,한투 인버스 2X S&P500 선물 ETN(H),5,60,14,49,74,1.0,10.0,-18.28,-29.71,-21.96,38.11
93,466810,BNK 2차전지양극재,5,60,14,49,74,1.0,10.0,-18.28,0.0,-20.1,45.74
93,610062,메리츠 인버스 3X 국채30년 ETN,5,60,14,49,74,1.0,10.0,-18.28,-35.97,-19.99,40.52
93,530064,삼성 인버스 2X 구리 선물 ETN(H),5,60,14,49,74,1.0,10.0,-18.28,-31.14,-17.95,44.22
93,500028,신한 인버스 2X 다우존스지수 선물 ETN(H),5,60,14,49,74,1.0,10.0,-18.28,-22.55,-17.76,36.93
93,469170,ACE 포스코그룹포커스,5,60,14,49,74,1.0,10.0,-18.28,0.0,-22.34,46.12
93,610038,메리츠 레버리지 미국채30년 ETN(H),5,60,14,49,74,1.0,10.0,-18.28,2.81,-19.03,34.41
93,466810,BNK 2차전지양극재,5,60,14,49,79,1.0,10.0,-18.28,0.0,-20.1,45.74
93,610062,메리츠 인버스 3X 국채30년 ETN,5,60,14,49,79,1.0,10.0,-18.28,-35.97,-19.99,40.52
93,570023,한투 인버스 2X S&P500 선물 ETN(H),5,60,14,49,79,1.0,10.0,-18.28,-29.71,-21.96,38.11
93,570023,한투 인버스 2X S&P500 선물 ETN(H),5,60,14,44,74,1.0,10.0,-18.28,-29.71,-21.96,38.11
93,610038,메리츠 레버리지 미국채30년 ETN(H),5,60,14,44,79,1.0,10.0,-18.28,2.81,-19.03,34.41
93,469170,ACE 포스코그룹포커스,5,60,14,44,74,1.0,10.0,-18.28,0.0,-22.34,46.12
93,010400,우진아이엔에스,5,60,14,44,74,1.0,10.0,-18.28,-15.4,-18.51,39.95
93,500028,신한 인버스 2X 다우존스지수 선물 ETN(H),5,60,14,44,74,1.0,10.0,-18.28,-22.55,-17.76,36.93
93,530064,삼성 인버스 2X 구리 선물 ETN(H),5,60,14,44,74,1.0,10.0,-18.28,-31.14,-17.95,44.22
93,610062,메리츠 인버스 3X 국채30년 ETN,5,60,14,44,74,1.0,10.0,-18.28,-35.97,-19.99,40.52
93,466810,BNK 2차전지양극재,5,60,14,44,74,1.0,10.0,-18.28,0.0,-20.1,45.74
93,500051,신한 인버스 2X S&P500 선물 ETN,5,60,14,49,79,1.0,10.0,-18.28,-22.98,-19.36,45.25
93,500051,신한 인버스 2X S&P500 선물 ETN,5,60,14,44,74,1.0,10.0,-18.28,-22.98,-19.36,45.25
93,550045,N2 인버스 레버리지 S&P500 ETN,5,60,14,44,74,1.0,10.0,-18.28,-27.85,-19.14,41.97
93,610038,메리츠 레버리지 미국채30년 ETN(H),5,60,14,44,74,1.0,10.0,-18.28,2.81,-19.03,34.41
93,469170,ACE 포스코그룹포커스,5,60,14,44,79,1.0,10.0,-18.28,0.0,-22.34,46.12
93,570023,한투 인버스 2X S&P500 선물 ETN(H),5,60,14,44,79,1.0,10.0,-18.28,-29.71,-21.96,38.11
93,010400,우진아이엔에스,5,60,14,44,79,1.0,10.0,-18.28,-15.4,-18.51,39.95
93,550045,N2 인버스 레버리지 S&P500 ETN,5,60,14,44,79,1.0,10.0,-18.28,-27.85,-19.14,41.97
93,500051,신한 인버스 2X S&P500 선물 ETN,5,60,14,44,79,1.0,10.0,-18.28,-22.98,-19.36,45.25
93,550045,N2 인버스 레버리지 S&P500 ETN,5,60,14,49,79,1.0,10.0,-18.28,-27.85,-19.14,41.97
93,466810,BNK 2차전지양극재,5,60,14,44,79,1.0,10.0,-18.28,0.0,-20.1,45.74
93,610062,메리츠 인버스 3X 국채30년 ETN,5,60,14,44,79,1.0,10.0,-18.28,-35.97,-19.99,40.52
93,530064,삼성 인버스 2X 구리 선물 ETN(H),5,60,14,44,79,1.0,10.0,-18.28,-31.14,-17.95,44.22
93,500028,신한 인버스 2X 다우존스지수 선물 ETN(H),5,60,14,44,79,1.0,10.0,-18.28,-22.55,-17.76,36.93
93,010400,우진아이엔에스,5,120,14,44,54,1.0,10.0,-19.57,-13.04,-18.51,39.95
93,500028,신한 인버스 2X 다우존스지수 선물 ETN(H),5,120,14,44,54,1.0,10.0,-19.57,-23.12,-17.76,36.93
93,530064,삼성 인버스 2X 구리 선물 ETN(H),5,120,14,44,54,1.0,10.0,-19.57,-16.73,-17.95,44.22
93,610062,메리츠 인버스 3X 국채30년 ETN,5,120,14,44,54,1.0,10.0,-19.57,-70.36,-19.99,40.52
93,466810,BNK 2차전지양극재,5,120,14,44,54,1.0,10.0,-19.57,0.0,-20.1,45.74
93,570023,한투 인버스 2X S&P500 선물 ETN(H),5,120,14,44,54,1.0,10.0,-19.57,-19.0,-21.96,38.11
93,500051,신한 인버스 2X S&P500 선물 ETN,5,120,14,44,54,1.0,10.0,-19.57,-14.21,-19.36,45.25
93,550045,N2 인버스 레버리지 S&P500 ETN,5,120,14,44,54,1.0,10.0,-19.57,-29.93,-19.14,41.97
93,610038,메리츠 레버리지 미국채30년 ETN(H),5,120,14,44,54,1.0,10.0,-19.57,-9.33,-19.03,34.41
93,469170,ACE 포스코그룹포커스,5,120,14,44,54,1.0,10.0,-19.57,0.0,-22.34,46.12
93,550045,N2 인버스 레버리지 S&P500 ETN,5,120,14,44,74,1.0,10.0,-19.85,-29.93,-19.14,41.97
93,500028,신한 인버스 2X 다우존스지수 선물 ETN(H),5,120,14,44,59,1.0,10.0,-19.85,-23.12,-17.76,36.93
93,500028,신한 인버스 2X 다우존스지수 선물 ETN(H),5,120,14,44,64,1.0,10.0,-19.85,-23.12,-17.76,36.93
93,010400,우진아이엔에스,5,120,14,44,64,1.0,10.0,-19.85,-15.79,-18.51,39.95
93,469170,ACE 포스코그룹포커스,5,120,14,44,64,1.0,10.0,-19.85,0.0,-22.34,46.12
93,610038,메리츠 레버리지 미국채30년 ETN(H),5,120,14,44,64,1.0,10.0,-19.85,-9.33,-19.03,34.41
93,550045,N2 인버스 레버리지 S&P500 ETN,5,120,14,44,59,1.0,10.0,-19.85,-29.93,-19.14,41.97
93,500051,신한 인버스 2X S&P500 선물 ETN,5,120,14,44,59,1.0,10.0,-19.85,-14.21,-19.36,45.25
93,570023,한투 인버스 2X S&P500 선물 ETN(H),5,120,14,44,59,1.0,10.0,-19.85,-19.0,-21.96,38.11
93,466810,BNK 2차전지양극재,5,120,14,44,59,1.0,10.0,-19.85,0.0,-20.1,45.74
93,610062,메리츠 인버스 3X 국채30년 ETN,5,120,14,44,59,1.0,10.0,-19.85,-70.36,-19.99,40.52
93,530064,삼성 인버스 2X 구리 선물 ETN(H),5,120,14,44,59,1.0,10.0,-19.85,-16.73,-17.95,44.22
93,010400,우진아이엔에스,5,120,14,44,59,1.0,10.0,-19.85,-15.79,-18.51,39.95
93,500051,신한 인버스 2X S&P500 선물 ETN,5,120,14,44,74,1.0,10.0,-19.85,-14.21,-19.36,45.25
93,469170,ACE 포스코그룹포커스,5,120,14,44,59,1.0,10.0,-19.85,0.0,-22.34,46.12
93,610038,메리츠 레버리지 미국채30년 ETN(H),5,120,14,44,59,1.0,10.0,-19.85,-9.33,-19.03,34.41
93,010400,우진아이엔에스,5,120,14,44,79,1.0,10.0,-19.85,-15.79,-18.51,39.95
93,500028,신한 인버스 2X 다우존스지수 선물 ETN(H),5,120,14,44,79,1.0,10.0,-19.85,-23.12,-17.76,36.93
93,530064,삼성 인버스 2X 구리 선물 ETN(H),5,120,14,44,79,1.0,10.0,-19.85,-16.73,-17.95,44.22
93,610062,메리츠 인버스 3X 국채30년 ETN,5,120,14,44,79,1.0,10.0,-19.85,-70.36,-19.99,40.52
93,466810,BNK 2차전지양극재,5,120,14,44,79,1.0,10.0,-19.85,0.0,-20.1,45.74
93,570023,한투 인버스 2X S&P500 선물 ETN(H),5,120,14,44,79,1.0,10.0,-19.85,-19.0,-21.96,38.11
93,500051,신한 인버스 2X S&P500 선물 ETN,5,120,14,44,79,1.0,10.0,-19.85,-14.21,-19.36,45.25
93,550045,N2 인버스 레버리지 S&P500 ETN,5,120,14,44,79,1.0,10.0,-19.85,-29.93,-19.14,41.97
93,469170,ACE 포스코그룹포커스,5,120,14,44,79,1.0,10.0,-19.85,0.0,-22.34,46.12
93,530064,삼성 인버스 2X 구리 선물 ETN(H),5,120,14,44,64,1.0,10.0,-19.85,-16.73,-17.95,44.22
93,610062,메리츠 인버스 3X 국채30년 ETN,5,120,14,44,64,1.0,10.0,-19.85,-70.36,-19.99,40.52
93,466810,BNK 2차전지양극재,5,120,14,44,64,1.0,10.0,-19.85,0.0,-20.1,45.74
93,570023,한투 인버스 2X S&P500 선물 ETN(H),5,120,14,44,74,1.0,10.0,-19.85,-19.0,-21.96,38.11
93,466810,BNK 2차전지양극재,5,120,14,44,74,1.0,10.0,-19.85,0.0,-20.1,45.74
93,610062,메리츠 인버스 3X 국채30년 ETN,5,120,14,44,74,1.0,10.0,-19.85,-70.36,-19.99,40.52
93,530064,삼성 인버스 2X 구리 선물 ETN(H),5,120,14,44,74,1.0,10.0,-19.85,-16.73,-17.95,44.22
93,500028,신한 인버스 2X 다우존스지수 선물 ETN(H),5,120,14,44,74,1.0,10.0,-19.85,-23.12,-17.76,36.93
93,010400,우진아이엔에스,5,120,14,44,74,1.0,10.0,-19.85,-15.79,-18.51,39.95
93,469170,ACE 포스코그룹포커스,5,120,14,44,74,1.0,10.0,-19.85,0.0,-22.34,46.12
93,610038,메리츠 레버리지 미국채30년 ETN(H),5,120,14,44,79,1.0,10.0,-19.85,-9.33,-19.03,34.41
93,550045,N2 인버스 레버리지 S&P500 ETN,5,120,14,44,69,1.0,10.0,-19.85,-29.93,-19.14,41.97
93,500051,신한 인버스 2X S&P500 선물 ETN,5,120,14,44,69,1.0,10.0,-19.85,-14.21,-19.36,45.25
93,570023,한투 인버스 2X S&P500 선물 ETN(H),5,120,14,44,69,1.0,10.0,-19.85,-19.0,-21.96,38.11
93,466810,BNK 2차전지양극재,5,120,14,44,69,1.0,10.0,-19.85,0.0,-20.1,45.74
93,610062,메리츠 인버스 3X 국채30년 ETN,5,120,14,44,69,1.0,10.0,-19.85,-70.36,-19.99,40.52
93,530064,삼성 인버스 2X 구리 선물 ETN(H),5,120,14,44,69,1.0,10.0,-19.85,-16.73,-17.95,44.22
93,500028,신한 인버스 2X 다우존스지수 선물 ETN(H),5,120,14,44,69,1.0,10.0,-19.85,-23.12,-17.76,36.93
93,010400,우진아이엔에스,5,120,14,44,69,1.0,10.0,-19.85,-15.79,-18.51,39.95
93,469170,ACE 포스코그룹포커스,5,120,14,44,69,1.0,10.0,-19.85,0.0,-22.34,46.12
93,610038,메리츠 레버리지 미국채30년 ETN(H),5,120,14,44,69,1.0,10.0,-19.85,-9.33,-19.03,34.41
93,550045,N2 인버스 레버리지 S&P500 ETN,5,120,14,44,64,1.0,10.0,-19.85,-29.93,-19.14,41.97
93,500051,신한 인버스 2X S&P500 선물 ETN,5,120,14,44,64,1.0,10.0,-19.85,-14.21,-19.36,45.25
93,570023,한투 인버스 2X S&P500 선물 ETN(H),5,120,14,44,64,1.0,10.0,-19.85,-19.0,-21.96,38.11
93,610038,메리츠 레버리지 미국채30년 ETN(H),5,120,14,44,74,1.0,10.0,-19.85,-9.33,-19.03,34.41
93,466810,BNK 2차전지양극재,5,120,14,39,69,1.0,10.0,-19.85,0.0,-20.1,45.74
93,550045,N2 인버스 레버리지 S&P500 ETN,5,120,14,39,79,1.0,10.0,-19.85,-29.93,-19.14,41.97
93,610038,메리츠 레버리지 미국채30년 ETN(H),5,120,14,39,64,1.0,10.0,-19.85,-9.33,-19.03,34.41
93,469170,ACE 포스코그룹포커스,5,120,14,39,69,1.0,10.0,-19.85,0.0,-22.34,46.12
93,610038,메리츠 레버리지 미국채30년 ETN(H),5,120,14,39,69,1.0,10.0,-19.85,-9.33,-19.03,34.41
93,550045,N2 인버스 레버리지 S&P500 ETN,5,120,14,39,64,1.0,10.0,-19.85,-29.93,-19.14,41.97
93,500051,신한 인버스 2X S&P500 선물 ETN,5,120,14,39,64,1.0,10.0,-19.85,-14.21,-19.36,45.25
93,570023,한투 인버스 2X S&P500 선물 ETN(H),5,120,14,39,64,1.0,10.0,-19.85,-19.0,-21.96,38.11
93,610062,메리츠 인버스 3X 국채30년 ETN,5,120,14,39,64,1.0,10.0,-19.85,-70.36,-19.99,40.52
93,530064,삼성 인버스 2X 구리 선물 ETN(H),5,120,14,39,64,1.0,10.0,-19.85,-16.73,-17.95,44.22
93,500028,신한 인버스 2X 다우존스지수 선물 ETN(H),5,120,14,39,64,1.0,10.0,-19.85,-23.12,-17.76,36.93
93,010400,우진아이엔에스,5,120,14,39,64,1.0,10.0,-19.85,-15.79,-18.51,39.95
93,469170,ACE 포스코그룹포커스,5,120,14,39,64,1.0,10.0,-19.85,0.0,-22.34,46.12
93,550045,N2 인버스 레버리지 S&P500 ETN,5,120,14,39,59,1.0,10.0,-19.85,-29.93,-19.14,41.97
93,500028,신한 인버스 2X 다우존스지수 선물 ETN(H),5,120,14,39,69,1.0,10.0,-19.85,-23.12,-17.76,36.93
93,500051,신한 인버스 2X S&P500 선물 ETN,5,120,14,39,59,1.0,10.0,-19.85,-14.21,-19.36,45.25
93,570023,한투 인버스 2X S&P500 선물 ETN(H),5,120,14,39,59,1.0,10.0,-19.85,-19.0,-21.96,38.11
93,466810,BNK 2차전지양극재,5,120,14,39,59,1.0,10.0,-19.85,0.0,-20.1,45.74
93,610062,메리츠 인버스 3X 국채30년 ETN,5,120,14,39,59,1.0,10.0,-19.85,-70.36,-19.99,40.52
93,530064,삼성 인버스 2X 구리 선물 ETN(H),5,120,14,39,59,1.0,10.0,-19.85,-16.73,-17.95,44.22
93,500028,신한 인버스 2X 다우존스지수 선물 ETN(H),5,120,14,39,59,1.0,10.0,-19.85,-23.12,-17.76,36.93
93,010400,우진아이엔에스,5,120,14,39,59,1.0,10.0,-19.85,-15.79,-18.51,39.95
93,469170,ACE 포스코그룹포커스,5,120,14,39,59,1.0,10.0,-19.85,0.0,-22.34,46.12
93,610038,메리츠 레버리지 미국채30년 ETN(H),5,120,14,39,59,1.0,10.0,-19.85,-9.33,-19.03,34.41
93,500051,신한 인버스 2X S&P500 선물 ETN,5,120,14,39,79,1.0,10.0,-19.85,-14.21,-19.36,45.25
93,010400,우진아이엔에스,5,120,14,39,69,1.0,10.0,-19.85,-15.79,-18.51,39.95
93,466810,BNK 2차전지양극재,5,120,14,39,64,1.0,10.0,-19.85,0.0,-20.1,45.74
93,530064,삼성 인버스 2X 구리 선물 ETN(H),5,120,14,39,69,1.0,10.0,-19.85,-16.73,-17.95,44.22
93,570023,한투 인버스 2X S&P500 선물 ETN(H),5,120,14,39,74,1.0,10.0,-19.85,-19.0,-21.96,38.11
93,570023,한투 인버스 2X S&P500 선물 ETN(H),5,120,14,39,79,1.0,10.0,-19.85,-19.0,-21.96,38.11
93,466810,BNK 2차전지양극재,5,120,14,39,79,1.0,10.0,-19.85,0.0,-20.1,45.74
93,610062,메리츠 인버스 3X 국채30년 ETN,5,120,14,39,79,1.0,10.0,-19.85,-70.36,-19.99,40.52
93,530064,삼성 인버스 2X 구리 선물 ETN(H),5,120,14,39,79,1.0,10.0,-19.85,-16.73,-17.95,44.22
93,610062,메리츠 인버스 3X 국채30년 ETN,5,120,14,39,69,1.0,10.0,-19.85,-70.36,-19.99,40.52
93,010400,우진아이엔에스,5,120,14,39,79,1.0,10.0,-19.85,-15.79,-18.51,39.95
93,469170,ACE 포스코그룹포커스,5,120,14,39,79,1.0,10.0,-19.85,0.0,-22.34,46.12
93,610038,메리츠 레버리지 미국채30년 ETN(H),5,120,14,39,79,1.0,10.0,-19.85,-9.33,-19.03,34.41
93,550045,N2 인버스 레버리지 S&P500 ETN,5,120,14,39,74,1.0,10.0,-19.85,-29.93,-19.14,41.97
93,500051,신한 인버스 2X S&P500 선물 ETN,5,120,14,39,74,1.0,10.0,-19.85,-14.21,-19.36,45.25
93,500028,신한 인버스 2X 다우존스지수 선물 ETN(H),5,120,14,39,79,1.0,10.0,-19.85,-23.12,-17.76,36.93
93,466810,BNK 2차전지양극재,5,120,14,39,74,1.0,10.0,-19.85,0.0,-20.1,45.74
93,530064,삼성 인버스 2X 구리 선물 ETN(H),5,120,14,39,74,1.0,10.0,-19.85,-16.73,-17.95,44.22
93,500028,신한 인버스 2X 다우존스지수 선물 ETN(H),5,120,14,39,74,1.0,10.0,-19.85,-23.12,-17.76,36.93
93,010400,우진아이엔에스,5,120,14,39,74,1.0,10.0,-19.85,-15.79,-18.51,39.95
93,469170,ACE 포스코그룹포커스,5,120,14,39,74,1.0,10.0,-19.85,0.0,-22.34,46.12
93,570023,한투 인버스 2X S&P500 선물 ETN(H),5,120,14,39,69,1.0,10.0,-19.85,-19.0,-21.96,38.11
93,610038,메리츠 레버리지 미국채30년 ETN(H),5,120,14,39,74,1.0,10.0,-19.85,-9.33,-19.03,34.41
93,550045,N2 인버스 레버리지 S&P500 ETN,5,120,14,39,69,1.0,10.0,-19.85,-29.93,-19.14,41.97
93,500051,신한 인버스 2X S&P500 선물 ETN,5,120,14,39,69,1.0,10.0,-19.85,-14.21,-19.36,45.25
93,610062,메리츠 인버스 3X 국채30년 ETN,5,120,14,39,74,1.0,10.0,-19.85,-70.36,-19.99,40.52
93,530064,삼성 인버스 2X 구리 선물 ETN(H),5,120,14,39,54,1.0,10.0,-20.16,-16.73,-17.95,44.22
93,610038,메리츠 레버리지 미국채30년 ETN(H),5,120,14,39,54,1.0,10.0,-20.16,-9.33,-19.03,34.41
93,469170,ACE 포스코그룹포커스,5,120,14,39,54,1.0,10.0,-20.16,0.0,-22.34,46.12
93,010400,우진아이엔에스,5,120,14,39,54,1.0,10.0,-20.16,-18.88,-18.51,39.95
93,500028,신한 인버스 2X 다우존스지수 선물 ETN(H),5,120,14,39,54,1.0,10.0,-20.16,-23.12,-17.76,36.93
93,570023,한투 인버스 2X S&P500 선물 ETN(H),5,120,14,39,54,1.0,10.0,-20.16,-19.0,-21.96,38.11
93,610062,메리츠 인버스 3X 국채30년 ETN,5,120,14,39,54,1.0,10.0,-20.16,-70.36,-19.99,40.52
93,466810,BNK 2차전지양극재,5,120,14,39,54,1.0,10.0,-20.16,0.0,-20.1,45.74
93,500051,신한 인버스 2X S&P500 선물 ETN,5,120,14,39,54,1.0,10.0,-20.16,-14.21,-19.36,45.25
93,550045,N2 인버스 레버리지 S&P500 ETN,5,120,14,39,54,1.0,10.0,-20.16,-29.93,-19.14,41.97
93,610062,메리츠 인버스 3X 국채30년 ETN,5,120,14,49,54,1.0,10.0,-20.92,-70.36,-19.99,40.52
93,550045,N2 인버스 레버리지 S&P500 ETN,5,120,14,49,54,1.0,10.0,-20.92,-29.93,-19.14,41.97
93,500051,신한 인버스 2X S&P500 선물 ETN,5,120,14,49,54,1.0,10.0,-20.92,-14.21,-19.36,45.25
93,570023,한투 인버스 2X S&P500 선물 ETN(H),5,120,14,49,54,1.0,10.0,-20.92,-32.48,-21.96,38.11
93,466810,BNK 2차전지양극재,5,120,14,49,54,1.0,10.0,-20.92,0.0,-20.1,45.74
93,610038,메리츠 레버리지 미국채30년 ETN(H),5,120,14,49,54,1.0,10.0,-20.92,-9.33,-19.03,34.41
93,530064,삼성 인버스 2X 구리 선물 ETN(H),5,120,14,49,54,1.0,10.0,-20.92,-16.73,-17.95,44.22
93,469170,ACE 포스코그룹포커스,5,120,14,49,54,1.0,10.0,-20.92,0.0,-22.34,46.12
93,500028,신한 인버스 2X 다우존스지수 선물 ETN(H),5,120,14,49,54,1.0,10.0,-20.92,-23.12,-17.76,36.93
93,010400,우진아이엔에스,5,120,14,49,54,1.0,10.0,-20.92,-13.04,-18.51,39.95
93,466810,BNK 2차전지양극재,5,120,14,49,74,1.0,10.0,-21.19,0.0,-20.1,45.74
93,466810,BNK 2차전지양극재,5,120,14,49,69,1.0,10.0,-21.19,0.0,-20.1,45.74
93,570023,한투 인버스 2X S&P500 선물 ETN(H),5,120,14,49,69,1.0,10.0,-21.19,-32.48,-21.96,38.11
93,500051,신한 인버스 2X S&P500 선물 ETN,5,120,14,49,69,1.0,10.0,-21.19,-14.21,-19.36,45.25
93,550045,N2 인버스 레버리지 S&P500 ETN,5,120,14,49,69,1.0,10.0,-21.19,-29.93,-19.14,41.97
93,610038,메리츠 레버리지 미국채30년 ETN(H),5,120,14,49,74,1.0,10.0,-21.19,-9.33,-19.03,34.41
93,469170,ACE 포스코그룹포커스,5,120,14,49,74,1.0,10.0,-21.19,0.0,-22.34,46.12
93,010400,우진아이엔에스,5,120,14,49,74,1.0,10.0,-21.19,-15.79,-18.51,39.95
93,500028,신한 인버스 2X 다우존스지수 선물 ETN(H),5,120,14,49,74,1.0,10.0,-21.19,-23.12,-17.76,36.93
93,530064,삼성 인버스 2X 구리 선물 ETN(H),5,120,14,49,74,1.0,10.0,-21.19,-16.73,-17.95,44.22
93,610062,메리츠 인버스 3X 국채30년 ETN,5,120,14,49,74,1.0,10.0,-21.19,-70.36,-19.99,40.52
93,570023,한투 인버스 2X S&P500 선물 ETN(H),5,120,14,49,74,1.0,10.0,-21.19,-32.48,-21.96,38.11
93,500051,신한 인버스 2X S&P500 선물 ETN,5,120,14,49,79,1.0,10.0,-21.19,-14.21,-19.36,45.25
93,610062,메리츠 인버스 3X 국채30년 ETN,5,120,14,49,69,1.0,10.0,-21.19,-70.36,-19.99,40.52
93,550045,N2 인버스 레버리지 S&P500 ETN,5,120,14,49,74,1.0,10.0,-21.19,-29.93,-19.14,41.97
93,610038,메리츠 레버리지 미국채30년 ETN(H),5,120,14,49,79,1.0,10.0,-21.19,-9.33,-19.03,34.41
93,469170,ACE 포스코그룹포커스,5,120,14,49,79,1.0,10.0,-21.19,0.0,-22.34,46.12
93,010400,우진아이엔에스,5,120,14,49,79,1.0,10.0,-21.19,-15.79,-18.51,39.95
93,500028,신한 인버스 2X 다우존스지수 선물 ETN(H),5,120,14,49,79,1.0,10.0,-21.19,-23.12,-17.76,36.93
93,530064,삼성 인버스 2X 구리 선물 ETN(H),5,120,14,49,79,1.0,10.0,-21.19,-16.73,-17.95,44.22
93,610062,메리츠 인버스 3X 국채30년 ETN,5,120,14,49,79,1.0,10.0,-21.19,-70.36,-19.99,40.52
93,466810,BNK 2차전지양극재,5,120,14,49,79,1.0,10.0,-21.19,0.0,-20.1,45.74
93,570023,한투 인버스 2X S&P500 선물 ETN(H),5,120,14,49,79,1.0,10.0,-21.19,-32.48,-21.96,38.11
93,500051,신한 인버스 2X S&P500 선물 ETN,5,120,14,49,74,1.0,10.0,-21.19,-14.21,-19.36,45.25
93,500028,신한 인버스 2X 다우존스지수 선물 ETN(H),5,120,14,49,69,1.0,10.0,-21.19,-23.12,-17.76,36.93
93,530064,삼성 인버스 2X 구리 선물 ETN(H),5,120,14,49,69,1.0,10.0,-21.19,-16.73,-17.95,44.22
93,610038,메리츠 레버리지 미국채30년 ETN(H),5,120,14,49,64,1.0,10.0,-21.19,-9.33,-19.03,34.41
93,610038,메리츠 레버리지 미국채30년 ETN(H),5,120,14,49,59,1.0,10.0,-21.19,-9.33,-19.03,34.41
93,469170,ACE 포스코그룹포커스,5,120,14,49,59,1.0,10.0,-21.19,0.0,-22.34,46.12
93,010400,우진아이엔에스,5,120,14,49,59,1.0,10.0,-21.19,-15.79,-18.51,39.95
93,500028,신한 인버스 2X 다우존스지수 선물 ETN(H),5,120,14,49,59,1.0,10.0,-21.19,-23.12,-17.76,36.93
93,530064,삼성 인버스 2X 구리 선물 ETN(H),5,120,14,49,59,1.0,10.0,-21.19,-16.73,-17.95,44.22
93,610062,메리츠 인버스 3X 국채30년 ETN,5,120,14,49,59,1.0,10.0,-21.19,-70.36,-19.99,40.52
93,466810,BNK 2차전지양극재,5,120,14,49,59,1.0,10.0,-21.19,0.0,-20.1,45.74
93,570023,한투 인버스 2X S&P500 선물 ETN(H),5,120,14,49,59,1.0,10.0,-21.19,-32.48,-21.96,38.11
93,500051,신한 인버스 2X S&P500 선물 ETN,5,120,14,49,59,1.0,10.0,-21.19,-14.21,-19.36,45.25
93,550045,N2 인버스 레버리지 S&P500 ETN,5,120,14,49,59,1.0,10.0,-21.19,-29.93,-19.14,41.97
93,469170,ACE 포스코그룹포커스,5,120,14,49,64,1.0,10.0,-21.19,0.0,-22.34,46.12
93,010400,우진아이엔에스,5,120,14,49,69,1.0,10.0,-21.19,-15.79,-18.51,39.95
93,010400,우진아이엔에스,5,120,14,49,64,1.0,10.0,-21.19,-15.79,-18.51,39.95
93,500028,신한 인버스 2X 다우존스지수 선물 ETN(H),5,120,14,49,64,1.0,10.0,-21.19,-23.12,-17.76,36.93
93,530064,삼성 인버스 2X 구리 선물 ETN(H),5,120,14,49,64,1.0,10.0,-21.19,-16.73,-17.95,44.22
93,610062,메리츠 인버스 3X 국채30년 ETN,5,120,14,49,64,1.0,10.0,-21.19,-70.36,-19.99,40.52
93,466810,BNK 2차전지양극재,5,120,14,49,64,1.0,10.0,-21.19,0.0,-20.1,45.74
93,570023,한투 인버스 2X S&P500 선물 ETN(H),5,120,14,49,64,1.0,10.0,-21.19,-32.48,-21.96,38.11
93,500051,신한 인버스 2X S&P500 선물 ETN,5,120,14,49,64,1.0,10.0,-21.19,-14.21,-19.36,45.25
93,550045,N2 인버스 레버리지 S&P500 ETN,5,120,14,49,64,1.0,10.0,-21.19,-29.93,-19.14,41.97
93,610038,메리츠 레버리지 미국채30년 ETN(H),5,120,14,49,69,1.0,10.0,-21.19,-9.33,-19.03,34.41
93,469170,ACE 포스코그룹포커스,5,120,14,49,69,1.0,10.0,-21.19,0.0,-22.34,46.12
93,550045,N2 인버스 레버리지 S&P500 ETN,5,120,14,49,79,1.0,10.0,-21.19,-29.93,-19.14,41.97
